<?xml version="1.0" encoding="UTF-8"?>
<clinical_study rank="4113">
  <!-- This xml conforms to an XML Schema at:
    https://clinicaltrials.gov/ct2/html/images/info/public.xsd -->
  <required_header>
    <download_date>ClinicalTrials.gov processed this data on February 18, 2021</download_date>
    <link_text>Link to the current ClinicalTrials.gov record.</link_text>
    <url>https://clinicaltrials.gov/show/NCT04374942</url>
  </required_header>
  <id_info>
    <org_study_id>HEROs Protocol 1.5</org_study_id>
    <secondary_id>ISRCTN14326006</secondary_id>
    <nct_id>NCT04374942</nct_id>
  </id_info>
  <brief_title>Does Hydroxychloroquine Before &amp; During Patient Exposure Protect Healthcare Workers From Coronavirus?</brief_title>
  <acronym>HEROs</acronym>
  <official_title>Protecting Frontline Health Care Workers From COVID-19 With Hydroxychloroquine Pre-exposure Prophylaxis: A Randomized, Placebo-controlled Multi-Site Trial in Toronto, Canada</official_title>
  <sponsors>
    <lead_sponsor>
      <agency>Megan Landes</agency>
      <agency_class>Other</agency_class>
    </lead_sponsor>
  </sponsors>
  <source>University Health Network, Toronto</source>
  <oversight_info>
    <has_dmc>Yes</has_dmc>
    <is_fda_regulated_drug>No</is_fda_regulated_drug>
    <is_fda_regulated_device>No</is_fda_regulated_device>
    <is_us_export>No</is_us_export>
  </oversight_info>
  <brief_summary>
    <textblock>
      On 11 March 2020, the World Health Organization declared SARS-CoV-2 (commonly called&#xD;
      COVID-19) a global pandemic. As in any pandemic, maintaining the health and safety of the&#xD;
      healthcare workforce is of great importance as health care workers (HCW) remain a critical&#xD;
      line of defence against the spread of COVID-19 and play a vital role in the recovery of those&#xD;
      already infected. Frontline HCW, such as those in the emergency department (ED), are at high&#xD;
      risk of contracting COVID-19 due to their close proximity to patients who may have the virus.&#xD;
      The impact of frontline HCW becoming ill and thus unable to go to work is equally high, and&#xD;
      of grave risk to the function of the healthcare system and the ability to minimize the impact&#xD;
      of the current pandemic. This study aims to evaluate whether hydroxychloroquine (HCQ), a&#xD;
      well-tolerated drug typically used in the prevention of malaria transmission and rheumatic&#xD;
      disease, taken before and during exposure to patients with COVID-19, is effective at reducing&#xD;
      COVID-19 infections among ED health care workers.&#xD;
    </textblock>
  </brief_summary>
  <detailed_description>
    <textblock>
      On March 11th, 2020, the World Health Organization (WHO) declared coronavirus disease&#xD;
      (COVID-19) caused by severe acute respiratory virus coronavirus 2 (SARS-CoV-2) a pandemic. As&#xD;
      of March 22, 2020 there have been over 267,013 confirmed cases and 11,201 deaths in 185&#xD;
      different countries or regions; it is quickly overwhelming health care systems worldwide to&#xD;
      detrimental effect. Even with current moderate interventions imposed, estimates predict that&#xD;
      10-18% of the Canadian population will be infected with the virus by its peak in July. Health&#xD;
      care workers (HCWs) remain a critical line of defence in the fight against this pandemic and&#xD;
      maintaining their health is not only an important social responsibility of the government,&#xD;
      but it is also of vital national interest to treat and control others infected with this&#xD;
      virus or sick with other disease.&#xD;
&#xD;
      Estimates from China indicate that HCWs make up 3.8% of cases, while in Italy it is reported&#xD;
      to be much higher - 8.3%. Early numbers from front-line workers in Italy suggested up to 20%&#xD;
      of HCWs become infected with COVID-19, and these rates are approximately 3 times higher than&#xD;
      the general population. When HCWs become sick, not only do they risk dying, but they also&#xD;
      must take weeks away from work limiting the ability of the health care system to function.&#xD;
      The fear associated with becoming ill also causes higher rates of missed work and higher&#xD;
      rates of burnout, as seen with previous outbreaks. It is also now clear that asymptomatic&#xD;
      transmission of COVID-19 not only occurs, but may even be the most important factor in spread&#xD;
      of the virus. HCWs may therefore become vectors of viral spread to those who are the most&#xD;
      vulnerable in other areas of the hospital. Preventing HCWs from acquiring SARS-CoV-2 should&#xD;
      therefore be of the utmost importance to national interests.&#xD;
&#xD;
      Repurposing drugs already known to be safe and tolerable in humans provides a major advantage&#xD;
      in a pandemic where time is critical. Of candidate drugs, chloroquine (CQ) and its derivative&#xD;
      hydroxychloroquine (HCQ), have shown some promise. Originally an anti-malarial medication, CQ&#xD;
      exerts direct antiviral effects by inhibiting pH-dependent steps of the replication of&#xD;
      several viruses, including coronaviruses. It also has immunomodulatory effects, suppressing&#xD;
      the release of TNFα and IL-6, which are involved in the inflammatory complications of several&#xD;
      viral diseases. In vitro data has shown that CQ potently blocks virus infection at low&#xD;
      micromolar concentrations with a high selectivity index. CQ is also widely distributed&#xD;
      throughout the body, including the lungs, after oral administration. An early clinical trial&#xD;
      of more than 100 COVID-19 patients in China reported that CQ was superior to placebo in&#xD;
      inhibiting pneumonia, improving lung imaging, promoting viral seroconversion, and shortening&#xD;
      the disease course, although data was not released. Based on those results experts in China&#xD;
      recommended CQ 500mg twice daily for ten days in all patients with COVID-19. HCQ has also&#xD;
      been shown to also have anti-SARS-CoV-2 activity in vitro and may actually be more potent. It&#xD;
      has a better safety profile than CQ (during long term use), and allows a higher daily dose,&#xD;
      with fewer concerns of drug-drug interactions. Preliminary clinical data also suggests that&#xD;
      HCQ may lead to significantly faster viral clearance in COVID-19 patients as assessed by&#xD;
      nasopharyngeal swab (70% vs. 12.5%, p=0.001).&#xD;
&#xD;
      Pre-exposure prophylaxis (PrEP) offers the ability to protect front-line HCWs from illness,&#xD;
      decrease nosocomial spread of SARS-CoV-2, and prevent loss of work force due to illness.&#xD;
      Rigorous testing of HCQ for this purpose is critical at this time. The investigators&#xD;
      therefore aim to conduct the first randomized placebo-controlled trial of HCQ to prevent&#xD;
      COVID-19 infections in emergency departments (ED) as they prepare for escalating rates of&#xD;
      COVID-19 in Toronto, Canada.&#xD;
    </textblock>
  </detailed_description>
  <overall_status>Enrolling by invitation</overall_status>
  <start_date type="Actual">April 30, 2020</start_date>
  <completion_date type="Anticipated">January 30, 2022</completion_date>
  <primary_completion_date type="Anticipated">August 27, 2020</primary_completion_date>
  <phase>Phase 3</phase>
  <study_type>Interventional</study_type>
  <has_expanded_access>No</has_expanded_access>
  <study_design_info>
    <allocation>Randomized</allocation>
    <intervention_model>Parallel Assignment</intervention_model>
    <intervention_model_description>The HEROS study is a double-blind, randomized placebo controlled trial of oral HCQ 400 mg taken once daily for three months as PrEP to prevent COVID-19 in health care workers in the emergency department.</intervention_model_description>
    <primary_purpose>Prevention</primary_purpose>
    <masking>Quadruple (Participant, Care Provider, Investigator, Outcomes Assessor)</masking>
    <masking_description>This trial is fully-blinded, at the level of the participant, study coordinator, and investigator. Study drug and placebo will be identical in appearance and will be provided by the manufacturer. They will be packaged in identical bottles and dispensed by the Research Clinical Trials Pharmacy at UHN.</masking_description>
  </study_design_info>
  <primary_outcome>
    <measure>Microbiologically confirmed COVID-19 (SARS-CoV-2 infection)</measure>
    <time_frame>Samples collected at day 0, 30, 60, 90 and 120</time_frame>
    <description>This is a composite endpoint which includes any positive result from a validated SARS-CoV-2 diagnostic assay including detection of viral RNA, or seroconversion by day 104 (14 days after end of the randomization period).</description>
  </primary_outcome>
  <secondary_outcome>
    <measure>Adverse events</measure>
    <time_frame>Assessed at day 30, 60, 90, and day 120</time_frame>
    <description>Assessed using the DAIDS Table for Grading the Severity of Adverse Events</description>
  </secondary_outcome>
  <secondary_outcome>
    <measure>Symptom duration of COVID-19</measure>
    <time_frame>Collected every 7 days from day 7 to day 120</time_frame>
    <description>Collected weekly from participants via self-report, sent by email</description>
  </secondary_outcome>
  <secondary_outcome>
    <measure>Days of hospitalization attributable to COVID-19</measure>
    <time_frame>Collected every 7 days from day 7 to day 120</time_frame>
    <description>The number of days (or partial days) spent admitted to an acute care hospital during the study period</description>
  </secondary_outcome>
  <secondary_outcome>
    <measure>Respiratory failure requiring ventilatory support attributable to COVID-19</measure>
    <time_frame>Collected every 7 days from day 7 to day 120</time_frame>
    <description>the number of days (or partial days) requiring i) non-invasive and ii) endotracheal intubation with ventilation during the study period</description>
  </secondary_outcome>
  <secondary_outcome>
    <measure>Mortality</measure>
    <time_frame>Collected every 7 days from day 7 to day 120</time_frame>
    <description>Mortality attributable to COVID-19 and all-cause mortality during the study period</description>
  </secondary_outcome>
  <secondary_outcome>
    <measure>Impact on work eligibility</measure>
    <time_frame>Collected every 7 days from day 7 to day 120</time_frame>
    <description>Number of days ineligible/unable to work due to COVID-19</description>
  </secondary_outcome>
  <secondary_outcome>
    <measure>Seropositivity</measure>
    <time_frame>Blood collected at day 0, 30, 60, 90, 120</time_frame>
    <description>COVID-19 reactive serology</description>
  </secondary_outcome>
  <secondary_outcome>
    <measure>Short-term psychological impact</measure>
    <time_frame>Measured at day 1, 60, 120</time_frame>
    <description>Short-term psychological impact of exposure to COVID-19 measured using the K10, a validated measure of non-specific psychological distress, with a standard cutoff score of ≥16</description>
  </secondary_outcome>
  <number_of_arms>2</number_of_arms>
  <enrollment type="Anticipated">988</enrollment>
  <condition>Pre-Exposure Prophylaxis</condition>
  <condition>Coronavirus</condition>
  <condition>SARS-CoV 2</condition>
  <arm_group>
    <arm_group_label>Study drug arm</arm_group_label>
    <arm_group_type>Experimental</arm_group_type>
    <description>50% of participants will be randomized to the study drug arm, and will take 400mg hydroxychloroquine orally once a day for three months (Day 1-90).</description>
  </arm_group>
  <arm_group>
    <arm_group_label>Placebo arm</arm_group_label>
    <arm_group_type>Placebo Comparator</arm_group_type>
    <description>50% of participants will be randomized to the placebo arm, and will take placebo orally once a day for three months (Day 1-90).</description>
  </arm_group>
  <intervention>
    <intervention_type>Drug</intervention_type>
    <intervention_name>Hydroxychloroquine</intervention_name>
    <description>Oral Hydroxychloroquine, 400 mg taken once daily, for three months as pre-exposure prophylaxis to prevent COVID-19 in health care workers in the emergency department.</description>
    <arm_group_label>Study drug arm</arm_group_label>
  </intervention>
  <intervention>
    <intervention_type>Drug</intervention_type>
    <intervention_name>Placebo oral tablet</intervention_name>
    <description>Placebo pill (same formula as Hydroxychloroquine without active ingredient) taken once daily, for three months.</description>
    <arm_group_label>Placebo arm</arm_group_label>
  </intervention>
  <eligibility>
    <criteria>
      <textblock>
        Inclusion Criteria:&#xD;
&#xD;
          -  Health care worker (HCW) in the emergency department who is anticipated to work at&#xD;
             least 10 shifts over the duration of the study period (minimum 6 hours per shift) and&#xD;
             anticipated to remain in the emergency department for the duration of the study (i.e.,&#xD;
             not transferring to another unit). For the purposes of the study, &quot;health care&#xD;
             workers&quot; are physicians (including residents), nurses, nurse practitioners, physician&#xD;
             assistants, respiratory therapists, X-ray technicians, social workers and support&#xD;
             staff (including but not limited to house-keeping, and porters).&#xD;
&#xD;
          -  Age ≥18 years.&#xD;
&#xD;
          -  Ability to communicate with study staff in English&#xD;
&#xD;
        Exclusion Criteria:&#xD;
&#xD;
          -  Currently pregnant, planning to become pregnant during the study period, and/or breast&#xD;
             feeding&#xD;
&#xD;
          -  Known hypersensitivity/allergy to hydroxychloroquine or to 4-aminoquinoline compounds.&#xD;
&#xD;
          -  Current use of hydroxychloroquine for the treatment of a medical condition.&#xD;
&#xD;
          -  Known prolonged QT syndrome, or concomitant medications which simultaneously may&#xD;
             prolong the QTC that cannot be temporarily suspended/replaced. These are including but&#xD;
             not limited to Class IA, IC and III antiarrhythmics; certain antidepressants,&#xD;
             antipsychotics, and anti-infectives; domperidone; 5-hydroxytryptamine (5-HT)3 receptor&#xD;
             antagonists; kinase inhibitors; histone deacetylase inhibitors beta-2 adrenoceptor&#xD;
             agonists.&#xD;
&#xD;
          -  Known pre-existing retinopathy.&#xD;
&#xD;
          -  Disclosure of self-administered use of hydroxychloroquine or chloroquine within 12&#xD;
             weeks prior to study. This window allows five half-lives of HCQ (i.e. 21 days) to pass&#xD;
             before being reintroduced to the drug.&#xD;
&#xD;
          -  Confirmed symptomatic COVID-19 at time of enrollment, i.e. symptom of COVID-19 at&#xD;
             enrollment with confirmation of SARS-CoV-2 infection by viral detection as performed&#xD;
             according to local guidelines for symptomatic HCWs. All participants with COVID-19&#xD;
             symptoms at enrollment will be directed to have confirmatory testing (within the&#xD;
             department or occupational health as per the site guidelines). Participants who are&#xD;
             negative for SARS-CoV-2 will be redirected to enrollment procedures; those testing&#xD;
             positive will be excluded.&#xD;
      </textblock>
    </criteria>
    <gender>All</gender>
    <minimum_age>18 Years</minimum_age>
    <maximum_age>N/A</maximum_age>
    <healthy_volunteers>No</healthy_volunteers>
  </eligibility>
  <overall_official>
    <last_name>Megan Landes, MD</last_name>
    <role>Principal Investigator</role>
    <affiliation>University Health Network, Toronto</affiliation>
  </overall_official>
  <overall_official>
    <last_name>Kevin Kain, MD</last_name>
    <role>Principal Investigator</role>
    <affiliation>University Health Network, Toronto</affiliation>
  </overall_official>
  <location>
    <facility>
      <name>University Health Network</name>
      <address>
        <city>Toronto</city>
        <state>Ontario</state>
        <zip>M5G2C4</zip>
        <country>Canada</country>
      </address>
    </facility>
  </location>
  <location_countries>
    <country>Canada</country>
  </location_countries>
  <verification_date>May 2020</verification_date>
  <study_first_submitted>April 30, 2020</study_first_submitted>
  <study_first_submitted_qc>April 30, 2020</study_first_submitted_qc>
  <study_first_posted type="Actual">May 5, 2020</study_first_posted>
  <last_update_submitted>May 6, 2020</last_update_submitted>
  <last_update_submitted_qc>May 6, 2020</last_update_submitted_qc>
  <last_update_posted type="Actual">May 8, 2020</last_update_posted>
  <responsible_party>
    <responsible_party_type>Sponsor-Investigator</responsible_party_type>
    <investigator_affiliation>University Health Network, Toronto</investigator_affiliation>
    <investigator_full_name>Megan Landes</investigator_full_name>
    <investigator_title>Attending Physician, Emergency Department</investigator_title>
  </responsible_party>
  <keyword>Hydroxychloroquine</keyword>
  <keyword>PrEP</keyword>
  <keyword>Pre-exposure Prophylaxis</keyword>
  <keyword>COVID-19</keyword>
  <keyword>Coronavirus</keyword>
  <keyword>SARS-CoV 2</keyword>
  <condition_browse>
    <!-- CAUTION:  The following MeSH terms are assigned with an imperfect algorithm            -->
    <mesh_term>Coronavirus Infections</mesh_term>
  </condition_browse>
  <intervention_browse>
    <!-- CAUTION:  The following MeSH terms are assigned with an imperfect algorithm            -->
    <mesh_term>Hydroxychloroquine</mesh_term>
  </intervention_browse>
  <patient_data>
    <sharing_ipd>Yes</sharing_ipd>
    <ipd_description>At the time of completion of the analysis of primary and secondary outcomes, the HEROS Steering Committee will review all applications for use of participant level data and make recommendations.</ipd_description>
  </patient_data>
  <!-- Results have not yet been posted for this study                                          -->
</clinical_study>

