<?xml version="1.0" encoding="UTF-8"?>
<clinical_study rank="3632">
  <!-- This xml conforms to an XML Schema at:
    https://clinicaltrials.gov/ct2/html/images/info/public.xsd -->
  <required_header>
    <download_date>ClinicalTrials.gov processed this data on February 18, 2021</download_date>
    <link_text>Link to the current ClinicalTrials.gov record.</link_text>
    <url>https://clinicaltrials.gov/show/NCT04352985</url>
  </required_header>
  <id_info>
    <org_study_id>SDI-PMX-013</org_study_id>
    <nct_id>NCT04352985</nct_id>
  </id_info>
  <brief_title>Evaluating the Use of Polymyxin B Cartridge Hemoperfusion for Patients With Septic Shock and COVID 19</brief_title>
  <official_title>Evaluating the Use of Polymyxin B Cartridge Hemoperfusion for Patients With Septic Shock and COVID 19</official_title>
  <sponsors>
    <lead_sponsor>
      <agency>Spectral Diagnostics (US) Inc.</agency>
      <agency_class>Industry</agency_class>
    </lead_sponsor>
  </sponsors>
  <source>Spectral Diagnostics (US) Inc.</source>
  <brief_summary>
    <textblock>
      Prospective, observational, clinical investigation of PMX cartridge use in COVID 19 patients&#xD;
      with septic shock&#xD;
    </textblock>
  </brief_summary>
  <detailed_description>
    <textblock>
      This is a compassionate use protocol for a population of patients with an immediately&#xD;
      life-threatening condition, for whom no comparable alternative therapy options are available.&#xD;
      The PMX cartridge will be utilized to treat critically ill patients with septic shock who&#xD;
      also have COVID 19 virus. The objective will be to observe the efficacy of the PMX cartridge&#xD;
      with a focus on safety of use in this population.&#xD;
    </textblock>
  </detailed_description>
  <overall_status>Available</overall_status>
  <study_type>Expanded Access</study_type>
  <expanded_access_info>
    <expanded_access_type_intermediate>Yes</expanded_access_type_intermediate>
  </expanded_access_info>
  <condition>Septic Shock</condition>
  <condition>Endotoxemia</condition>
  <condition>COVID</condition>
  <condition>Corona Virus Infection</condition>
  <condition>Sepsis, Severe</condition>
  <intervention>
    <intervention_type>Device</intervention_type>
    <intervention_name>Toraymyxin PMX-20R (PMX Cartridge)</intervention_name>
    <description>The intervention is two (2) treatment sessions of PMX cartridge administration within approximately 24 hours of each other. Each treatment session will target 2 hours with a minimum of 1 ½ hours, at a flow rate of approximately 100 mL/minute, (range of 80 to 120 mL/minute). In cases where the clinical status of the subject is improving, or if the subject suffers from a relapse and the treating physician believes an additional PMX treatment may improve the clinical outcome of the subject, they may administer an additional PMX treatment session (for a total of 3 treatment sessions) at their discretion. All subjects will continue to receive standard medical care for COVID 19 and septic shock.</description>
  </intervention>
  <eligibility>
    <criteria>
      <textblock>
        Inclusion Criteria:&#xD;
&#xD;
          1. Age ≥ 18 years of age&#xD;
&#xD;
          2. Hypotension requiring vasopressor support: Requirement for at least one of the&#xD;
             vasopressors listed below, at the dose shown below, for at least 2 continuous hours&#xD;
             and no more than 30 hours&#xD;
&#xD;
               1. Norepinephrine &gt; 0.05mcg/kg/min&#xD;
&#xD;
               2. Dopamine &gt; 10 mcg/kg/min&#xD;
&#xD;
               3. Phenylephrine &gt; 0.4 mcg/kg/min&#xD;
&#xD;
               4. Epinephrine &gt; 0.05 mcg/kg/min&#xD;
&#xD;
               5. Vasopressin &gt; 0.03 units/min&#xD;
&#xD;
               6. Vasopressin (any dose) in combination with another vasopressor listed above&#xD;
&#xD;
          3. The subject must have received intravenous fluid resuscitation of a minimum of 30mL/kg&#xD;
             administered within 24 hours of eligibility&#xD;
&#xD;
          4. Documented or suspected infection defined as definitive or empiric intravenous&#xD;
             antibiotic administration&#xD;
&#xD;
          5. The subject must have a screening multi-organ dysfunction score (MODS) &gt;9&#xD;
&#xD;
          6. Endotoxin Activity Assay between ≥ 0.60 to &lt;0.90 EA units&#xD;
&#xD;
          7. Evidence of at least 1 of the following criteria for new onset organ dysfunction that&#xD;
             is considered to be due to the acute illness:&#xD;
&#xD;
               1. Requirement for positive pressure ventilation via an endotracheal tube or&#xD;
                  tracheostomy tube&#xD;
&#xD;
               2. Thrombocytopenia defined as acute onset of platelet count &lt;150,000µ/L or a&#xD;
                  reduction of 50% from prior known levels&#xD;
&#xD;
               3. Acute oliguria defined as urine output &lt;0.5mL/kg/hr for at least 6 hours despite&#xD;
                  adequate fluid resuscitation&#xD;
&#xD;
          8. Positive COVID 19 diagnosis&#xD;
&#xD;
        Exclusion Criteria:&#xD;
&#xD;
          1. Inability to obtain an informed consent from the subject, family member or an&#xD;
             authorized surrogate&#xD;
&#xD;
          2. Lack of commitment for full medical support&#xD;
&#xD;
          3. Inability to achieve or maintain a minimum mean arterial pressure (MAP) of ≥ 65mmHg&#xD;
             despite vasopressor therapy and fluid resuscitation&#xD;
&#xD;
          4. Subject has end-stage renal disease and requires chronic dialysis&#xD;
&#xD;
          5. There is clinical support for non-septic shock such as:&#xD;
&#xD;
               1. Acute pulmonary embolus&#xD;
&#xD;
               2. Transfusion reaction&#xD;
&#xD;
               3. Severe congestive heart failure (e.g. NYHA Class IV, ejection fraction &lt; 35%)&#xD;
&#xD;
          6. Subject has had chest compressions as part of CPR during this hospitalization without&#xD;
             immediate return to communicative state&#xD;
&#xD;
          7. Subject has had an acute myocardial infarction (AMI) within the past 4 weeks&#xD;
&#xD;
          8. Subject has uncontrolled hemorrhage (acute blood loss requiring &gt; 3 UPC in the past 24&#xD;
             hours)&#xD;
&#xD;
          9. Major trauma within 36 hours of screening&#xD;
&#xD;
         10. Subject has severe granulocytopenia (leukocyte count less than 500 cells/mm3) or&#xD;
             severe thrombocytopenia (platelet count less than 30,000 cells/mm3)&#xD;
&#xD;
         11. HIV infection in association with a last known or suspected CD4 count of &lt;50/mm3&#xD;
&#xD;
         12. Subject's baseline state is non-communicative&#xD;
&#xD;
         13. Subject has sustained extensive third-degree burns within the past 7 days&#xD;
&#xD;
         14. Body weight &lt; 35 kg (77 pounds)&#xD;
&#xD;
         15. Known hypersensitivity to Polymyxin B&#xD;
&#xD;
         16. Subject has known sensitivity or allergy to heparin or has a history of heparin&#xD;
             associated thrombocytopenia (H.I.T.)&#xD;
&#xD;
         17. Subject is currently enrolled in an investigational drug or device trial&#xD;
&#xD;
         18. Subject has been previously enrolled in the current trial&#xD;
&#xD;
         19. Any other condition, that in the opinion of the investigator, would preclude the&#xD;
             subject from being a suitable candidate for enrollment, such as end-stage chronic&#xD;
             illness (eg. lack of source control and bowel necrosis) with no reasonable expectation&#xD;
             of survival to hospital discharge&#xD;
      </textblock>
    </criteria>
    <gender>All</gender>
    <minimum_age>18 Years</minimum_age>
    <maximum_age>N/A</maximum_age>
  </eligibility>
  <overall_contact>
    <last_name>Debra Foster</last_name>
    <phone>647-205-5314</phone>
    <email>dfoster@spectraldx.com</email>
  </overall_contact>
  <location>
    <facility>
      <name>University of Connecticut Health Center</name>
      <address>
        <city>Farmington</city>
        <state>Connecticut</state>
        <zip>06030</zip>
        <country>United States</country>
      </address>
    </facility>
    <status>Available</status>
  </location>
  <location>
    <facility>
      <name>George Washington University</name>
      <address>
        <city>Washington</city>
        <state>District of Columbia</state>
        <zip>20052</zip>
        <country>United States</country>
      </address>
    </facility>
    <status>Available</status>
  </location>
  <location>
    <facility>
      <name>Stony Brook University Hospital</name>
      <address>
        <city>Stony Brook</city>
        <state>New York</state>
        <zip>11794</zip>
        <country>United States</country>
      </address>
    </facility>
    <status>Available</status>
  </location>
  <location_countries>
    <country>United States</country>
  </location_countries>
  <verification_date>August 2020</verification_date>
  <study_first_submitted>April 15, 2020</study_first_submitted>
  <study_first_submitted_qc>April 15, 2020</study_first_submitted_qc>
  <study_first_posted type="Actual">April 20, 2020</study_first_posted>
  <last_update_submitted>August 26, 2020</last_update_submitted>
  <last_update_submitted_qc>August 26, 2020</last_update_submitted_qc>
  <last_update_posted type="Actual">August 28, 2020</last_update_posted>
  <responsible_party>
    <responsible_party_type>Sponsor</responsible_party_type>
  </responsible_party>
  <condition_browse>
    <!-- CAUTION:  The following MeSH terms are assigned with an imperfect algorithm            -->
    <mesh_term>Shock, Septic</mesh_term>
    <mesh_term>Endotoxemia</mesh_term>
    <mesh_term>Sepsis</mesh_term>
    <mesh_term>Coronavirus Infections</mesh_term>
    <mesh_term>Severe Acute Respiratory Syndrome</mesh_term>
    <mesh_term>Shock</mesh_term>
  </condition_browse>
  <!-- Results have not yet been posted for this study                                          -->
</clinical_study>

