<?xml version="1.0" encoding="UTF-8"?>
<clinical_study rank="4491">
  <!-- This xml conforms to an XML Schema at:
    https://clinicaltrials.gov/ct2/html/images/info/public.xsd -->
  <required_header>
    <download_date>ClinicalTrials.gov processed this data on February 18, 2021</download_date>
    <link_text>Link to the current ClinicalTrials.gov record.</link_text>
    <url>https://clinicaltrials.gov/show/NCT04385212</url>
  </required_header>
  <id_info>
    <org_study_id>2020-00819</org_study_id>
    <nct_id>NCT04385212</nct_id>
  </id_info>
  <brief_title>Outcomes in Hospitalized Older Patients With COVID-19</brief_title>
  <official_title>COVIDAge Study- Hospital Des Trois-Chêne</official_title>
  <sponsors>
    <lead_sponsor>
      <agency>University Hospital, Geneva</agency>
      <agency_class>Other</agency_class>
    </lead_sponsor>
  </sponsors>
  <source>University Hospital, Geneva</source>
  <oversight_info>
    <has_dmc>No</has_dmc>
    <is_fda_regulated_drug>No</is_fda_regulated_drug>
    <is_fda_regulated_device>No</is_fda_regulated_device>
  </oversight_info>
  <brief_summary>
    <textblock>
      In December 2019, the first patients infected with the 2019 novel coronavirus (2019-nCoV)&#xD;
      were diagnosed in Wuhan. The clinical presentation and course of Severe Acute Respiratory&#xD;
      Syndrome-CoV-2 (SARS-CoV-2) infection is poorly understood in older patients and is certainly&#xD;
      different from the general population. This project is designed to better understand and to&#xD;
      determine clinical, biological and radiological markers of poor adverse outcomes in&#xD;
      hospitalized older patients diagnosed with COVID-19.&#xD;
    </textblock>
  </brief_summary>
  <overall_status>Completed</overall_status>
  <start_date type="Actual">March 13, 2020</start_date>
  <completion_date type="Actual">April 14, 2020</completion_date>
  <primary_completion_date type="Actual">April 14, 2020</primary_completion_date>
  <study_type>Observational</study_type>
  <has_expanded_access>No</has_expanded_access>
  <study_design_info>
    <observational_model>Cohort</observational_model>
    <time_perspective>Retrospective</time_perspective>
  </study_design_info>
  <primary_outcome>
    <measure>To evaluate the relative contributions of comorbidities on intra-hospitalized death</measure>
    <time_frame>1 month</time_frame>
    <description>We measure functional score of comorbidities</description>
  </primary_outcome>
  <secondary_outcome>
    <measure>To evaluate the relative contributions of functional characteristics on intra-hospitalized death</measure>
    <time_frame>1 month</time_frame>
    <description>We measure Functional Independence Measure scale</description>
  </secondary_outcome>
  <secondary_outcome>
    <measure>To explore specific clinical profiles that may influence COVID-19 disease outcomes in the elderly based on geriatrics syndromes</measure>
    <time_frame>1 month</time_frame>
    <description>We describe the role fo geriatric syndrome such as delirium, falls</description>
  </secondary_outcome>
  <enrollment type="Actual">230</enrollment>
  <condition>Coronavirus Infection</condition>
  <condition>Sars-CoV2</condition>
  <condition>Elderly Infection</condition>
  <condition>Old Age; Debility</condition>
  <eligibility>
    <study_pop>
      <textblock>
        All the patients hospitalized in our geriatrics department with Sars-Cov-2 infection&#xD;
      </textblock>
    </study_pop>
    <sampling_method>Non-Probability Sample</sampling_method>
    <criteria>
      <textblock>
        Inclusion Criteria:&#xD;
&#xD;
          -  Diagnosis of COVID-19, defined by a positive polymerase chain reaction (PCR) test for&#xD;
             SARS-CoV-2 detection, obtained by a nasopharyngeal swab or sputum sample.&#xD;
&#xD;
          -  Or patients with negative virus detection in the PCR test, but with a high clinical&#xD;
             suspicion will also be considered with COVID-19.&#xD;
&#xD;
        Exclusion Criteria:&#xD;
&#xD;
        - Presence of document indicating a refusal to participate in a research study.&#xD;
      </textblock>
    </criteria>
    <gender>All</gender>
    <minimum_age>65 Years</minimum_age>
    <maximum_age>N/A</maximum_age>
  </eligibility>
  <location>
    <facility>
      <name>Department of Rehabilitation and Geriatrics</name>
      <address>
        <city>Geneva</city>
        <zip>1256</zip>
        <country>Switzerland</country>
      </address>
    </facility>
  </location>
  <location_countries>
    <country>Switzerland</country>
  </location_countries>
  <verification_date>May 2020</verification_date>
  <study_first_submitted>April 29, 2020</study_first_submitted>
  <study_first_submitted_qc>May 8, 2020</study_first_submitted_qc>
  <study_first_posted type="Actual">May 12, 2020</study_first_posted>
  <last_update_submitted>May 8, 2020</last_update_submitted>
  <last_update_submitted_qc>May 8, 2020</last_update_submitted_qc>
  <last_update_posted type="Actual">May 12, 2020</last_update_posted>
  <responsible_party>
    <responsible_party_type>Principal Investigator</responsible_party_type>
    <investigator_affiliation>University Hospital, Geneva</investigator_affiliation>
    <investigator_full_name>Christine Serratrice, MD</investigator_full_name>
    <investigator_title>Principal Investigator</investigator_title>
  </responsible_party>
  <condition_browse>
    <!-- CAUTION:  The following MeSH terms are assigned with an imperfect algorithm            -->
    <mesh_term>Infection</mesh_term>
    <mesh_term>Communicable Diseases</mesh_term>
    <mesh_term>Coronavirus Infections</mesh_term>
    <mesh_term>Severe Acute Respiratory Syndrome</mesh_term>
  </condition_browse>
  <patient_data>
    <sharing_ipd>Undecided</sharing_ipd>
  </patient_data>
  <!-- Results have not yet been posted for this study                                          -->
</clinical_study>

