<?xml version="1.0" encoding="UTF-8"?>
<clinical_study rank="4674">
  <!-- This xml conforms to an XML Schema at:
    https://clinicaltrials.gov/ct2/html/images/info/public.xsd -->
  <required_header>
    <download_date>ClinicalTrials.gov processed this data on February 18, 2021</download_date>
    <link_text>Link to the current ClinicalTrials.gov record.</link_text>
    <url>https://clinicaltrials.gov/show/NCT04346927</url>
  </required_header>
  <id_info>
    <org_study_id>009</org_study_id>
    <nct_id>NCT04346927</nct_id>
  </id_info>
  <brief_title>Telerehabilitation for Patients Diagnosed With Coronavirus</brief_title>
  <acronym>COVID-19</acronym>
  <official_title>Investigation of the Effects of Exercise Using Telerehabilitation in Patients Diagnosed With Coronavirus (COVID-19) and Followed at Home</official_title>
  <sponsors>
    <lead_sponsor>
      <agency>Yasemin Çırak</agency>
      <agency_class>Other</agency_class>
    </lead_sponsor>
  </sponsors>
  <source>Istinye University</source>
  <oversight_info>
    <has_dmc>No</has_dmc>
    <is_fda_regulated_drug>No</is_fda_regulated_drug>
    <is_fda_regulated_device>No</is_fda_regulated_device>
  </oversight_info>
  <brief_summary>
    <textblock>
      In December 2019, new coronavirus pneumonia (COVID-19) erupted in Wuhan (Hubei, China) and&#xD;
      quickly spread from a single city to the entire country. It did not take long for this&#xD;
      epidemic to spread to the world. After that, World Health Organization declared this epidemic&#xD;
      disease as a pandemic. As of now, the number of coronavirus deaths increased to 108,281&#xD;
      worldwide. Total number of cases approached 1,800,000 according to the latest information.&#xD;
      While the number of healed patients was highest in China, 77,525 people with COVID-19&#xD;
      recovered.&#xD;
&#xD;
      COVID-19 is a highly contagious respiratory infectious disease that can cause respiratory,&#xD;
      physical and psychological dysfunction in patients. Respiratory rehabilitation reduces the&#xD;
      patient's symptoms of dyspnea, relieves anxiety and depression, reduces the patient's need to&#xD;
      apply to the hospital, increases functional capacity and improves the patient's quality of&#xD;
      life. Respiratory rehabilitation, according to the feedback from China, is very important for&#xD;
      patients in the clinical treatment and recovery process after treatment. Rehabilitation of&#xD;
      people with mild disease after discharge is mainly based on improving physical fitness and&#xD;
      psychological adaptation. It is also aimed to gradually restore the individual's ability to&#xD;
      the activity before the disease and return to the community as soon as possible. Individuals&#xD;
      with COVID-19 who have respiratory and / or limb dysfunction and chronic disease after&#xD;
      discharge should receive respiratory rehabilitation therapy. According to the current&#xD;
      findings of the patients discharged from severe acute respiratory syndrome (SARS-CoV) and&#xD;
      Middle East respiratory syndrome (MERS) and the clinical experience of patients with Acute&#xD;
      Respiratory Distress Syndrome (ARDS) patients who recovered after discharge, COVID-19&#xD;
      patients may have physical fitness, dyspnea after activity, and muscle atrophy. (Including&#xD;
      respiratory muscles and trunk muscles) It is recommended to use respiratory videos and&#xD;
      booklets as the main method for respiratory rehabilitation in isolated patients at home.&#xD;
      Telerehabilitation method is also a different recommendation option for rehabilitation.&#xD;
&#xD;
      The purpose of this study is to investigate the effects of exercises performed by&#xD;
      telerehabilitation in patients diagnosed with COVID-19 followed at home. It is aimed to use&#xD;
      an innovative model based on the digitally supported, home-based exercise program.&#xD;
    </textblock>
  </brief_summary>
  <overall_status>Not yet recruiting</overall_status>
  <start_date type="Anticipated">August 10, 2020</start_date>
  <completion_date type="Anticipated">November 30, 2020</completion_date>
  <primary_completion_date type="Anticipated">October 10, 2020</primary_completion_date>
  <phase>N/A</phase>
  <study_type>Interventional</study_type>
  <has_expanded_access>No</has_expanded_access>
  <study_design_info>
    <allocation>Randomized</allocation>
    <intervention_model>Parallel Assignment</intervention_model>
    <primary_purpose>Treatment</primary_purpose>
    <masking>Single (Participant)</masking>
  </study_design_info>
  <primary_outcome>
    <measure>Visual Analogue Scale</measure>
    <time_frame>2 weeks</time_frame>
    <description>Visual Analogue Scale (VAS) is a horizontal line, 100 mm in length, and anchored by word descriptors at each end. The VAS dyspnea score uses &quot;no shortness of breath at all&quot; and &quot;maximum shortness of breath&quot; . The patient marks on the line the point that they feel represents the perception of their current state. The distance (mm) between the beginning of the horizontal line and this mark represents the degree of dyspnea perception</description>
  </primary_outcome>
  <primary_outcome>
    <measure>Modified Borg Scale</measure>
    <time_frame>2 weeks</time_frame>
    <description>This scale used was a modified Borg scale of perceived exertion adapted to be appropriate for measuring fatigue. This consisted of a vertical scale labelled 0-10, with corresponding verbal expressions of progressively increasing perceived sensation intensity. (0 = no fatigue , 10 = maximal fatigue)</description>
  </primary_outcome>
  <primary_outcome>
    <measure>Leicester Cough Questionnaire</measure>
    <time_frame>2 weeks</time_frame>
    <description>Leicester Cough Questionnaire (LCQ) is an English-born self-reporting quality of life measure of chronic cough. It consists of 19 items with a 7 point likert response scale (range from 1 to 7). Each item is developed to assess symptoms during cough and impact of cough on three main domains: physical, psychological and social. Scores are calculated as a mean of each domain and the total score is calculated by adding every domain score. It generally takes about 5 minutes to be completed and it is designed for adults</description>
  </primary_outcome>
  <primary_outcome>
    <measure>Timed Up and Go</measure>
    <time_frame>2 weeks</time_frame>
    <description>The Timed Up and Go test (TUG) is a simple test used to assess a person's mobility and requires both static and dynamic balance.&#xD;
It uses the time that a person takes to rise from a chair, walk three meters, turn around, walk back to the chair, and sit down. During the test, the person is expected to wear their regular footwear and use any mobility aids that they would normally require</description>
  </primary_outcome>
  <primary_outcome>
    <measure>30 Second Chair Stand Test</measure>
    <time_frame>2 weeks</time_frame>
    <description>The 30-s Chair Stand Test consists of standing up and sitting down from a chair as many times as possible within 30 seconds. A standard chair without backrest, but with armrests is used. Initially, the person is seated on the chair with his backs upright. They are told to look forward with their arms folded in their chest and rise at their preferred speed after the command &quot;1, 2, 3, go&quot;. All trials must be carried out using the same chair and similar environmental conditions.</description>
  </primary_outcome>
  <primary_outcome>
    <measure>The Beck Depression Inventory</measure>
    <time_frame>2 weeks</time_frame>
    <description>The Beck Depression Inventory (BDI) is a 21-item, self-rated scale that evaluates key symptoms of depression. Individual scale items are scored on a 4-point continuum (0=least, 3=most), with a total summed score range of 0-63. Higher scores indicate greater depressive severity. Two subscales include a cognitive-affective subscale and a somatic-performance subscale</description>
  </primary_outcome>
  <primary_outcome>
    <measure>The Beck Anxiety Inventory</measure>
    <time_frame>2 weeks</time_frame>
    <description>The Beck Anxiety Inventory (BAI) is a 21-question multiple-choice self-report inventory that is used for measuring the severity of anxiety in children and adults.The questions used in this measure ask about common symptoms of anxiety . It is designed for individuals who are of 17 years of age or older and takes 5 to 10 minutes to complete. Several studies have found the Beck Anxiety Inventory to be an accurate measure of anxiety symptoms in children and adults</description>
  </primary_outcome>
  <number_of_arms>2</number_of_arms>
  <enrollment type="Anticipated">30</enrollment>
  <condition>Telerehabilitation</condition>
  <condition>Coronavirus</condition>
  <arm_group>
    <arm_group_label>Study Group</arm_group_label>
    <arm_group_type>Experimental</arm_group_type>
    <description>The group to which the exercise protocol consisting of breathing exercises, posture exercises, peripheral muscle training and light aerobic exercises will be applied.</description>
  </arm_group>
  <arm_group>
    <arm_group_label>Control Group</arm_group_label>
    <arm_group_type>Active Comparator</arm_group_type>
    <description>group to be given an exercise brochure</description>
  </arm_group>
  <intervention>
    <intervention_type>Other</intervention_type>
    <intervention_name>Telerehabilitation</intervention_name>
    <description>15 volunteers diagnosed with coronavirus will be included in experimental group. An online exercise program has been created for individuals who will participate in the study. This program is planned to continue 3-4 days a week, in a 30-minute session and for 6 weeks. Treatment sessions will include breathing exercises, posture exercises, peripheral muscle exercises and light aerobic exercises. Individuals were asked to participate in the research via telerehabilitation connection system and were told that they would do their exercises with a physiotherapist.</description>
    <arm_group_label>Study Group</arm_group_label>
  </intervention>
  <intervention>
    <intervention_type>Other</intervention_type>
    <intervention_name>exercise brochure</intervention_name>
    <description>15 volunteers diagnosed with coronavirus will be included in control group.The same exercises will be given to the control group as a brochure and they will be asked to do it for 6 weeks.</description>
    <arm_group_label>Control Group</arm_group_label>
  </intervention>
  <eligibility>
    <criteria>
      <textblock>
        Inclusion Criteria:&#xD;
&#xD;
          -  Having been diagnosed with COVID-19,&#xD;
&#xD;
          -  Having been diagnosed in the last 1 week,&#xD;
&#xD;
          -  Being between the ages of 18-70,&#xD;
&#xD;
          -  Patients who continue to be followed at home&#xD;
&#xD;
        Exclusion Criteria:&#xD;
&#xD;
          -  Hospitalization patients&#xD;
&#xD;
          -  Having a serious cognitive impairment&#xD;
&#xD;
          -  Having serious hearing and vision problems&#xD;
      </textblock>
    </criteria>
    <gender>All</gender>
    <minimum_age>18 Years</minimum_age>
    <maximum_age>70 Years</maximum_age>
    <healthy_volunteers>No</healthy_volunteers>
  </eligibility>
  <verification_date>July 2020</verification_date>
  <study_first_submitted>April 13, 2020</study_first_submitted>
  <study_first_submitted_qc>April 14, 2020</study_first_submitted_qc>
  <study_first_posted type="Actual">April 15, 2020</study_first_posted>
  <last_update_submitted>July 20, 2020</last_update_submitted>
  <last_update_submitted_qc>July 20, 2020</last_update_submitted_qc>
  <last_update_posted type="Actual">July 21, 2020</last_update_posted>
  <responsible_party>
    <responsible_party_type>Sponsor-Investigator</responsible_party_type>
    <investigator_affiliation>Istinye University</investigator_affiliation>
    <investigator_full_name>Yasemin Çırak</investigator_full_name>
    <investigator_title>Physiotherapist, PhD, Associate Professor</investigator_title>
  </responsible_party>
  <keyword>Exercise</keyword>
  <keyword>Breathing exercise</keyword>
  <keyword>physiotherapy</keyword>
  <condition_browse>
    <!-- CAUTION:  The following MeSH terms are assigned with an imperfect algorithm            -->
    <mesh_term>Coronavirus Infections</mesh_term>
  </condition_browse>
  <patient_data>
    <sharing_ipd>No</sharing_ipd>
  </patient_data>
  <!-- Results have not yet been posted for this study                                          -->
</clinical_study>

