<?xml version="1.0" encoding="UTF-8"?>
<clinical_study rank="2657">
  <!-- This xml conforms to an XML Schema at:
    https://clinicaltrials.gov/ct2/html/images/info/public.xsd -->
  <required_header>
    <download_date>ClinicalTrials.gov processed this data on February 18, 2021</download_date>
    <link_text>Link to the current ClinicalTrials.gov record.</link_text>
    <url>https://clinicaltrials.gov/show/NCT04710836</url>
  </required_header>
  <id_info>
    <org_study_id>20RM056</org_study_id>
    <nct_id>NCT04710836</nct_id>
  </id_info>
  <brief_title>NoRCoRP Assessment Clinic</brief_title>
  <acronym>NoRCoRP</acronym>
  <official_title>The Nottingham Recovery From COVID-19 Research Platform Assessment Clinic</official_title>
  <sponsors>
    <lead_sponsor>
      <agency>Nottingham University Hospitals NHS Trust</agency>
      <agency_class>Other</agency_class>
    </lead_sponsor>
  </sponsors>
  <source>Nottingham University Hospitals NHS Trust</source>
  <oversight_info>
    <is_fda_regulated_drug>No</is_fda_regulated_drug>
    <is_fda_regulated_device>No</is_fda_regulated_device>
  </oversight_info>
  <brief_summary>
    <textblock>
      The main overarching aim of this study is to build a research clinic, as part of the NoRCoRP&#xD;
      platform covering Nottingham and Nottinghamshire to facilitate learning and research in the&#xD;
      whole population of patients who have had COVID-19.&#xD;
    </textblock>
  </brief_summary>
  <detailed_description>
    <textblock>
      The severe acute respiratory syndrome-coronavirus-2 (SARS-CoV-2 / COVID-19) pandemic, has&#xD;
      affected over 13 million people, and caused significant worldwide mortality and morbidity.&#xD;
      Frequent long-term respiratory complications include persistent breathlessness and fatigue,&#xD;
      with potential for ongoing organising pneumonia and new pulmonary fibrosis as well as&#xD;
      thromboembolic disease. Additional features seen in at least some patients post hospital&#xD;
      include impaired musculoskeletal function, impaired renal function, neurological impairment,&#xD;
      cardiac dysfunction and significant psychiatric morbidity.&#xD;
&#xD;
      The majority of patients with COVID-19 were not admitted to hospital, and the longer-term&#xD;
      consequences of infection with SARS-CoV-2 in this much larger patient group are unknown.&#xD;
      Whilst many patients had relatively mild disease and made a good recovery, a significant&#xD;
      number have been left with symptoms similar to those who were admitted to hospital.&#xD;
&#xD;
      In setting up a post COVID-19 respiratory review clinic, we expect to generate new findings,&#xD;
      support studies that have already been submitted for funding, to provide a focus for further&#xD;
      grant funding, and to provide an infrastructure to support new clinical trials. We also&#xD;
      expect the insights gained from research using this platform to be of value for service&#xD;
      planning in the region and beyond. We will prioritise patients who were not admitted to&#xD;
      hospital but who have been left with significant morbidity by establishing this new General&#xD;
      Practitioner (GP) referral research clinic.&#xD;
    </textblock>
  </detailed_description>
  <overall_status>Recruiting</overall_status>
  <start_date type="Actual">December 3, 2020</start_date>
  <completion_date type="Anticipated">August 31, 2032</completion_date>
  <primary_completion_date type="Anticipated">August 31, 2032</primary_completion_date>
  <study_type>Observational</study_type>
  <has_expanded_access>No</has_expanded_access>
  <study_design_info>
    <observational_model>Cohort</observational_model>
    <time_perspective>Cross-Sectional</time_perspective>
  </study_design_info>
  <primary_outcome>
    <measure>Number of participants with symptoms at presentation to the research clinic</measure>
    <time_frame>September 2020 - August 2024</time_frame>
    <description>Patient reported symptoms</description>
  </primary_outcome>
  <primary_outcome>
    <measure>Short Physical Performance Battery</measure>
    <time_frame>September 2020 - August 2024</time_frame>
    <description>Assessment of functional capacity</description>
  </primary_outcome>
  <primary_outcome>
    <measure>Quadricep muscle strength</measure>
    <time_frame>September 2020 - August 2024</time_frame>
    <description>Assessment of functional capacity using a handheld dynamometer</description>
  </primary_outcome>
  <primary_outcome>
    <measure>Chalder's Fatigue Score</measure>
    <time_frame>September 2020 - August 2024</time_frame>
    <description>Assessment of fatigue using the Chalder 11-item fatigue questionnaire</description>
  </primary_outcome>
  <primary_outcome>
    <measure>Number of participants with rehabilitation needs at presentation to clinic</measure>
    <time_frame>September 2020 - August 2024</time_frame>
    <description>Rehabilitation needs based on clinical assessment by a multidisciplinary team (musculoskeletal, cognitive and cardiopulmonary)</description>
  </primary_outcome>
  <primary_outcome>
    <measure>EQ-5D-5L</measure>
    <time_frame>September 2020 - August 2024</time_frame>
    <description>Assessment of generic health status using the EQ-5D-5L questionnaire</description>
  </primary_outcome>
  <primary_outcome>
    <measure>Montreal Cognitive Assessment</measure>
    <time_frame>September 2020 - August 2024</time_frame>
    <description>Assessment of cognitive state using the MoCA questionnaire</description>
  </primary_outcome>
  <secondary_outcome>
    <measure>Anxiety and Depression</measure>
    <time_frame>September 2020 - August 2024</time_frame>
    <description>Derived by completion of the Hospital Anxiety and Depression Scale (HADS) questionnaire</description>
  </secondary_outcome>
  <secondary_outcome>
    <measure>Pittsburgh Sleep Quality Index</measure>
    <time_frame>September 2020 - August 2024</time_frame>
    <description>Assessment of sleep quality using the PSQI questionnaire</description>
  </secondary_outcome>
  <secondary_outcome>
    <measure>Healthcare service needs following COVID-19 diagnosis</measure>
    <time_frame>September 2020 - August 2032</time_frame>
    <description>Monitoring of NHS records for incidence of re-presentation to primary or secondary care related to COVID-19 complications and survival.</description>
  </secondary_outcome>
  <secondary_outcome>
    <measure>Biological markers of recovery from COVID-19</measure>
    <time_frame>September 2020 - August 2032</time_frame>
    <description>Assessment of blood taken for clinical purposes (where available) including renal function, liver function, full blood count, HbA1C, Brain natriuretic peptide, vitamin D, thyroid function, C-reactive protein (CRP), Creatine kinase for markers of COVID-19 recovery. Batched inflammatory and metabolic markers as well as whole blood DNA will also be assessed from stored samples.</description>
  </secondary_outcome>
  <secondary_outcome>
    <measure>Fried Frailty Index</measure>
    <time_frame>September 2020 - August 2024</time_frame>
    <description>Frailty assessment covering: shrinking, exhaustion, physical activity, slowness and weakness domains.</description>
  </secondary_outcome>
  <secondary_outcome>
    <measure>Body composition</measure>
    <time_frame>September 2020 - August 2024</time_frame>
    <description>Body composition derived from bioelectrical impedance analysis to determine: body mass index, fat free mass index, fat free mass (kg), fat mass (kg).</description>
  </secondary_outcome>
  <enrollment type="Anticipated">500</enrollment>
  <condition>Covid19</condition>
  <biospec_retention>Samples With DNA</biospec_retention>
  <biospec_descr>
    <textblock>
      Whole blood will be stored for later analysis of DNA. This will only be stored with the&#xD;
      specific consent of the patient as outlined in the consent form.&#xD;
    </textblock>
  </biospec_descr>
  <eligibility>
    <study_pop>
      <textblock>
        Adults who have previous had a diagnosis of COVID-19 and have been referred into a&#xD;
        post-COVID-19 respiratory outpatients clinic from primary care due to ongoing complications&#xD;
        related to the COVID-19 diagnosis.&#xD;
      </textblock>
    </study_pop>
    <sampling_method>Non-Probability Sample</sampling_method>
    <criteria>
      <textblock>
        Inclusion Criteria:&#xD;
&#xD;
          -  Adults (≥18 years) referred into the post COVID-19 respiratory outpatient clinic from&#xD;
             primary care, following a swab, imaging or strong clinical diagnosis of COVID-19&#xD;
&#xD;
          -  Adults discharged from hospital with a clinical diagnosis of COVID-19 (who are not&#xD;
             included in the PHOSP-COVID study)&#xD;
&#xD;
        Exclusion Criteria:&#xD;
&#xD;
          -  Children (&lt;18 years) referred into the post COVID-19 respiratory outpatient clinic.&#xD;
             This clinic is only open to adults and referrals for children will not be accepted&#xD;
&#xD;
          -  Adults discharged from hospital with a clinical diagnosis of COVID-19 and have been&#xD;
             included in the PHOSP-COVID study&#xD;
&#xD;
          -  Patients unable to provide informed consent by themselves&#xD;
      </textblock>
    </criteria>
    <gender>All</gender>
    <minimum_age>18 Years</minimum_age>
    <maximum_age>N/A</maximum_age>
    <healthy_volunteers>No</healthy_volunteers>
  </eligibility>
  <overall_official>
    <last_name>Charlotte Bolton</last_name>
    <role>Principal Investigator</role>
    <affiliation>University of Nottingham &amp; Nottingham University Hospitals NHS Trust</affiliation>
  </overall_official>
  <overall_contact>
    <last_name>Charlotte Bolton</last_name>
    <phone>01159 691169</phone>
    <phone_ext>54844</phone_ext>
    <email>charlotte.bolton@nottingham.ac.uk</email>
  </overall_contact>
  <overall_contact_backup>
    <last_name>Alex Jenkins</last_name>
    <email>alex.jenkins@nottingham.ac.uk</email>
  </overall_contact_backup>
  <location>
    <facility>
      <name>Nottingham City Hospital</name>
      <address>
        <city>Nottingham</city>
        <zip>NG5 1PB</zip>
        <country>United Kingdom</country>
      </address>
    </facility>
    <status>Recruiting</status>
    <contact>
      <last_name>Charlotte Bolton</last_name>
    </contact>
  </location>
  <location_countries>
    <country>United Kingdom</country>
  </location_countries>
  <verification_date>February 2021</verification_date>
  <study_first_submitted>December 10, 2020</study_first_submitted>
  <study_first_submitted_qc>January 12, 2021</study_first_submitted_qc>
  <study_first_posted type="Actual">January 15, 2021</study_first_posted>
  <last_update_submitted>February 15, 2021</last_update_submitted>
  <last_update_submitted_qc>February 15, 2021</last_update_submitted_qc>
  <last_update_posted type="Actual">February 17, 2021</last_update_posted>
  <responsible_party>
    <responsible_party_type>Sponsor</responsible_party_type>
  </responsible_party>
  <!-- Results have not yet been posted for this study                                          -->
</clinical_study>

