<?xml version="1.0" encoding="UTF-8"?>
<clinical_study rank="3023">
  <!-- This xml conforms to an XML Schema at:
    https://clinicaltrials.gov/ct2/html/images/info/public.xsd -->
  <required_header>
    <download_date>ClinicalTrials.gov processed this data on February 18, 2021</download_date>
    <link_text>Link to the current ClinicalTrials.gov record.</link_text>
    <url>https://clinicaltrials.gov/show/NCT04412057</url>
  </required_header>
  <id_info>
    <org_study_id>CERC-002-CVID-201</org_study_id>
    <nct_id>NCT04412057</nct_id>
  </id_info>
  <brief_title>Clinical Trial to Evaluate CERC-002 in Adults With COVID-19 Pneumonia and Acute Lung Injury</brief_title>
  <official_title>A Randomized, Double-blind, Placebo-controlled, Multicenter, Phase 2 Clinical Trial to Evaluate the Efficacy and Safety of CERC-002 in Adults With COVID 19 Pneumonia and Acute Lung Injury</official_title>
  <sponsors>
    <lead_sponsor>
      <agency>Aevi Genomic Medicine, LLC, a Cerecor company</agency>
      <agency_class>Industry</agency_class>
    </lead_sponsor>
  </sponsors>
  <source>Cerecor Inc</source>
  <oversight_info>
    <has_dmc>Yes</has_dmc>
    <is_fda_regulated_drug>Yes</is_fda_regulated_drug>
    <is_fda_regulated_device>No</is_fda_regulated_device>
  </oversight_info>
  <brief_summary>
    <textblock>
      The study is a prospective, randomized, placebo-controlled, single-blind phase 2 clinical&#xD;
      study of the efficacy and safety of CERC-002, a potent inhibitor of LIGHT, for the treatment&#xD;
      of patients with COVID-19 pneumonia who have mild to moderate ARDS.&#xD;
&#xD;
      LIGHT is a cytokine in the TNF super family (TNFSF14) which drives inflammation and induces&#xD;
      many other cytokines including IL-1, IL-6 and GM-CSF. LIGHT levels have been shown to be&#xD;
      elevated in COVID-19 infected patients and inhibiting LIGHT is hypothesized to ameliorate the&#xD;
      cytokine storm which has shown to be a major factor in progression of ARDS.&#xD;
&#xD;
      The study will assess the efficacy and safety of CERC-002 in patients with severe COVID-19&#xD;
      over a 28 day period as single dose on top of standard of care.&#xD;
    </textblock>
  </brief_summary>
  <overall_status>Recruiting</overall_status>
  <start_date type="Actual">June 9, 2020</start_date>
  <completion_date type="Anticipated">November 2020</completion_date>
  <primary_completion_date type="Anticipated">October 2020</primary_completion_date>
  <phase>Phase 2</phase>
  <study_type>Interventional</study_type>
  <study_design_info>
    <allocation>Randomized</allocation>
    <intervention_model>Parallel Assignment</intervention_model>
    <primary_purpose>Treatment</primary_purpose>
    <masking>Double (Participant, Investigator)</masking>
    <masking_description>Double-blind (Participant, Investigator)</masking_description>
  </study_design_info>
  <primary_outcome>
    <measure>Proportion of patient alive and free of respiratory failure</measure>
    <time_frame>Baseline to Day 28</time_frame>
    <description>Respiratory failure defined based on resource utilization requiring at least one of the following:&#xD;
Endotracheal intubation and mechanical ventilation&#xD;
Oxygen delivered by high-flow nasal cannula (heated, humidified oxygen delivered via reinforced nasal cannula at flow rates &gt;20L/min with fraction of delivered oxygen ≥0.5)&#xD;
Noninvasive positive pressure ventilation,&#xD;
Extracorporeal membrane oxygenation</description>
  </primary_outcome>
  <secondary_outcome>
    <measure>Proportion of subjects who are alive</measure>
    <time_frame>Baseline to Day 28</time_frame>
    <description>1-month mortality</description>
  </secondary_outcome>
  <number_of_arms>2</number_of_arms>
  <enrollment type="Anticipated">82</enrollment>
  <condition>COVID-19 Pneumonia</condition>
  <condition>Acute Lung Injury</condition>
  <condition>ARDS</condition>
  <arm_group>
    <arm_group_label>CERC-002</arm_group_label>
    <arm_group_type>Experimental</arm_group_type>
  </arm_group>
  <arm_group>
    <arm_group_label>Placebo</arm_group_label>
    <arm_group_type>Placebo Comparator</arm_group_type>
  </arm_group>
  <intervention>
    <intervention_type>Drug</intervention_type>
    <intervention_name>CERC-002</intervention_name>
    <description>Administered once subcutaneously at 16 mg/kg dose up to a maximum dose of 1200 mg.</description>
    <arm_group_label>CERC-002</arm_group_label>
    <other_name>AEVI-002 and MDGN-002</other_name>
  </intervention>
  <intervention>
    <intervention_type>Drug</intervention_type>
    <intervention_name>Placebo</intervention_name>
    <description>Administered once subcutaneously</description>
    <arm_group_label>Placebo</arm_group_label>
  </intervention>
  <eligibility>
    <criteria>
      <textblock>
        Inclusion Criteria:&#xD;
&#xD;
          1. Subject/legally authorized representative (LAR) is able to understand and provide&#xD;
             written informed consent, and assent (as applicable) to participate in this study.&#xD;
&#xD;
          2. Subject is ≥18 years of age at the time of informed consent and assent (as&#xD;
             applicable).&#xD;
&#xD;
          3. Subject is male or non-pregnant, non-lactating female, who if of childbearing&#xD;
             potential agrees to comply with any applicable contraceptive requirements if.&#xD;
             discharged from the hospital prior to completing the study.&#xD;
&#xD;
          4. Subject has a diagnosis of COVID-19 infection through an approved testing method.&#xD;
&#xD;
          5. Subject has been hospitalized due to clinical diagnosis of pneumonia with acute lung&#xD;
             injury defined as diffuse bilateral radiographic infiltrates with PaO2/FiO2 &gt;100 and&#xD;
             &lt;300.&#xD;
&#xD;
          6. Subject's oxygen saturation at rest in ambient air &lt;93%&#xD;
&#xD;
        Exclusion Criteria:&#xD;
&#xD;
          1. Subject is intubated.&#xD;
&#xD;
          2. Subject is currently taking immunomodulators or anti-rejection drugs.&#xD;
&#xD;
          3. Subject has been administered an immunomodulating biologic drug within 60 days of&#xD;
             baseline.&#xD;
&#xD;
          4. Subject is in septic shock defined as persistent hypotension requiring vasopressors to&#xD;
             maintain mean arterial pressure (MAP) of 65 mm Hg or higher and a serum lactate level&#xD;
             greater than 2 mmol/L (18 mg/dL) despite adequate volume resuscitation.&#xD;
&#xD;
          5. Subject has received any live attenuated vaccine, such as varicella-zoster, oral&#xD;
             polio, or rubella, within 3 months prior to the baseline visit.&#xD;
      </textblock>
    </criteria>
    <gender>All</gender>
    <minimum_age>18 Years</minimum_age>
    <maximum_age>N/A</maximum_age>
    <healthy_volunteers>No</healthy_volunteers>
  </eligibility>
  <overall_official>
    <last_name>H. Jeffrey Wilkins</last_name>
    <role>Study Director</role>
    <affiliation>Aevi Genomic Medicine, LLC, a Cerecor company</affiliation>
  </overall_official>
  <overall_contact>
    <last_name>H. Jeffrey Wilkins, MD</last_name>
    <phone>610-457-5095</phone>
    <email>jwilkins@cerecor.com</email>
  </overall_contact>
  <location>
    <facility>
      <name>Hoag Memorial Hospital</name>
      <address>
        <city>Newport Beach</city>
        <state>California</state>
        <zip>92663</zip>
        <country>United States</country>
      </address>
    </facility>
    <status>Recruiting</status>
  </location>
  <location>
    <facility>
      <name>Midway Immunology and Research Center</name>
      <address>
        <city>Fort Pierce</city>
        <state>Florida</state>
        <zip>34982</zip>
        <country>United States</country>
      </address>
    </facility>
    <status>Recruiting</status>
  </location>
  <location>
    <facility>
      <name>Triple O Research Institute, P.A.</name>
      <address>
        <city>West Palm Beach</city>
        <state>Florida</state>
        <zip>33407</zip>
        <country>United States</country>
      </address>
    </facility>
    <status>Recruiting</status>
  </location>
  <location>
    <facility>
      <name>Parkview Research Center</name>
      <address>
        <city>Fort Wayne</city>
        <state>Indiana</state>
        <zip>46845</zip>
        <country>United States</country>
      </address>
    </facility>
    <status>Recruiting</status>
  </location>
  <location>
    <facility>
      <name>MedPharmics, LLC</name>
      <address>
        <city>Metairie</city>
        <state>Louisiana</state>
        <zip>70006</zip>
        <country>United States</country>
      </address>
    </facility>
    <status>Recruiting</status>
  </location>
  <location>
    <facility>
      <name>LSUHSC - Shreveport</name>
      <address>
        <city>Shreveport</city>
        <state>Louisiana</state>
        <zip>71103</zip>
        <country>United States</country>
      </address>
    </facility>
    <status>Recruiting</status>
  </location>
  <location>
    <facility>
      <name>Cape Fear Valley Medical Center</name>
      <address>
        <city>Fayetteville</city>
        <state>North Carolina</state>
        <zip>28304</zip>
        <country>United States</country>
      </address>
    </facility>
    <status>Recruiting</status>
  </location>
  <location>
    <facility>
      <name>Temple University Hospital</name>
      <address>
        <city>Philadelphia</city>
        <state>Pennsylvania</state>
        <zip>19140</zip>
        <country>United States</country>
      </address>
    </facility>
    <status>Recruiting</status>
  </location>
  <location>
    <facility>
      <name>AnMed Health Medical Center</name>
      <address>
        <city>Anderson</city>
        <state>South Carolina</state>
        <zip>29621</zip>
        <country>United States</country>
      </address>
    </facility>
    <status>Recruiting</status>
  </location>
  <location>
    <facility>
      <name>Lowcountry Infectious Diseases, P.A.</name>
      <address>
        <city>Charleston</city>
        <state>South Carolina</state>
        <zip>29414</zip>
        <country>United States</country>
      </address>
    </facility>
    <status>Recruiting</status>
  </location>
  <location>
    <facility>
      <name>BRCR Global Texas</name>
      <address>
        <city>McAllen</city>
        <state>Texas</state>
        <zip>78503</zip>
        <country>United States</country>
      </address>
    </facility>
    <status>Recruiting</status>
  </location>
  <location_countries>
    <country>United States</country>
  </location_countries>
  <verification_date>September 2020</verification_date>
  <study_first_submitted>May 29, 2020</study_first_submitted>
  <study_first_submitted_qc>May 29, 2020</study_first_submitted_qc>
  <study_first_posted type="Actual">June 2, 2020</study_first_posted>
  <last_update_submitted>September 30, 2020</last_update_submitted>
  <last_update_submitted_qc>September 30, 2020</last_update_submitted_qc>
  <last_update_posted type="Actual">October 1, 2020</last_update_posted>
  <responsible_party>
    <responsible_party_type>Sponsor</responsible_party_type>
  </responsible_party>
  <condition_browse>
    <!-- CAUTION:  The following MeSH terms are assigned with an imperfect algorithm            -->
    <mesh_term>Pneumonia</mesh_term>
    <mesh_term>Lung Injury</mesh_term>
    <mesh_term>Acute Lung Injury</mesh_term>
    <mesh_term>Respiratory Distress Syndrome, Adult</mesh_term>
    <mesh_term>Wounds and Injuries</mesh_term>
  </condition_browse>
  <patient_data>
    <sharing_ipd>No</sharing_ipd>
  </patient_data>
  <!-- Results have not yet been posted for this study                                          -->
</clinical_study>

