<?xml version="1.0" encoding="UTF-8"?>
<clinical_study rank="2660">
  <!-- This xml conforms to an XML Schema at:
    https://clinicaltrials.gov/ct2/html/images/info/public.xsd -->
  <required_header>
    <download_date>ClinicalTrials.gov processed this data on February 18, 2021</download_date>
    <link_text>Link to the current ClinicalTrials.gov record.</link_text>
    <url>https://clinicaltrials.gov/show/NCT04324190</url>
  </required_header>
  <id_info>
    <org_study_id>IPUB_2020_01</org_study_id>
    <nct_id>NCT04324190</nct_id>
  </id_info>
  <brief_title>DIgital Online SuPport for COVID-19 StrEss</brief_title>
  <acronym>DISPOSE</acronym>
  <official_title>Online Support for Psychosocial Stress in the Context of the COVID-19 Pandemic</official_title>
  <sponsors>
    <lead_sponsor>
      <agency>Gunther Meinlschmidt</agency>
      <agency_class>Other</agency_class>
    </lead_sponsor>
    <collaborator>
      <agency>Selfapy GmbH</agency>
      <agency_class>Other</agency_class>
    </collaborator>
  </sponsors>
  <source>International Psychoanalytic University Berlin</source>
  <oversight_info>
    <has_dmc>No</has_dmc>
    <is_fda_regulated_drug>No</is_fda_regulated_drug>
    <is_fda_regulated_device>No</is_fda_regulated_device>
  </oversight_info>
  <brief_summary>
    <textblock>
      The COVID-19 pandemic leads to a greatly increased risk of substantial psychological stress&#xD;
      worldwide. We intend to evaluate an online support program aiming at reducing stress in the&#xD;
      context of the COVID-19 pandemic. The program consists of twelve modules that participants&#xD;
      undergo, covering a broad range of topics related to stress in the context of the COVID-19&#xD;
      pandemic. It has been developed together with and is provided by Selfapy GmbH, Berlin. The&#xD;
      aim of this randomised clinical trial with observational components is to estimate the&#xD;
      effects of the intervention as a whole, as well as individual modules and selected chapters.&#xD;
      Further, follow-up assessments as well as information on risks and the long-term course of&#xD;
      COVID pandemic-related stress may help to elucidate COVID-19 pandemic stress across time and&#xD;
      what we can do to prevent long-term negative consequences.&#xD;
    </textblock>
  </brief_summary>
  <detailed_description>
    <textblock>
      The overall aim of this randomised trial with observational component is to estimate the&#xD;
      effects of a guided digital online support program to increase mental health and reduce&#xD;
      psychosocial stress in the context of the COVID-19 pandemic. More specifically, the main&#xD;
      hypothesis is to estimate whether the improvement in mental health is stronger during the&#xD;
      first two weeks of applying the online support program as compared to a two weeks waiting&#xD;
      condition (with provision of WHO information on 'coping with stress during the 2019-nCoV'&#xD;
      outbreak only). In addition to the randomised control group (second arm: waiting condition,&#xD;
      followed by online support program), the study comprises as third arm a non-randomised&#xD;
      comparator condition, consisting of subjects not intending to participate in the online&#xD;
      support program. Furthermore, our aim is to estimate changes in the outcomes along taking&#xD;
      part in the program.&#xD;
&#xD;
      Additional research questions are:&#xD;
&#xD;
        -  to compare the intervention effects across modules and chapters of the online support&#xD;
           program, including between module comparison with an unspecific, control (comparator)&#xD;
           module: &quot;general information on the corona virus&quot; and its unspecific chapters;&#xD;
&#xD;
        -  to estimate the effects of selected modules on additional outcomes (e.g. physical&#xD;
           activity, and schooling related factors);&#xD;
&#xD;
        -  to describe the magnitude and course of psychosocial stress, mental health and related&#xD;
           factors in the context of the COVID-19 pandemic;&#xD;
&#xD;
        -  to estimate and predict which subjects profit most from specific parts of the program.&#xD;
&#xD;
      Follow-up assessment shall include estimating whether the program prevents the development of&#xD;
      detrimental mental health conditions, e.g. depression, anxiety, etc.&#xD;
&#xD;
      In order to make first study results available as early as possible, we intend to conduct&#xD;
      quick complete analyses (primary outcome and relevant parts of secondary/other outcomes):&#xD;
      These analyses will be conducted with data including subjects from the first 4 weeks of&#xD;
      recruitment, given that a sample size of at least 300 for the online support program arm and&#xD;
      a sample size of at least 300 for the waiting condition is reached; or if not yet reached&#xD;
      after 4 weeks of recruitment, as soon as a sample size of at least 300 for the online support&#xD;
      program arm and a sample size of at least 300 for the waiting condition is reached. However,&#xD;
      we intend to continue recruiting beyond this point in time and sample size (until the&#xD;
      COVID-19 pandemic situation has come to an end, i.e., vaccination is broadly available), to&#xD;
      allow further, also more detailed analyses at a later point in time, resulting in more&#xD;
      precise estimates.&#xD;
    </textblock>
  </detailed_description>
  <overall_status>Recruiting</overall_status>
  <start_date type="Actual">April 8, 2020</start_date>
  <completion_date type="Anticipated">December 2021</completion_date>
  <primary_completion_date type="Anticipated">June 2020</primary_completion_date>
  <phase>N/A</phase>
  <study_type>Interventional</study_type>
  <has_expanded_access>No</has_expanded_access>
  <study_design_info>
    <allocation>Randomized</allocation>
    <intervention_model>Sequential Assignment</intervention_model>
    <intervention_model_description>Randomized controlled trial with a waiting comparator condition (provision of WHO recommendations, comparable to treatment as usual, TAU), consisting of a two weeks waiting period during which general WHO recommendations how to handle stress in the context of the COVID-19 pandemic will be provided. All subjects in the waiting condition will undergo the intervention following the waiting period. Main assessments will be conducted before the waiting period, before beginning of the intervention, two weeks after beginning of the intervention (+2 weeks), +4 weeks, +12 weeks, and follow ups at +6 months and +12 months.</intervention_model_description>
    <primary_purpose>Treatment</primary_purpose>
    <masking>Single (Care Provider)</masking>
    <masking_description>Care providers (providing guidance) are not informed about wether participants have been assigned to the online support program condition or the comparator condition, consisting of a waiting period followed by the online support program.</masking_description>
  </study_design_info>
  <primary_outcome>
    <measure>Change in Short-Form-36 (SF-36) Health Survey - Mental Health Component Summary score</measure>
    <time_frame>Change from T1 (baseline before online support - day 1) to T2 (T1 + 2 weeks) in arm 1, versus change from T0 (baseline before waiting) to T1 (baseline before online support) in arm 2</time_frame>
    <description>The SF-36 is a widely used patient-reported outcome assessment tool to measure health-related quality of life and has high acceptability. The SF-36 is a standardised questionnaire with good psychometric properties.</description>
  </primary_outcome>
  <secondary_outcome>
    <measure>Short-Form-36 (SF-36) Health Survey - Mental Health Component Summary score</measure>
    <time_frame>T2 (T1+2 weeks) (arm 2 only), T3 (T1+4 weeks), T4 (T1+12 weeks), follow ups: T1+ 6 months, T1+12 months</time_frame>
    <description>mental health related quality of life</description>
  </secondary_outcome>
  <secondary_outcome>
    <measure>Chronic stress items (9 items)</measure>
    <time_frame>baseline before waiting (T0, arm 2 only); baseline before online support (day 1, T1), T2 (T1+2 weeks), T3 (T1+4 weeks), T4 (T1+12 weeks), follow ups: T1+ 6 months, T1+12 months</time_frame>
    <description>Assessing chronic stress (Petrowski et al., 2019)</description>
  </secondary_outcome>
  <secondary_outcome>
    <measure>Generalized Anxiety Disorder Scale (GAD-7)</measure>
    <time_frame>baseline before waiting (T0, arm 2 only); baseline before online support (day 1, T1), T2 (T1+2 weeks), T3 (T1+4 weeks), T4 (T1+12 weeks), follow ups: T1+ 6 months, T1+12 months</time_frame>
    <description>Assessing anxiety symptoms (Löwe et al., 2008)</description>
  </secondary_outcome>
  <secondary_outcome>
    <measure>Patient Health Questionnaire (PHQ8)</measure>
    <time_frame>baseline before waiting (T0, arm 2 only); baseline before online support (day 1, T1), T2 (T1+2 weeks), T3 (T1+4 weeks), T4 (T1+12 weeks), follow ups: T1+ 6 months, T1+12 months</time_frame>
    <description>Assessing depressive symptoms (Kroenke et al., 2001)</description>
  </secondary_outcome>
  <secondary_outcome>
    <measure>Somatic Symptom Disorder (SSD-12)</measure>
    <time_frame>baseline before waiting (T0, arm 2 only); baseline before online support (day 1, T1), T2 (T1+2 weeks), T3 (T1+4 weeks), T4 (T1+12 weeks), follow ups: T1+ 6 months, T1+12 months</time_frame>
    <description>Assessing depressive symptoms (Toussaint et al., 2019)</description>
  </secondary_outcome>
  <secondary_outcome>
    <measure>Somatic Symptom Scale (SSS-8)</measure>
    <time_frame>baseline before waiting (T0, arm 2 only); baseline before online support (day 1, T1), T2 (T1+2 weeks), T3 (T1+4 weeks), T4 (T1+12 weeks), follow ups: T1+ 6 months, T1+12 months</time_frame>
    <description>Assessing somatic symptoms (Gierk et al., 2015)</description>
  </secondary_outcome>
  <secondary_outcome>
    <measure>Allgemeine Selbstwirksamkeit Kurzskala (ASKU)</measure>
    <time_frame>baseline before waiting (T0, arm 2 only); baseline before online support (day 1, T1), T2 (T1+2 weeks), T3 (T1+4 weeks), T4 (T1+12 weeks), follow ups: T1+ 6 months, T1+12 months</time_frame>
    <description>competence expectations to deal with difficulties and obstacles in daily life (Beierlein et al., 2014)</description>
  </secondary_outcome>
  <secondary_outcome>
    <measure>Screening Tool for Psychological Distress (STOP-D) - selected items</measure>
    <time_frame>baseline before waiting (T0, arm 2 only); baseline before online support (day 1, T1), T1+2 weeks, T1+4 weeks, T1+12 weeks, follow ups: T1+ 6 months, T1+12 months; before &amp; after each module of the online intervention</time_frame>
    <description>stress, anxiety, depression, social support - single item assessments to be applied repeatedly along the online support intervention (Young, Ignaszewski, Fofonoff, Kaan; 2007), including stress of children and anticipation</description>
  </secondary_outcome>
  <other_outcome>
    <measure>Physical activity</measure>
    <time_frame>baseline before waiting (T0, arm 2 only); baseline before online support (day 1, T1), T1+2 weeks, T1+4 weeks, T1+12 weeks, follow ups: T1+ 6 months, T1+12 months; before &amp; after sports and physical activity module; at baseline: before COVID-19 pandemic</time_frame>
    <description>Vigorous, moderate, and walking activity (minutes/day)</description>
  </other_outcome>
  <other_outcome>
    <measure>Home-schooling</measure>
    <time_frame>baseline before waiting (T0, arm 2 only); baseline before online support (day 1, T1), T1+2 weeks, T1+4 weeks, T1+12 weeks, follow ups: T1+ 6 months, T1+12 months; before &amp; after sports and physical activity module; at baseline: before COVID-19 pandemic</time_frame>
    <description>Questions related to home-schooling related stress &amp; learning</description>
  </other_outcome>
  <other_outcome>
    <measure>Information related to COVID-19 and SARS-CoV-2</measure>
    <time_frame>baseline before waiting (T0, arm 2 only); baseline before online support (day 1, T1), T1+2 weeks, T1+4 weeks, T1+12 weeks, follow ups: T1+ 6 months, T1+12 months; before &amp; after the sports and physical activity module of the online intervention</time_frame>
    <description>Questions related to COVID-19 and SARS-CoV-2 symptoms, disease, and testing, anxiety, stressors</description>
  </other_outcome>
  <other_outcome>
    <measure>Unintended effects</measure>
    <time_frame>only after undergoing online support program: T1+2 weeks, T1+4 weeks, T1+12 weeks, follow ups: T1+ 6 months, T1+12 months</time_frame>
    <description>Unintended effects of online support program</description>
  </other_outcome>
  <number_of_arms>3</number_of_arms>
  <enrollment type="Anticipated">600</enrollment>
  <condition>COVID-19</condition>
  <condition>Psychosocial Stress</condition>
  <condition>Mental Health</condition>
  <arm_group>
    <arm_group_label>Online support program</arm_group_label>
    <arm_group_type>Experimental</arm_group_type>
    <description>Guided online support program, consisting of modules (structured in chapters) aiming at reduce stress related to the COVID-19 pandemic.</description>
  </arm_group>
  <arm_group>
    <arm_group_label>Waiting period (WHO recommendation)</arm_group_label>
    <arm_group_type>Active Comparator</arm_group_type>
    <description>Waiting period (2 weeks duration) during which subjects are provided with the WHO recommendations &quot;Coping with stress during the 2019 nCoV outbreak&quot;. Following the 2 weeks waiting period, subjects are provided with the guided online support program outlined in the arm 'online support program'.</description>
  </arm_group>
  <arm_group>
    <arm_group_label>No intervention (natural course)</arm_group_label>
    <arm_group_type>No Intervention</arm_group_type>
    <description>This non-randomised arm (recruited separately; anticipated sample size of 500 subjects, not counted in the overall anticipated sample size) consists of subjects not intending to participate in the Selfapy online support program. Assessment points in this arm are comparable to those in the arm &quot;Online support program&quot; (in the 'No intervention (natural course)' arm, T1 refers to time of study inclusion).</description>
  </arm_group>
  <intervention>
    <intervention_type>Behavioral</intervention_type>
    <intervention_name>Guided online support program</intervention_name>
    <description>Guided online support program consisting of several modules; Module &quot;General information ...&quot; is an unspecific control module (providing general information on hygiene etc. with no expected effect on outcomes)</description>
    <arm_group_label>Online support program</arm_group_label>
    <arm_group_label>Waiting period (WHO recommendation)</arm_group_label>
    <other_name>online intervention</other_name>
    <other_name>guided online support</other_name>
  </intervention>
  <intervention>
    <intervention_type>Behavioral</intervention_type>
    <intervention_name>WHO recommendations (waiting condition)</intervention_name>
    <description>During the waiting period, a german translation of the WHO recommendations &quot;Coping with stress during the 2019-nCoV outbreak&quot; is provided</description>
    <arm_group_label>Waiting period (WHO recommendation)</arm_group_label>
  </intervention>
  <eligibility>
    <criteria>
      <textblock>
        Inclusion criteria, general:&#xD;
&#xD;
          -  Sufficient German language skills to participate in the assessments.&#xD;
&#xD;
          -  Providing informed consent for participation.&#xD;
&#xD;
        Inclusion criteria for the arms &quot;Online support program&quot; and &quot;Waiting condition...&quot;:&#xD;
&#xD;
        - Having signed up for the online support program provided by selfapy GmbH, Berlin, Germany&#xD;
        (www.selfapy.de/corona) aiming at reducing burden in the context of the COVID-19 pandemic.&#xD;
&#xD;
        Inclusion criteria for the arm &quot;No intervention...&quot;:&#xD;
&#xD;
        - Not having signed up for the online support program provided by selfapy GmbH, Berlin,&#xD;
        Germany (www.selfapy.de/corona) aiming at reducing burden in the context of the COVID-19&#xD;
        pandemic.&#xD;
      </textblock>
    </criteria>
    <gender>All</gender>
    <minimum_age>18 Years</minimum_age>
    <maximum_age>N/A</maximum_age>
    <healthy_volunteers>Accepts Healthy Volunteers</healthy_volunteers>
  </eligibility>
  <overall_contact>
    <last_name>Gunther Meinlschmidt, Prof. Dr.</last_name>
    <phone>+49 30 300117</phone>
    <phone_ext>710</phone_ext>
    <email>gunther.meinlschmidt@ipu-berlin.de</email>
  </overall_contact>
  <location>
    <facility>
      <name>Selfapy GmbH</name>
      <address>
        <city>Berlin</city>
        <zip>10435</zip>
        <country>Germany</country>
      </address>
    </facility>
    <status>Recruiting</status>
    <contact>
      <last_name>Kati Bermbach</last_name>
      <phone>+49 (0) 30 - 3982031</phone>
      <phone_ext>20</phone_ext>
      <email>contact@selfapy.com</email>
    </contact>
  </location>
  <location_countries>
    <country>Germany</country>
  </location_countries>
  <verification_date>April 2020</verification_date>
  <study_first_submitted>March 26, 2020</study_first_submitted>
  <study_first_submitted_qc>March 26, 2020</study_first_submitted_qc>
  <study_first_posted type="Actual">March 27, 2020</study_first_posted>
  <last_update_submitted>April 11, 2020</last_update_submitted>
  <last_update_submitted_qc>April 11, 2020</last_update_submitted_qc>
  <last_update_posted type="Actual">April 14, 2020</last_update_posted>
  <responsible_party>
    <responsible_party_type>Sponsor-Investigator</responsible_party_type>
    <investigator_affiliation>International Psychoanalytic University Berlin</investigator_affiliation>
    <investigator_full_name>Gunther Meinlschmidt</investigator_full_name>
    <investigator_title>Prof. Dr.</investigator_title>
  </responsible_party>
  <keyword>COVID-19</keyword>
  <keyword>SARS-CoV-2</keyword>
  <keyword>psychosocial stress</keyword>
  <keyword>online support</keyword>
  <keyword>guided</keyword>
  <keyword>mental health</keyword>
  <keyword>anxiety</keyword>
  <keyword>depression</keyword>
  <keyword>somatic symptom disorder</keyword>
  <patient_data>
    <sharing_ipd>No</sharing_ipd>
  </patient_data>
  <!-- Results have not yet been posted for this study                                          -->
</clinical_study>

