<?xml version="1.0" encoding="UTF-8"?>
<clinical_study rank="2889">
  <!-- This xml conforms to an XML Schema at:
    https://clinicaltrials.gov/ct2/html/images/info/public.xsd -->
  <required_header>
    <download_date>ClinicalTrials.gov processed this data on February 18, 2021</download_date>
    <link_text>Link to the current ClinicalTrials.gov record.</link_text>
    <url>https://clinicaltrials.gov/show/NCT04677660</url>
  </required_header>
  <id_info>
    <org_study_id>TAK-919-1501</org_study_id>
    <secondary_id>U1111-1261-9040</secondary_id>
    <secondary_id>jRCT2071200069</secondary_id>
    <nct_id>NCT04677660</nct_id>
  </id_info>
  <brief_title>A Study of TAK-919 in Healthy Japanese Adults (COVID-19)</brief_title>
  <official_title>A Phase 1/2, Randomized, Observer-Blind, Placebo-Controlled Trial to Evaluate the Safety and Immunogenicity of TAK-919 by Intramuscular Injection in Healthy Japanese Male and Female Adults Aged 20 Years and Older (COVID-19)</official_title>
  <sponsors>
    <lead_sponsor>
      <agency>Takeda</agency>
      <agency_class>Industry</agency_class>
    </lead_sponsor>
  </sponsors>
  <source>Takeda</source>
  <oversight_info>
    <has_dmc>No</has_dmc>
    <is_fda_regulated_drug>Yes</is_fda_regulated_drug>
    <is_fda_regulated_device>No</is_fda_regulated_device>
    <is_us_export>Yes</is_us_export>
  </oversight_info>
  <brief_summary>
    <textblock>
      TAK-919 is a vaccine in development to protect people against Covid-19. The main aims of the&#xD;
      study are to learn if TAK-919 can protect people from Covid-19 and to check for side effects&#xD;
      from TAK-919.&#xD;
&#xD;
      At the first visit, the study doctor will check if each person can take part. Those who can&#xD;
      take part will be chosen for 1 of 2 treatments by chance. Participants will either receive an&#xD;
      injection of TAK-919 or a placebo in their arm. In this study, a placebo will look like the&#xD;
      TAK-919 vaccine but will not have any medicine in it. 3 times as many participants will&#xD;
      receive TAK-919 than placebo. Participants will receive 2 injections of TAK-919 or placebo,&#xD;
      28 days apart.&#xD;
&#xD;
      Participants will be asked to record their temperature and any medical problems in an&#xD;
      electronic diary for up to 7 days after each injection.&#xD;
&#xD;
      During the study, participants will visit the clinic for regular check-ups, blood tests, and&#xD;
      sometimes for nose swab samples. When all participants have visited their clinic 28 days&#xD;
      after their 2nd injection, the study sponsor (Takeda) will check how many participants have&#xD;
      made enough antibodies to protect them against Covid-19.&#xD;
&#xD;
      The participants will stay in the study for up to 12 months after they have had their 2nd&#xD;
      injection. During this time, the study doctors will continue to check how many participants&#xD;
      have made enough antibodies to protect them against Covid-19. Also, they will check if&#xD;
      participants have any more side effects from TAK-919 or the placebo.&#xD;
    </textblock>
  </brief_summary>
  <detailed_description>
    <textblock>
      The drug being tested in this study is called TAK-919. TAK-919 is being tested to prevent&#xD;
      infectious disease caused by Severe Acute Respiratory Syndrome coronavirus-2 (SARS-CoV-2).&#xD;
      This study will look at the safety and immunogenicity of 2 doses of TAK-919 by intramuscular&#xD;
      (IM) injection in healthy Japanese male and female adults, given 28 days apart.&#xD;
&#xD;
      The study will enroll approximately 200 healthy volunteers. Participants will be randomly&#xD;
      assigned (by chance, like flipping a coin) to one of the two treatment groups-which will&#xD;
      remain undisclosed to the participant and study doctor during the study (unless there is an&#xD;
      urgent medical need):&#xD;
&#xD;
        -  TAK-919 0.5 mL&#xD;
&#xD;
        -  Placebo- this is an injection that looks like the study drug but has no active&#xD;
           ingredient&#xD;
&#xD;
      All participants will be asked to take intramuscular injection in the upper arm twice&#xD;
      throughout the study.&#xD;
&#xD;
      This multi-center trial will be conducted in Japan. The overall time to participate in this&#xD;
      study is 12 months from the second vaccination. Participants will make multiple visits to the&#xD;
      clinic and will be contacted by telephone or a final visit after the last vaccination for a&#xD;
      follow-up assessment.&#xD;
    </textblock>
  </detailed_description>
  <overall_status>Recruiting</overall_status>
  <start_date type="Actual">January 21, 2021</start_date>
  <completion_date type="Anticipated">March 11, 2022</completion_date>
  <primary_completion_date type="Anticipated">March 11, 2022</primary_completion_date>
  <phase>Phase 1/Phase 2</phase>
  <study_type>Interventional</study_type>
  <has_expanded_access>No</has_expanded_access>
  <study_design_info>
    <allocation>Randomized</allocation>
    <intervention_model>Parallel Assignment</intervention_model>
    <primary_purpose>Prevention</primary_purpose>
    <masking>Quadruple (Participant, Care Provider, Investigator, Outcomes Assessor)</masking>
  </study_design_info>
  <primary_outcome>
    <measure>Percentage of Participants with Reported Solicited Local Adverse Events (AEs) for 7 Days Following Each Vaccination</measure>
    <time_frame>Up to Day 7 after each vaccination</time_frame>
    <description>An Adverse Event (AE) is defined as any untoward medical occurrence in a clinical investigation subject administered an investigational medicinal product (IMP); it does not necessarily have to have a causal relationship with IMP administration. Reported solicited local AEs are defined as injection site pain, erythema/redness, swelling, induration, and axillary (underarm) swelling or tenderness ipsilateral to the side of injection.</description>
  </primary_outcome>
  <primary_outcome>
    <measure>Percentage of Participants with Solicited Systemic AEs for 7 Days Following Each Vaccination</measure>
    <time_frame>Up to Day 7 after each vaccination</time_frame>
    <description>Solicited systemic AEs are defined as headache, fatigue, myalgia, arthralgia, nausea/vomiting, chills, and fever.</description>
  </primary_outcome>
  <primary_outcome>
    <measure>Percentage of Participants with Unsolicited AEs for 28 Days After Each Vaccination</measure>
    <time_frame>Up to Day 28 after each vaccination</time_frame>
    <description>Unsolicited AEs defines as other AEs than solicited local AEs and solicited systemic AEs.</description>
  </primary_outcome>
  <primary_outcome>
    <measure>Percentage of Participants with Serious AE (SAE) until Day 57</measure>
    <time_frame>Up to Day 57</time_frame>
    <description>An SAE is defined as any untoward medical occurrence that: Results in death, Is life-threatening, Requires inpatient hospitalization or prolongation of existing hospitalization, Results in persistent or significant disability/incapacity, Leads to a congenital anomaly/birth defect in the offspring of a participant, or Is an important medical event.</description>
  </primary_outcome>
  <primary_outcome>
    <measure>Percentage of Participants with Medically-Attended Adverse Events (MAAEs) until Day 57</measure>
    <time_frame>Up to Day 57</time_frame>
  </primary_outcome>
  <primary_outcome>
    <measure>Percentage of Participants with Any AE Leading to Discontinuation of Vaccination</measure>
    <time_frame>Up to Day 57 (up to discontinuation of vaccination)</time_frame>
  </primary_outcome>
  <primary_outcome>
    <measure>Percentage of Participants with Any AE Leading to Participant's Withdrawal from the Trial until Day 57</measure>
    <time_frame>Up to Day 57</time_frame>
  </primary_outcome>
  <primary_outcome>
    <measure>Percentage of Participants with SARS-CoV-2 Infection until Day 57</measure>
    <time_frame>Up to Day 57</time_frame>
  </primary_outcome>
  <primary_outcome>
    <measure>Geometric Mean Titers (GMT) of Serum binding antibody (bAb) Against SARS-CoV-2 on Day 57</measure>
    <time_frame>Day 57</time_frame>
    <description>GMT of serum bAb against SARS-CoV-2 will be measured by ligand-binding assay specific to the SARS-CoV-2 S protein.</description>
  </primary_outcome>
  <primary_outcome>
    <measure>Geometric Mean Fold Rise (GMFR) of Serum bAb Against SARS-CoV-2 on Day 57</measure>
    <time_frame>Day 57</time_frame>
    <description>GMFR of serum bAb against SARS-CoV-2 will be measured by ligand-binding assay specific to the SARS-CoV-2 S protein.</description>
  </primary_outcome>
  <primary_outcome>
    <measure>Seroconversion Rate (SCR) of Serum bAb Against SARS-CoV-2 on Day 57</measure>
    <time_frame>Day 57</time_frame>
    <description>SCR of serum bAb against SARS-CoV-2 will be measured by ligand-binding assay specific to the SARS-CoV-2 S protein. SCR is defined at percentage of participants with a change from below the limit of detection (LOD) to equal to or above LOD, OR, &gt;= 4-fold rises from baseline.</description>
  </primary_outcome>
  <secondary_outcome>
    <measure>Percentage of Participants with SAE throughout the Trial</measure>
    <time_frame>Up to Day 394</time_frame>
  </secondary_outcome>
  <secondary_outcome>
    <measure>Percentage of Participants with MAAEs throughout the Trial</measure>
    <time_frame>Up to Day 394</time_frame>
  </secondary_outcome>
  <secondary_outcome>
    <measure>Percentage of Participants with Any AE Leading to Participant's Withdrawal from the Trial from the Day of Vaccination throughout the Trial</measure>
    <time_frame>Up to Day 394</time_frame>
  </secondary_outcome>
  <secondary_outcome>
    <measure>Percentage of Participants with SARS-CoV-2 Infection throughout the Trial</measure>
    <time_frame>Up to Day 394</time_frame>
  </secondary_outcome>
  <secondary_outcome>
    <measure>GMT of Serum bAb Against SARS-CoV-2 on Day 29, Day 43, Day 209 and Day 394</measure>
    <time_frame>Day 29, Day 43, Day 209 and Day 394</time_frame>
    <description>GMT of serum bAb against SARS-CoV-2 will be measured by ligand-binding assay specific to the SARS-CoV-2 S protein.</description>
  </secondary_outcome>
  <secondary_outcome>
    <measure>GMFR of Serum bAb Against SARS-CoV-2 on Day 29, Day 43, Day 209 and Day 394</measure>
    <time_frame>Day 29, Day 43, Day 209 and Day 394</time_frame>
    <description>GMFR of serum bAb against SARS-CoV-2 will be measured by ligand-binding assay specific to the SARS-CoV-2 S protein.</description>
  </secondary_outcome>
  <secondary_outcome>
    <measure>SCR of Serum bAb Against SARS-CoV-2 on Day 29, Day 43, Day 209 and Day 394</measure>
    <time_frame>Day 29, Day 43, Day 209 and Day 394</time_frame>
    <description>SCR of serum bAb against SARS-CoV-2 will be measured by ligand-binding assay specific to the SARS-CoV-2 S protein. SCR is defined at percentage of participants with a change from below the LOD to equal to or above LOD, OR, &gt;= 4-fold rises from baseline.</description>
  </secondary_outcome>
  <secondary_outcome>
    <measure>GMT of serum neutralizing antibody (nAb) against SARS-CoV-2 on Day 29, Day 43, Day 57, Day 209, and Day 394</measure>
    <time_frame>Day 29, Day 43, Day 57, Day 209, and Day 394</time_frame>
    <description>GMT of serum nAb against SARS-CoV-2 will be measured by assay specific to wild-type virus.</description>
  </secondary_outcome>
  <secondary_outcome>
    <measure>GMFR of serum nAb against SARS-CoV-2 on Day 29, Day 43, Day 57, Day 209, and Day 394</measure>
    <time_frame>Day 29, Day 43, Day 57, Day 209, and Day 394</time_frame>
    <description>GMFR of serum nAb against SARS-CoV-2 will be measured by assay specific to wild-type virus.</description>
  </secondary_outcome>
  <secondary_outcome>
    <measure>SCR of serum nAb against SARS-CoV-2 on Day 29, Day 43, Day 57, Day 209, and Day 394</measure>
    <time_frame>Day 29, Day 43, Day 57, Day 209, and Day 394</time_frame>
    <description>SCR of serum nAb against SARS-CoV-2 will be measured by assay specific to wild-type virus. SCR is defined at percentage of subjects with a change from below the lower limit of quantification (LLOQ) to equal to or above LLOQ, OR, &gt;= 4-fold rises from baseline.</description>
  </secondary_outcome>
  <number_of_arms>2</number_of_arms>
  <enrollment type="Anticipated">200</enrollment>
  <condition>Prevention of Infectious Disease Caused by Severe Acute Respiratory Syndrome Coronavirus-2 (SARS-CoV-2)</condition>
  <arm_group>
    <arm_group_label>TAK-919</arm_group_label>
    <arm_group_type>Experimental</arm_group_type>
    <description>TAK-919 0.5 mL, intramuscular injection in the upper arm</description>
  </arm_group>
  <arm_group>
    <arm_group_label>Placebo</arm_group_label>
    <arm_group_type>Placebo Comparator</arm_group_type>
    <description>TAK-919 Matching Placebo, intramuscular injection in the upper arm</description>
  </arm_group>
  <intervention>
    <intervention_type>Biological</intervention_type>
    <intervention_name>TAK-919</intervention_name>
    <description>TAK-919 intramuscular injection</description>
    <arm_group_label>TAK-919</arm_group_label>
  </intervention>
  <intervention>
    <intervention_type>Biological</intervention_type>
    <intervention_name>Placebo</intervention_name>
    <description>Placebo intramuscular injection</description>
    <arm_group_label>Placebo</arm_group_label>
  </intervention>
  <eligibility>
    <criteria>
      <textblock>
        Inclusion Criteria:&#xD;
&#xD;
          1. Healthy Japanese male and female participants.&#xD;
&#xD;
          2. Participants who understand and are willing to comply with trial procedures and are&#xD;
             available for the duration of follow up.&#xD;
&#xD;
        Exclusion Criteria:&#xD;
&#xD;
          1. Participants who received any other SARS-CoV-2 or other experimental novel coronavirus&#xD;
             vaccine prior to the trial.&#xD;
&#xD;
          2. Participants who have close contact of anyone known to have COVID-19 within 30 days&#xD;
             prior to vaccine administration.&#xD;
&#xD;
          3. Participants who were tested positive for SARS-CoV-2 prior to the trial or on the test&#xD;
             before the vaccination.&#xD;
&#xD;
          4. Participants who are on current treatment with other investigational agents for&#xD;
             prophylaxis of COVID 19.&#xD;
&#xD;
          5. Participants who traveled outside of Japan in the 30 days prior to the trial&#xD;
             participation.&#xD;
&#xD;
          6. Participants with a clinically significant active infection (as assessed by the&#xD;
             Investigator) or oral temperature &gt;= 38 degree Celsius within 3 days of the&#xD;
             vaccination.&#xD;
&#xD;
          7. Participants with a known hypersensitivity or allergy to any of the IMP components.&#xD;
&#xD;
          8. Participants with any illness or history of any illness that, in the opinion of the&#xD;
             Investigator, might interfere with the results of the trial or pose additional risk to&#xD;
             the participants due to participation in the trial.&#xD;
&#xD;
          9. Participants with known or suspected impairment/alteration of immune function,&#xD;
             including history of any autoimmune disease or neuro-inflammatory disease.&#xD;
&#xD;
         10. Abnormalities of splenic or thymic function.&#xD;
&#xD;
         11. Participants with a known bleeding diathesis, or any condition that may be associated&#xD;
             with a prolonged bleeding time.&#xD;
&#xD;
         12. Participants with any serious chronic or progressive disease (eg, neoplasm, insulin&#xD;
             dependent diabetes, cardiac, renal, or hepatic disease).&#xD;
&#xD;
         13. Participants with BMI &gt;= 30 kg/m^2 (BMI=weight in kg/height in meters^2).&#xD;
&#xD;
         14. Participants participating in any clinical trial with another investigational product&#xD;
             within 30 days prior to the vaccination or intend to participate in another clinical&#xD;
             trial at any time during the conduct of this trial.&#xD;
&#xD;
         15. Participants who received or plan to receive any other vaccines within 14 days (for&#xD;
             inactivated vaccines) or 28 days (for live vaccines) prior to trial dose&#xD;
             administration.&#xD;
&#xD;
         16. Participants with acute or chronic clinically significant disease including pulmonary,&#xD;
             cardiovascular, hepatic, or renal abnormality evaluated by physical examination.&#xD;
&#xD;
         17. Participants involved in the trial conduct or their first-degree relatives.&#xD;
&#xD;
         18. Participants who are with or have history of hepatitis B and hepatitis C infection, or&#xD;
             with known human immunodeficiency virus (HIV) infection or HIV-related disease..&#xD;
&#xD;
         19. Female participants who are pregnant or breastfeeding.&#xD;
      </textblock>
    </criteria>
    <gender>All</gender>
    <minimum_age>20 Years</minimum_age>
    <maximum_age>N/A</maximum_age>
    <healthy_volunteers>Accepts Healthy Volunteers</healthy_volunteers>
  </eligibility>
  <overall_official>
    <last_name>Study Director</last_name>
    <role>Study Director</role>
    <affiliation>Takeda</affiliation>
  </overall_official>
  <overall_contact>
    <last_name>Takeda Study Registration Call Center</last_name>
    <phone>+1-877-825-3327</phone>
    <email>medinfoUS@takeda.com</email>
  </overall_contact>
  <location>
    <facility>
      <name>Sumida Hospital</name>
      <address>
        <city>Sumida-ku</city>
        <state>Tokyo</state>
        <country>Japan</country>
      </address>
    </facility>
    <status>Recruiting</status>
  </location>
  <location>
    <facility>
      <name>PS Clinic</name>
      <address>
        <city>Fukuoka</city>
        <country>Japan</country>
      </address>
    </facility>
    <status>Recruiting</status>
  </location>
  <location_countries>
    <country>Japan</country>
  </location_countries>
  <link>
    <url>https://clinicaltrials.takeda.com/study-detail/5ff2d498565ce300294c6ab5</url>
    <description>To obtain more information on the study, click here/on this link</description>
  </link>
  <verification_date>February 2021</verification_date>
  <study_first_submitted>December 18, 2020</study_first_submitted>
  <study_first_submitted_qc>December 18, 2020</study_first_submitted_qc>
  <study_first_posted type="Actual">December 21, 2020</study_first_posted>
  <last_update_submitted>February 2, 2021</last_update_submitted>
  <last_update_submitted_qc>February 2, 2021</last_update_submitted_qc>
  <last_update_posted type="Actual">February 3, 2021</last_update_posted>
  <responsible_party>
    <responsible_party_type>Sponsor</responsible_party_type>
  </responsible_party>
  <condition_browse>
    <!-- CAUTION:  The following MeSH terms are assigned with an imperfect algorithm            -->
    <mesh_term>Communicable Diseases</mesh_term>
    <mesh_term>Infection</mesh_term>
    <mesh_term>Coronavirus Infections</mesh_term>
    <mesh_term>Severe Acute Respiratory Syndrome</mesh_term>
  </condition_browse>
  <patient_data>
    <sharing_ipd>Yes</sharing_ipd>
    <ipd_description>Takeda provides access to the de-identified individual participant data (IPD) for eligible studies to aid qualified researchers in addressing legitimate scientific objectives (Takeda's data sharing commitment is available on https://clinicaltrials.takeda.com/takedas-commitment?commitment=5). These IPDs will be provided in a secure research environment following approval of a data sharing request, and under the terms of a data sharing agreement.</ipd_description>
    <ipd_info_type>Study Protocol</ipd_info_type>
    <ipd_info_type>Statistical Analysis Plan (SAP)</ipd_info_type>
    <ipd_info_type>Informed Consent Form (ICF)</ipd_info_type>
    <ipd_info_type>Clinical Study Report (CSR)</ipd_info_type>
    <ipd_access_criteria>IPD from eligible studies will be shared with qualified researchers according to the criteria and process described on https://vivli.org/ourmember/takeda/. For approved requests, the researchers will be provided access to anonymized data (to respect patient privacy in line with applicable laws and regulations) and with information necessary to address the research objectives under the terms of a data sharing agreement.</ipd_access_criteria>
    <ipd_url>https://vivli.org/ourmember/takeda/</ipd_url>
  </patient_data>
  <!-- Results have not yet been posted for this study                                          -->
</clinical_study>

