<?xml version="1.0" encoding="UTF-8"?>
<clinical_study rank="280">
  <!-- This xml conforms to an XML Schema at:
    https://clinicaltrials.gov/ct2/html/images/info/public.xsd -->
  <required_header>
    <download_date>ClinicalTrials.gov processed this data on February 18, 2021</download_date>
    <link_text>Link to the current ClinicalTrials.gov record.</link_text>
    <url>https://clinicaltrials.gov/show/NCT04746443</url>
  </required_header>
  <id_info>
    <org_study_id>ECM#2020-2501</org_study_id>
    <nct_id>NCT04746443</nct_id>
  </id_info>
  <brief_title>Effect of Covid-19 Affliction on Psychological and Mental Health Among College Going Students: Cross-Sectional Survey</brief_title>
  <official_title>Impact of Covid-19 Affliction on Psychological and Mental Health of the College Students: Cross-Sectional Survey</official_title>
  <sponsors>
    <lead_sponsor>
      <agency>King Khalid University</agency>
      <agency_class>Other</agency_class>
    </lead_sponsor>
  </sponsors>
  <source>King Khalid University</source>
  <oversight_info>
    <has_dmc>Yes</has_dmc>
    <is_fda_regulated_drug>No</is_fda_regulated_drug>
    <is_fda_regulated_device>No</is_fda_regulated_device>
  </oversight_info>
  <brief_summary>
    <textblock>
      The study aims to study the effects of Novel corona virus (COVID-19) on the psychological and&#xD;
      mental health of college going students. Online version of the Event Impact Scale - Revised&#xD;
      will be used to filled by the students who got afflicted by the novel corona virus&#xD;
      (COVID-19).&#xD;
    </textblock>
  </brief_summary>
  <detailed_description>
    <textblock>
      Objective : To study the impact on psychological and mental health of COVID-19 affliction&#xD;
      among college going students&#xD;
&#xD;
      Methodology:&#xD;
&#xD;
      Study Design: Cross-sectional Mode of implementation: Online surveys Population : COVID&#xD;
      positive College students Inclusion criteria: Students positive to corona tests Exclusion&#xD;
      criteria: students negative to corona tests&#xD;
    </textblock>
  </detailed_description>
  <overall_status>Recruiting</overall_status>
  <start_date type="Actual">December 8, 2020</start_date>
  <completion_date type="Anticipated">March 8, 2021</completion_date>
  <primary_completion_date type="Anticipated">March 8, 2021</primary_completion_date>
  <study_type>Observational</study_type>
  <has_expanded_access>No</has_expanded_access>
  <study_design_info>
    <observational_model>Case-Only</observational_model>
    <time_perspective>Cross-Sectional</time_perspective>
  </study_design_info>
  <primary_outcome>
    <measure>EVENT IMPACT SCALE - REVISED</measure>
    <time_frame>Within 1 month of the impact of COVID-19</time_frame>
    <description>The IES-R is a 22-item self-report measure (for DSM-IV) that assesses subjective distress caused by traumatic events. It is a revised version of the older version, the 15-item IES (Horowitz, Wilner, &amp; Alvarez, 1979). The IES-R contains seven additional items related to the hyperarousal symptoms of PTSD, which were not included in the original IES. Items correspond directly to 14 of the 17 DSM-IV symptoms of PTSD</description>
  </primary_outcome>
  <number_of_groups>1</number_of_groups>
  <enrollment type="Anticipated">40</enrollment>
  <condition>Covid19</condition>
  <arm_group>
    <arm_group_label>STUDENTS</arm_group_label>
    <description>COLLEGE STUDENTS WITH POSITIVE COVID-19 TEST</description>
  </arm_group>
  <intervention>
    <intervention_type>Other</intervention_type>
    <intervention_name>NOT APPLICABLE (NA)</intervention_name>
    <description>THE INTERVENTION GROUP IS NOT APPLICABLE TO THE CURRENT STUDY DESIGN</description>
    <arm_group_label>STUDENTS</arm_group_label>
  </intervention>
  <eligibility>
    <study_pop>
      <textblock>
        College going students&#xD;
      </textblock>
    </study_pop>
    <sampling_method>Non-Probability Sample</sampling_method>
    <criteria>
      <textblock>
        Inclusion Criteria: Students positive for COVID-19 test -&#xD;
&#xD;
        Exclusion Criteria: Students negative for COVID-19 test&#xD;
&#xD;
        -&#xD;
      </textblock>
    </criteria>
    <gender>All</gender>
    <minimum_age>18 Years</minimum_age>
    <maximum_age>30 Years</maximum_age>
    <healthy_volunteers>No</healthy_volunteers>
  </eligibility>
  <overall_official>
    <last_name>SNEHIL DIXIT, PhD</last_name>
    <role>Principal Investigator</role>
    <affiliation>King Khalid University</affiliation>
  </overall_official>
  <overall_contact>
    <last_name>SNEHIL DIXIT, PHD</last_name>
    <phone>+966559105324</phone>
    <email>snehil@kku.edu.sa</email>
  </overall_contact>
  <location>
    <facility>
      <name>King Khalid University</name>
      <address>
        <city>Abha</city>
        <state>Aseer</state>
        <country>Saudi Arabia</country>
      </address>
    </facility>
    <status>Recruiting</status>
    <contact>
      <last_name>SNEHIL DIXIT, PhD</last_name>
    </contact>
  </location>
  <location_countries>
    <country>Saudi Arabia</country>
  </location_countries>
  <verification_date>February 2021</verification_date>
  <study_first_submitted>February 8, 2021</study_first_submitted>
  <study_first_submitted_qc>February 8, 2021</study_first_submitted_qc>
  <study_first_posted type="Actual">February 9, 2021</study_first_posted>
  <last_update_submitted>February 8, 2021</last_update_submitted>
  <last_update_submitted_qc>February 8, 2021</last_update_submitted_qc>
  <last_update_posted type="Actual">February 9, 2021</last_update_posted>
  <responsible_party>
    <responsible_party_type>Principal Investigator</responsible_party_type>
    <investigator_affiliation>King Khalid University</investigator_affiliation>
    <investigator_full_name>Snehil Dixit</investigator_full_name>
    <investigator_title>Dr. Snehil Dixit</investigator_title>
  </responsible_party>
  <keyword>college students</keyword>
  <keyword>CORONA</keyword>
  <keyword>COVID-19</keyword>
  <keyword>Graduates</keyword>
  <patient_data>
    <sharing_ipd>No</sharing_ipd>
    <ipd_description>The Data cannot be shared without the prior approval of the University</ipd_description>
  </patient_data>
  <!-- Results have not yet been posted for this study                                          -->
</clinical_study>

