<?xml version="1.0" encoding="UTF-8"?>
<clinical_study rank="3293">
  <!-- This xml conforms to an XML Schema at:
    https://clinicaltrials.gov/ct2/html/images/info/public.xsd -->
  <required_header>
    <download_date>ClinicalTrials.gov processed this data on February 18, 2021</download_date>
    <link_text>Link to the current ClinicalTrials.gov record.</link_text>
    <url>https://clinicaltrials.gov/show/NCT04284046</url>
  </required_header>
  <id_info>
    <org_study_id>CT2019-nCoV</org_study_id>
    <nct_id>NCT04284046</nct_id>
  </id_info>
  <brief_title>CT Scores Predict Mortality in 2019-nCoV Pneumonia</brief_title>
  <official_title>CT Scores Predict Mortality in 2019-nCoV Pneumonia</official_title>
  <sponsors>
    <lead_sponsor>
      <agency>Shanghai General Hospital, Shanghai Jiao Tong University School of Medicine</agency>
      <agency_class>Other</agency_class>
    </lead_sponsor>
  </sponsors>
  <source>Shanghai General Hospital, Shanghai Jiao Tong University School of Medicine</source>
  <oversight_info>
    <is_fda_regulated_drug>No</is_fda_regulated_drug>
    <is_fda_regulated_device>No</is_fda_regulated_device>
  </oversight_info>
  <brief_summary>
    <textblock>
      While 2019-nCoV nucleic acid swab tests has high false positives rate, How to diagnose&#xD;
      2019-nCoV pneumonia and predict prognosis by CT is very important.In this retrospective&#xD;
      single-center study, we consecutively included suspected 2019-nCoV pneumonia critical cases&#xD;
      in the intensive care unit of Wuhan third hospital from January 31, 2020 to February 16,&#xD;
      2020. The cases were confirmed by real-time RT-PCR, and all patients were evaluated with CT,&#xD;
      cutoff values were obtained according to the Yoden index, and were divided into high CT score&#xD;
      group and low CT score group. Epidemiological, demographic, clinical, and laboratory data&#xD;
      were collected.&#xD;
    </textblock>
  </brief_summary>
  <overall_status>Completed</overall_status>
  <start_date type="Actual">January 31, 2020</start_date>
  <completion_date type="Actual">February 18, 2020</completion_date>
  <primary_completion_date type="Actual">February 18, 2020</primary_completion_date>
  <study_type>Observational</study_type>
  <has_expanded_access>No</has_expanded_access>
  <study_design_info>
    <observational_model>Cohort</observational_model>
    <time_perspective>Retrospective</time_perspective>
  </study_design_info>
  <primary_outcome>
    <measure>7-day mortality</measure>
    <time_frame>7-day</time_frame>
  </primary_outcome>
  <number_of_groups>2</number_of_groups>
  <enrollment type="Actual">39</enrollment>
  <condition>CT Scores Predict Mortality in 2019-nCoV Pneumonia</condition>
  <arm_group>
    <arm_group_label>High CT score</arm_group_label>
  </arm_group>
  <arm_group>
    <arm_group_label>Low CTscore</arm_group_label>
  </arm_group>
  <intervention>
    <intervention_type>Other</intervention_type>
    <intervention_name>CT score</intervention_name>
    <description>CT score = normal lung tissue (%) ×1 + GGO (%) ×2 + consolidation (%) ×3</description>
    <arm_group_label>High CT score</arm_group_label>
    <arm_group_label>Low CTscore</arm_group_label>
  </intervention>
  <eligibility>
    <study_pop>
      <textblock>
        all patients suspected of 2019 novel coronavirus infection.&#xD;
      </textblock>
    </study_pop>
    <sampling_method>Non-Probability Sample</sampling_method>
    <criteria>
      <textblock>
        Inclusion Criteria:&#xD;
&#xD;
          -  all patients suspected of 2019 novel coronavirus infection.&#xD;
&#xD;
        Exclusion Criteria:&#xD;
&#xD;
          -  patients' data are not available.&#xD;
      </textblock>
    </criteria>
    <gender>All</gender>
    <minimum_age>N/A</minimum_age>
    <maximum_age>N/A</maximum_age>
    <healthy_volunteers>No</healthy_volunteers>
  </eligibility>
  <location>
    <facility>
      <name>Wuhan third hospital</name>
      <address>
        <city>Wuhan</city>
        <state>Hubei</state>
        <country>China</country>
      </address>
    </facility>
  </location>
  <location_countries>
    <country>China</country>
  </location_countries>
  <verification_date>February 2020</verification_date>
  <study_first_submitted>February 22, 2020</study_first_submitted>
  <study_first_submitted_qc>February 22, 2020</study_first_submitted_qc>
  <study_first_posted type="Actual">February 25, 2020</study_first_posted>
  <last_update_submitted>February 22, 2020</last_update_submitted>
  <last_update_submitted_qc>February 22, 2020</last_update_submitted_qc>
  <last_update_posted type="Actual">February 25, 2020</last_update_posted>
  <responsible_party>
    <responsible_party_type>Principal Investigator</responsible_party_type>
    <investigator_affiliation>Shanghai General Hospital, Shanghai Jiao Tong University School of Medicine</investigator_affiliation>
    <investigator_full_name>Ruilan Wang</investigator_full_name>
    <investigator_title>PhD</investigator_title>
  </responsible_party>
  <condition_browse>
    <!-- CAUTION:  The following MeSH terms are assigned with an imperfect algorithm            -->
    <mesh_term>Pneumonia</mesh_term>
  </condition_browse>
  <!-- Results have not yet been posted for this study                                          -->
</clinical_study>

