<?xml version="1.0" encoding="UTF-8"?>
<clinical_study rank="2920">
  <!-- This xml conforms to an XML Schema at:
    https://clinicaltrials.gov/ct2/html/images/info/public.xsd -->
  <required_header>
    <download_date>ClinicalTrials.gov processed this data on February 18, 2021</download_date>
    <link_text>Link to the current ClinicalTrials.gov record.</link_text>
    <url>https://clinicaltrials.gov/show/NCT04407507</url>
  </required_header>
  <id_info>
    <org_study_id>SARS-COV-IverMX-01</org_study_id>
    <nct_id>NCT04407507</nct_id>
  </id_info>
  <brief_title>Efficacy, Safety and Tolerability of Ivermectin in Subjects Infected With SARS-CoV-2 With or Without Symptoms</brief_title>
  <acronym>SILVERBULLET</acronym>
  <official_title>Multicenter, Double-blind, Randomized, Placebo-controlled Study to Assess the Efficacy, Safety and Tolerability of Ivermectin in Mild Virus-positive Subjects (SARS-CoV)-2 With or Without Symptoms</official_title>
  <sponsors>
    <lead_sponsor>
      <agency>Investigacion Biomedica para el Desarrollo de Farmacos S.A. de C.V.</agency>
      <agency_class>Other</agency_class>
    </lead_sponsor>
  </sponsors>
  <source>Investigacion Biomedica para el Desarrollo de Farmacos S.A. de C.V.</source>
  <oversight_info>
    <has_dmc>Yes</has_dmc>
    <is_fda_regulated_drug>No</is_fda_regulated_drug>
    <is_fda_regulated_device>No</is_fda_regulated_device>
    <is_us_export>No</is_us_export>
  </oversight_info>
  <brief_summary>
    <textblock>
      This study aims to evaluate the efficacy, safety and tolerability of Ivermectin in patients&#xD;
      with mild SARS-CoV-2 infection, in the rate of progression to severe 2019 novel coronavirus&#xD;
      disease (COVID-19).&#xD;
&#xD;
      The primary efficacy endpoint is the proportion of participants with a disease control status&#xD;
      defined as no progression of severe disease Hypothesis (H0): There is no difference between&#xD;
      group A (ivermectin + paracetamol) and group B (ivermectin + paracetamol) in terms of the&#xD;
      primary endpoint on day 14.&#xD;
    </textblock>
  </brief_summary>
  <detailed_description>
    <textblock>
      In late 2019, an unidentified viral pneumonia was detected in Wuhan, China. Later, it was&#xD;
      declared that it was pneumonia due to a new coronavirus. The World Health Organization (WHO)&#xD;
      officially called it COVID-19 disease (Xie and Chen 2020).&#xD;
&#xD;
      Ivermectin is a broad-spectrum antiparasitic agent, developed to combat parasitic worms in&#xD;
      veterinary use and in human medicine. This compound has been used orally in humans to treat&#xD;
      filariasis, but is also effective against other worm-associated infections, as well as&#xD;
      parasitic skin diseases and insect infections. It is approved for human use in several&#xD;
      countries, to treat onchocerciasis, lymphatic filariasis, strongyloidiasis, and scabies, and&#xD;
      recently in capillary pediculosis. When avermectins were discovered, they represented a new&#xD;
      class of compounds that kill various ranges of disease-causing organisms, as well as pathogen&#xD;
      vectors, inside and outside the body. Ivermectin is a semi-synthetic mixture of two&#xD;
      chemically modified avermectins, comprising 80% 22,23-dihydroavermectin B1 and 20%&#xD;
      22,23-dihydroavermectin-B1b.&#xD;
&#xD;
      Other diseases that have been treated with ivermectin are: trichinosis, vector insects,&#xD;
      malaria, trypanosomiasis, allergic asthma, rosacea, bedbugs, schistosomiasis, chagas disease,&#xD;
      epilepsy, neurological diseases. Furthermore, it has been observed to have effects as an&#xD;
      antibiotic and anticancer (Crump 2017).&#xD;
&#xD;
      In turn, Ivermectin has been described as a broad-spectrum antiviral, inhibiting nuclear&#xD;
      import by its ability to inactivate host nuclear transport proteins, such as integrase and&#xD;
      nonstructural protein 5 (NS5), limiting the ability to infect the western virus of the Nile&#xD;
      in low concentrations (Yang et al. 2020), as well as inhibiting the replication of the yellow&#xD;
      fever virus and other flaviviruses, such as dengue, and encephalitis, probably attacking the&#xD;
      activity of nonstructural helicase 3 (Crump 2017).&#xD;
&#xD;
      Ivermectin, at a dose of 150-200 mcg / kg, is the first line of treatment for river blind&#xD;
      disease (onchocerca volvulus), lymphatic filariasis, and strongyloidiasis(Crump 2017)..&#xD;
&#xD;
      French authorities approved ivermectin for humans in 1987. Shortly thereafter, Merck &amp; Co Inc&#xD;
      donated ivermectin for onchocerciasis control. Since then, more than two billion treatments&#xD;
      have been distributed in Africa and Latin America for onchocerciasis and lymphatic filariasis&#xD;
      (Chaccour et al. 2013; Smit et al. 2016).&#xD;
&#xD;
      In this context, ivermectin adverse events have been mild, transient and associated with the&#xD;
      intensity of the infection. No significant association was found between ivermectin plasma&#xD;
      levels and adverse events(Merck &amp; Co 2009).&#xD;
&#xD;
      Wagstaff et al. published preliminary studies in in vitro cultures, where they observed that&#xD;
      a 5000-fold reduction in the viral RNA content of cells infected with the SARS-CoV-2 virus,&#xD;
      treated with a single dose of ivermectin (Caly et al. 2020).&#xD;
&#xD;
      Ivermectin therapy has not been tested in COVID-19 subjects and is therefore intended to be&#xD;
      used as an adjuvant treatment; therefore, all study subjects will receive ivermectin or&#xD;
      placebo in addition to therapy that their treating physician deems appropriate. Since&#xD;
      ivermectin is in an early phase of clinical development, the use of base therapy will ensure&#xD;
      that all subjects, including subjects who are randomized to receive placebo, have the benefit&#xD;
      of receiving treatment with the base therapy that is available.&#xD;
&#xD;
      Research Objectives The main objective of this study is to evaluate the efficacy, safety and&#xD;
      tolerability of ivermectin in patients with mild SARS-CoV-2 infection, in the rate of&#xD;
      progression to severe COVID-19.&#xD;
&#xD;
      Secondary objectives&#xD;
&#xD;
        -  Quantify the replication rate of the SARS-CoV-2 virus at days 5 and 14 after diagnosis&#xD;
           quantitatively by real-time reverse transcription polymerase chain reaction (RT-PCR).&#xD;
&#xD;
        -  Evaluate the presence and frequency of symptoms associated with COVID-19 disease (fever,&#xD;
           cough, myalgia, fatigue, shortness of breath, headache, diarrhea, and expectoration)&#xD;
           daily for 14 days.&#xD;
&#xD;
        -  Investigate the presence of adverse events associated or not with the study drug for 14&#xD;
           days.&#xD;
&#xD;
        -  Search for associations between the morbidities of the evaluated subjects and the&#xD;
           intensity of the disease.&#xD;
&#xD;
        -  Search for a relationship between medical history of bacille Calmette Guerin (BCG)&#xD;
           vaccines and the intensity of the disease.&#xD;
&#xD;
        -  Evaluate the frequency of death in the subjects, associated with COVID-19.&#xD;
    </textblock>
  </detailed_description>
  <overall_status>Not yet recruiting</overall_status>
  <start_date type="Anticipated">June 2020</start_date>
  <completion_date type="Anticipated">October 2020</completion_date>
  <primary_completion_date type="Anticipated">August 2020</primary_completion_date>
  <phase>Phase 2</phase>
  <study_type>Interventional</study_type>
  <has_expanded_access>No</has_expanded_access>
  <study_design_info>
    <allocation>Randomized</allocation>
    <intervention_model>Parallel Assignment</intervention_model>
    <primary_purpose>Treatment</primary_purpose>
    <masking>Single (Care Provider)</masking>
  </study_design_info>
  <primary_outcome>
    <measure>Participants with a disease control status defined as no disease progression to severe.</measure>
    <time_frame>14 days</time_frame>
    <description>The subject is considered to have progressed to severe illness when one or more of the following criteria are present:&#xD;
Breathing difficulty (≥30 breaths per minute);&#xD;
Resting oxygen saturation ≤93%;&#xD;
Severe complications such as: respiratory failure, need for mechanical ventilation, septic shock, non-respiratory organic failure.</description>
  </primary_outcome>
  <number_of_arms>2</number_of_arms>
  <enrollment type="Anticipated">66</enrollment>
  <condition>COVID-19</condition>
  <arm_group>
    <arm_group_label>Ivermectin</arm_group_label>
    <arm_group_type>Experimental</arm_group_type>
    <description>Ivermectin 12 mg / day for 3 days, in combination with paracetamol therapy (500 mg QID) for 14 days</description>
  </arm_group>
  <arm_group>
    <arm_group_label>Placebo</arm_group_label>
    <arm_group_type>Placebo Comparator</arm_group_type>
    <description>Ivermectin placebo 12 mg / day for 3 days, in combination with paracetamol therapy (500 mg QID) for 14 days</description>
  </arm_group>
  <intervention>
    <intervention_type>Drug</intervention_type>
    <intervention_name>Ivermectin</intervention_name>
    <description>ivermectin 12 mg / day for 3 days, in combination with standard paracetamol therapy (500 mg QID) for 14 days</description>
    <arm_group_label>Ivermectin</arm_group_label>
  </intervention>
  <intervention>
    <intervention_type>Drug</intervention_type>
    <intervention_name>Placebo</intervention_name>
    <description>Placebo of ivermectin 12 mg / day for 3 days, in combination with standard paracetamol therapy (500 mg QID) for 14 days</description>
    <arm_group_label>Placebo</arm_group_label>
  </intervention>
  <eligibility>
    <criteria>
      <textblock>
        Inclusion Criteria:&#xD;
&#xD;
          -  Diagnosis of acute severe respiratory syndrome due to SARS-CoV-12 coronavirus&#xD;
             infection defined by RT-PCR.&#xD;
&#xD;
          -  Asymptomatic, or with mild symptoms who are taking outpatient treatment of the&#xD;
             disease.&#xD;
&#xD;
          -  Signed Informed Consent.&#xD;
&#xD;
        Exclusion Criteria:&#xD;
&#xD;
          1. Patients with severe disease COVID-19.&#xD;
&#xD;
          2. Positive to proof of infection by some other virus such as influenza H1N1, SARS, etc.&#xD;
&#xD;
          3. Recurrent urinary tract infections.&#xD;
&#xD;
          4. Alanine Aminotransferase (ALT) or Aspartate Aminotransferase (AST)&gt; 5 times above its&#xD;
             normal limits.&#xD;
&#xD;
          5. Pregnant or lactating patients&#xD;
&#xD;
          6. Patients receiving antihypertensive medication verapamil, the immunosuppressant&#xD;
             cyclosporin A and / or the antipsychotic trifluoperazine.&#xD;
&#xD;
          7. Patients with a known allergy or hypersensitivity to dewormers.&#xD;
&#xD;
          8. Patients who are using an antioxidant supplement.&#xD;
&#xD;
          9. Patients with a history of filariasis, strongyloidiasis, scabies, river blindness, or&#xD;
             any parasitic disease in the last twelve months.&#xD;
      </textblock>
    </criteria>
    <gender>All</gender>
    <minimum_age>18 Years</minimum_age>
    <maximum_age>N/A</maximum_age>
    <healthy_volunteers>No</healthy_volunteers>
  </eligibility>
  <overall_official>
    <last_name>Alma M Perez, MD</last_name>
    <role>Principal Investigator</role>
    <affiliation>Centro de Investigación Farmacéutica Especializada de Occidente S.C.</affiliation>
  </overall_official>
  <overall_contact>
    <last_name>Carmen de la Rocha, PhD</last_name>
    <phone>+52 (33) 1522 0008</phone>
    <email>carmen.delarocha@investigacionbiomedica.com.mx</email>
  </overall_contact>
  <overall_contact_backup>
    <last_name>Marco A Cid</last_name>
    <email>marco.cid@investigacionbiomedica.com.mx</email>
  </overall_contact_backup>
  <link>
    <url>http://www.accessdata.fda.gov/drugsatfda_docs/label/2009/050742s026lbl.pdf</url>
    <description>Stromectol. FDA Approved Package Insert 2009</description>
  </link>
  <results_reference>
    <citation>Caly L, Druce JD, Catton MG, Jans DA, Wagstaff KM. The FDA-approved drug ivermectin inhibits the replication of SARS-CoV-2 in vitro. Antiviral Res. 2020 Jun;178:104787. doi: 10.1016/j.antiviral.2020.104787. Epub 2020 Apr 3.</citation>
    <PMID>32251768</PMID>
  </results_reference>
  <results_reference>
    <citation>Chaccour CJ, Kobylinski KC, Bassat Q, Bousema T, Drakeley C, Alonso P, Foy BD. Ivermectin to reduce malaria transmission: a research agenda for a promising new tool for elimination. Malar J. 2013 May 7;12:153. doi: 10.1186/1475-2875-12-153.</citation>
    <PMID>23647969</PMID>
  </results_reference>
  <results_reference>
    <citation>Smit MR, Ochomo E, Aljayyoussi G, Kwambai T, Abong'o B, Bayoh N, Gimnig J, Samuels A, Desai M, Phillips-Howard PA, Kariuki S, Wang D, Ward S, Ter Kuile FO. Efficacy and Safety of High-Dose Ivermectin for Reducing Malaria Transmission (IVERMAL): Protocol for a Double-Blind, Randomized, Placebo-Controlled, Dose-Finding Trial in Western Kenya. JMIR Res Protoc. 2016 Nov 17;5(4):e213.</citation>
    <PMID>27856406</PMID>
  </results_reference>
  <results_reference>
    <citation>Xie M, Chen Q. Insight into 2019 novel coronavirus - An updated interim review and lessons from SARS-CoV and MERS-CoV. Int J Infect Dis. 2020 May;94:119-124. doi: 10.1016/j.ijid.2020.03.071. Epub 2020 Apr 1. Review.</citation>
    <PMID>32247050</PMID>
  </results_reference>
  <results_reference>
    <citation>Yang SNY, Atkinson SC, Wang C, Lee A, Bogoyevitch MA, Borg NA, Jans DA. The broad spectrum antiviral ivermectin targets the host nuclear transport importin α/β1 heterodimer. Antiviral Res. 2020 May;177:104760. doi: 10.1016/j.antiviral.2020.104760. Epub 2020 Mar 3.</citation>
    <PMID>32135219</PMID>
  </results_reference>
  <verification_date>May 2020</verification_date>
  <study_first_submitted>May 27, 2020</study_first_submitted>
  <study_first_submitted_qc>May 27, 2020</study_first_submitted_qc>
  <study_first_posted type="Actual">May 29, 2020</study_first_posted>
  <last_update_submitted>May 27, 2020</last_update_submitted>
  <last_update_submitted_qc>May 27, 2020</last_update_submitted_qc>
  <last_update_posted type="Actual">May 29, 2020</last_update_posted>
  <responsible_party>
    <responsible_party_type>Sponsor</responsible_party_type>
  </responsible_party>
  <keyword>Ivermectin</keyword>
  <intervention_browse>
    <!-- CAUTION:  The following MeSH terms are assigned with an imperfect algorithm            -->
    <mesh_term>Ivermectin</mesh_term>
  </intervention_browse>
  <!-- Results have not yet been posted for this study                                          -->
</clinical_study>

