<?xml version="1.0" encoding="UTF-8"?>
<clinical_study rank="2832">
  <!-- This xml conforms to an XML Schema at:
    https://clinicaltrials.gov/ct2/html/images/info/public.xsd -->
  <required_header>
    <download_date>ClinicalTrials.gov processed this data on February 18, 2021</download_date>
    <link_text>Link to the current ClinicalTrials.gov record.</link_text>
    <url>https://clinicaltrials.gov/show/NCT04341441</url>
  </required_header>
  <id_info>
    <org_study_id>1410401</org_study_id>
    <nct_id>NCT04341441</nct_id>
  </id_info>
  <brief_title>Will Hydroxychloroquine Impede or Prevent COVID-19</brief_title>
  <acronym>WHIP COVID-19</acronym>
  <official_title>Will Hydroxychloroquine Impede or Prevent COVID-19: WHIP COVID-19 Study</official_title>
  <sponsors>
    <lead_sponsor>
      <agency>Henry Ford Health System</agency>
      <agency_class>Other</agency_class>
    </lead_sponsor>
  </sponsors>
  <source>Henry Ford Health System</source>
  <oversight_info>
    <has_dmc>Yes</has_dmc>
    <is_fda_regulated_drug>Yes</is_fda_regulated_drug>
    <is_fda_regulated_device>No</is_fda_regulated_device>
    <is_us_export>No</is_us_export>
  </oversight_info>
  <brief_summary>
    <textblock>
      This is a prospective, multi-site study designed to evaluate whether the use of&#xD;
      hydroxychloroquine in healthcare workers (HCW), Nursing Home Workers (NHW), first responders&#xD;
      (FR), and Detroit Department of Transportation bus drivers (DDOT) in SE, Michigan, can&#xD;
      prevent the acquisition, symptoms and clinical COVID-19 infection&#xD;
&#xD;
      The primary objective of this study is to determine whether the use of daily or weekly oral&#xD;
      hydroxychloroquine (HCQ) therapy will prevent SARS-CoV-2 infection and COVID-19 viremia and&#xD;
      clinical COVID-19 infection healthcare workers (HCW) and first responders (FR) (EMS, Fire,&#xD;
      Police, bus drivers) in Southeast Michigan.&#xD;
&#xD;
      Preventing COVID-19 transmission to HCW, FR, and Detroit Department of Transportation (DDOT)&#xD;
      bus drivers is a critical step in preserving the health care and first responder force, the&#xD;
      prevention of COVID-19 transmission in health care facilities, with the potential to preserve&#xD;
      thousands of lives in addition to sustaining health care systems and civil services both&#xD;
      nationally and globally. If efficacious, further studies on the use of hydroxychloroquine to&#xD;
      prevent COVID-19 in the general population could be undertaken, with a potential impact on&#xD;
      hundreds of thousands of lives.&#xD;
    </textblock>
  </brief_summary>
  <detailed_description>
    <textblock>
      The study will randomize a total of 3,000 HCW, NHW, FR and DDOT bus drivers within Henry Ford&#xD;
      Hospital System, the Detroit COVID Consortium in Southeast, Michigan. The participants will&#xD;
      be randomized in a 1:1:1 blinded comparison of daily HCQ, weekly HCQ, or placebo. A fourth&#xD;
      non-randomized comparator group of HCW, NHW, DDOT bus drivers, and FR who are currently on&#xD;
      standard HCQ therapy will be recruited to assess the impact of weightbased daily dosing of&#xD;
      HCQ as compared to the randomized arms.&#xD;
&#xD;
      Eligible participants who are asymptomatic for pre-specified signs and symptoms suggestive of&#xD;
      COVID-19 infection will have a whole blood specimen obtained at study entry.&#xD;
&#xD;
      Participants will be provided with weekly dosing of hydroxychloroquine (HCQ) 400mg po q&#xD;
      weekly, daily dosing of HCQ 200mg po q daily following a loading dose of 400mg day 1, or&#xD;
      placebo. Participants will receive monitoring at each study week visit to assess for the&#xD;
      development of COVID-19 related symptoms, COVID-19 clinical disease, and medication side&#xD;
      effects. At week 8 or if diagnosed positive, participants will provide additional samples of&#xD;
      whole blood and complete the final study questionnaire.&#xD;
&#xD;
      Data including demographic, clinical results, work duties, location of main work area and&#xD;
      possible exposures in the community will be collected through questionnaires and EMR review.&#xD;
      Disease-specific, immunologic, and other serologic marker data will be obtained from stored&#xD;
      samples.&#xD;
    </textblock>
  </detailed_description>
  <overall_status>Terminated</overall_status>
  <why_stopped>
    Interim analysis did not reveal any safety concerns by the DSMB, but unblinded data did not&#xD;
    provide support to continue. Event rate did not meet projected magnitude; given low recruitment&#xD;
    potential, it is unlikely that a positive result will occur.&#xD;
  </why_stopped>
  <start_date type="Actual">April 7, 2020</start_date>
  <completion_date type="Actual">December 15, 2020</completion_date>
  <primary_completion_date type="Actual">December 15, 2020</primary_completion_date>
  <phase>Phase 3</phase>
  <study_type>Interventional</study_type>
  <has_expanded_access>No</has_expanded_access>
  <study_design_info>
    <allocation>Randomized</allocation>
    <intervention_model>Parallel Assignment</intervention_model>
    <intervention_model_description>This is a prospective, multi-site study designed to evaluate whether the use of hydroxychloroquine in healthcare workers (HCW) and first responders (FR) in southeast (SE) Michigan, can prevent the acquisition, symptoms and clinical COVID-19 infection.&#xD;
The study will randomize a total of 3,000 Healthcare Workers and First Responders, age ≥18 years or older, through the Henry Ford Health System, Detroit COVID Consortium. The participants who meeting study entry criteria and are not on HCQ prior to study enrollment will be randomized in a 1:1:1 blinded comparison of daily or weekly oral hydroxychloroquine versus oral placebo for 8 weeks.&#xD;
A fourth non-randomized comparator group will be enrolled in the study comprising of HCW who are chronically on HCQ as part of their standard of care for their autoimmune disease(s). This will be an open enrollment group and will provide information of chronic weight-based daily therapy of HCQ effectiveness as a prophylactic/preventive strategy.</intervention_model_description>
    <primary_purpose>Prevention</primary_purpose>
    <masking>Triple (Participant, Care Provider, Investigator)</masking>
    <masking_description>Blinded randomization will be performed by the Henry Ford Hospital Public Health Sciences investigators once the participants are determined to be eligible for enrollment. Randomization will be stratified by study site and risk of exposure based on location of work and type of work.&#xD;
Once enrolled, each Participant will be assigned a unique identifier (detailed in the full protocol). This number, along with the assigned site number, will constitute the Subject Identifier (Subject ID).</masking_description>
  </study_design_info>
  <primary_outcome>
    <measure>To determine if the use of hydroxychloroquine as preventive therapy decreases the rate of acquisition of SARS-CoV 2 infections and clinical COVID-19 disease in Study Participants for each randomized treatment arm as compared to placebo.</measure>
    <time_frame>8 Weeks</time_frame>
    <description>We will measure the difference in new cases of COVID-19 disease between randomized treatment arms. Plan statistical analyses will include the assumption that up 10% of HCW at risk will become infected if no prophylactic treatment is provided. Therefore we expect that HCQ treatment arm will provide a reduction in the number of SARS-CoV 2 infections by 30%, with an expected study retention rate of 90%, a sample size of ~1500 participants per group, will have an 80% power to detect the difference at p=0.05.</description>
  </primary_outcome>
  <secondary_outcome>
    <measure>Determine the effect of hydroxychloroquine dose in the prevention of COVID-19 viremia and disease.</measure>
    <time_frame>8 Weeks</time_frame>
    <description>Compare the rates of SARS-CoV 2 infections between the randomized treatment arms and the control arms to determine the effect of HCQ dose in the prevention of COVID-19 viremia and disease as determined by study visits, weekly questionnaires, and blood samples.</description>
  </secondary_outcome>
  <secondary_outcome>
    <measure>Assess the impact of chronic weight-based dosing of HCQ for COVID-19 prevention.</measure>
    <time_frame>8 Weeks</time_frame>
    <description>Comparison of the rates of SARS-CoV 2 infections in the non-randomized comparator arm to the randomized groups to assess the impact of chronic weight-based dosing of HCQ for COVID-19 prevention via weekly questionnaire and/or blood samples.</description>
  </secondary_outcome>
  <secondary_outcome>
    <measure>Comparison of the rate of SARS-CoV 2 infections as measured by IgM/IgG seroconversion in study participants receiving randomized HCQ versus placebo.</measure>
    <time_frame>8 Weeks</time_frame>
    <description>Measurement of the rate of SARS-CoV 2 infections as measured by IgM/IgG seroconversion in study participants receiving randomized HCQ versus placebo via blood samples.</description>
  </secondary_outcome>
  <secondary_outcome>
    <measure>Compare the seroprevalence of SARS-CoV 2 IgM/IgG positive samples at study entry and study conclusion in all participants receiving HCQ compared to those receiving placebo.</measure>
    <time_frame>8 Weeks</time_frame>
    <description>Measurement of the seroprevalence of SARS-CoV 2 IgM/IgG positive samples at study entry and study conclusion in all participants receiving HCQ compared to those receiving placebo via blood samples.</description>
  </secondary_outcome>
  <secondary_outcome>
    <measure>Comparison of the emergence of clinical symptoms or COVID-19 diagnosis in participants presenting asymptomatically at study entry but identified as seropositive by serology at entry between the randomized treatment arms and comparator arm.</measure>
    <time_frame>8 Weeks</time_frame>
    <description>Measurement of the emergence of clinical symptoms or COVID-19 diagnosis in participants presenting asymptomatically at study entry but identified as seropositive by serology at entry between the randomized treatment arms and comparator arm and via weekly questionnaire and/or blood samples.</description>
  </secondary_outcome>
  <secondary_outcome>
    <measure>To examine the level of care needed by participants in each arm developing COVID19 as measured as requiring emergency room visit, hospitalization or able to stay home without hospital care.</measure>
    <time_frame>8 Weeks</time_frame>
    <description>Review of the level of care needed by participants in each arm developing COVID19 as measured as requiring emergency room visit, hospitalization or able to stay home without hospital care via weekly questionnaire.</description>
  </secondary_outcome>
  <secondary_outcome>
    <measure>Determine the safety and tolerability of HCQ dosing for preventive strategy against COVID-19 as measured by adverse events and serious adverse events.</measure>
    <time_frame>8 Weeks</time_frame>
    <description>Measurement of the safety and tolerability of HCQ dosing for preventive strategy against COVID-19 as measured by adverse events and serious adverse events reported via weekly questionnaire.</description>
  </secondary_outcome>
  <secondary_outcome>
    <measure>To examine other clinical determinants contributing to the risk of SARS-CoV 2 infection in healthcare workers and first responders.</measure>
    <time_frame>8 Weeks</time_frame>
    <description>Examination of other clinical determinants contributing to the risk of SARS-CoV 2 infection including demographics, work type and location, positive COVID-19 partners, possible exposures and clinical symptoms via study visits and weekly questionnaire.</description>
  </secondary_outcome>
  <secondary_outcome>
    <measure>Examine the association between HCQ drug levels and development of COVID-19 symptoms or positive test results.</measure>
    <time_frame>8 Weeks</time_frame>
    <description>Examine the association between HCQ drug levels and development of COVID-19 symptoms or positive test results via weekly questionnaire and/or blood samples.</description>
  </secondary_outcome>
  <secondary_outcome>
    <measure>identify immunologic, serological and inflammatory markers associated with acquisition and response to COVID-19 in both HCQ and placebo Participants developing laboratory or clinical confirmed disease.</measure>
    <time_frame>8 weeks</time_frame>
    <description>Identification of immunologic, serological and inflammatory markers associated with acquisition and response to COVID-19 in both HCQ and placebo Participants developing laboratory or clinical confirmed disease via study visits, weekly questionnaire, and blood samples.</description>
  </secondary_outcome>
  <number_of_arms>4</number_of_arms>
  <enrollment type="Actual">624</enrollment>
  <condition>COVID-19</condition>
  <condition>Coronavirus</condition>
  <condition>Coronavirus Infections</condition>
  <condition>SARS-CoV 2</condition>
  <arm_group>
    <arm_group_label>Study Drug - Daily Dose</arm_group_label>
    <arm_group_type>Active Comparator</arm_group_type>
    <description>The daily hydroxychloroquine treatment arm will receive a 200 mg oral dose daily following day 1 dose of 400 mg orally once. This dose represents approximately half the standard weight-based dosing recommended for management of autoimmune diseases and therefore less likely to produce side effects than standard of care.</description>
  </arm_group>
  <arm_group>
    <arm_group_label>Study Drug - Weekly Dose</arm_group_label>
    <arm_group_type>Active Comparator</arm_group_type>
    <description>The once weekly randomized treatment arm will receive the proposed dose of hydroxychloroquine for prophylaxis of malaria is 6.5 mg/kg per dose (maximum of 400mg per dose) administered orally weekly on the same day of each week. This is based on the recommended dose for prophylaxis of malaria.</description>
  </arm_group>
  <arm_group>
    <arm_group_label>Placebo</arm_group_label>
    <arm_group_type>Active Comparator</arm_group_type>
    <description>All treatment groups will receive placebo pills to have the patients take 2 pills a day. The randomized placebo arm will receive placebo pills made to resemble the daily dosing of HCQ. Similarly, the once a week treatment arm will receive placebo pills for the days not on HCQ medication.</description>
  </arm_group>
  <arm_group>
    <arm_group_label>Non-Randomized Active Comparator</arm_group_label>
    <arm_group_type>Active Comparator</arm_group_type>
    <description>A non-randomized comparator group will be enrolled in the study comprising of healthcare workers and first responders who are chronically on oral hydroxychloroquine as part of their standard of care for their autoimmune disease(s). This will be an open enrollment group and will provide information of chronic weight-based daily therapy of HCQ effectiveness as a prophylactic/preventive strategy.</description>
  </arm_group>
  <intervention>
    <intervention_type>Drug</intervention_type>
    <intervention_name>Hydroxychloroquine - Daily Dosing</intervention_name>
    <description>The daily hydroxychloroquine treatment arm will receive a 200 mg oral dose daily following day 1 dose of 400 mg orally once. This dose represents approximately half the standard weight-based dosing recommended for management of autoimmune diseases and therefore less likely to produce side effects than standard of care.&#xD;
All treatment groups will receive placebo pills to have the patients take 2 pills a day.</description>
    <arm_group_label>Study Drug - Daily Dose</arm_group_label>
    <other_name>Study Drug - Daily</other_name>
    <other_name>Daily Oral Dosing</other_name>
  </intervention>
  <intervention>
    <intervention_type>Drug</intervention_type>
    <intervention_name>Hydroxychloroquine - Weekly Dosing</intervention_name>
    <description>The once weekly randomized treatment arm will receive the proposed dose of hydroxychloroquine for prophylaxis of malaria is 6.5 mg/kg per dose (maximum of 400 mg per dose) administered orally weekly on the same day of each week. This is based on the recommended dose for prophylaxis of malaria&#xD;
All treatment groups will receive placebo pills to have the patients take 2 pills a day.</description>
    <arm_group_label>Study Drug - Weekly Dose</arm_group_label>
    <other_name>Weekly Oral Dosing</other_name>
  </intervention>
  <intervention>
    <intervention_type>Other</intervention_type>
    <intervention_name>Placebo oral tablet</intervention_name>
    <description>Participants randomized to this arm will be provided with daily dosing of oral placebo to have the patients take 2 pills a day..&#xD;
Participants will receive a monitoring phone call at 4 weeks post study entry to monitor for COVID-19 symptoms and medication side effects. At week 8, participants will provide additional samples of whole blood.&#xD;
Additional studies will include serology, inflammatory and other disease associated markers. Clinical data and location of main work area will be collected.</description>
    <arm_group_label>Placebo</arm_group_label>
    <other_name>Placebo</other_name>
  </intervention>
  <intervention>
    <intervention_type>Diagnostic Test</intervention_type>
    <intervention_name>Monitoring Visit - Baseline</intervention_name>
    <description>Face-to-face monitoring visit to obtain monitoring questionnaires to assess for COVID-19 symptoms/diagnosis, adherence and medication side effects, and collect study blood samples. Three (3) blood specimens will be collected from each Participant using the sterile procedure as routine standard of care. A total of five (5) 10 mL tubes of whole blood will be collected at each timepoint.</description>
    <arm_group_label>Non-Randomized Active Comparator</arm_group_label>
    <arm_group_label>Placebo</arm_group_label>
    <arm_group_label>Study Drug - Daily Dose</arm_group_label>
    <arm_group_label>Study Drug - Weekly Dose</arm_group_label>
    <other_name>Baseline Monitoring Visit</other_name>
  </intervention>
  <intervention>
    <intervention_type>Diagnostic Test</intervention_type>
    <intervention_name>Monitoring Visit - Week 4</intervention_name>
    <description>Face-to-face monitoring visit to obtain monitoring questionnaires to assess for COVID-19 symptoms/diagnosis, adherence and medication side effects, and collect study blood samples. Three (3) blood specimens will be collected from each Participant using the sterile procedure as routine standard of care. A total of five (5) 10 mL tubes of whole blood will be collected at each timepoint.</description>
    <arm_group_label>Non-Randomized Active Comparator</arm_group_label>
    <arm_group_label>Placebo</arm_group_label>
    <arm_group_label>Study Drug - Daily Dose</arm_group_label>
    <arm_group_label>Study Drug - Weekly Dose</arm_group_label>
    <other_name>Week 4 - Monitoring Visit</other_name>
  </intervention>
  <intervention>
    <intervention_type>Diagnostic Test</intervention_type>
    <intervention_name>Monitoring Visit - Week 8</intervention_name>
    <description>Face-to-face monitoring visit to obtain monitoring questionnaires to assess for COVID-19 symptoms/diagnosis, adherence and medication side effects, and collect study blood samples. Three (3) blood specimens will be collected from each Participant using the sterile procedure as routine standard of care. A total of five (5) 10 mL tubes of whole blood will be collected at each timepoint.</description>
    <arm_group_label>Non-Randomized Active Comparator</arm_group_label>
    <arm_group_label>Placebo</arm_group_label>
    <arm_group_label>Study Drug - Daily Dose</arm_group_label>
    <arm_group_label>Study Drug - Weekly Dose</arm_group_label>
    <other_name>Week 8 - Monitoring Visit</other_name>
  </intervention>
  <intervention>
    <intervention_type>Other</intervention_type>
    <intervention_name>Weekly Assessment</intervention_name>
    <description>Participants will be asked to contact the study team if COVID-19 infection is established at any time during the study. For study weeks 1,2,3,5,6 &amp;7, Participants will receive a monitoring questionnaire to assess for COVID-19 symptoms/diagnosis, adherence and medication side effects. These monitoring visits will be done by telephone and/or electronic encounters (virtual visits, email), whichever method the patient prefers to encourage adherence to the monitoring.</description>
    <arm_group_label>Non-Randomized Active Comparator</arm_group_label>
    <arm_group_label>Placebo</arm_group_label>
    <arm_group_label>Study Drug - Daily Dose</arm_group_label>
    <arm_group_label>Study Drug - Weekly Dose</arm_group_label>
    <other_name>Monitoring Call</other_name>
  </intervention>
  <eligibility>
    <criteria>
      <textblock>
        Inclusion Criteria:&#xD;
&#xD;
          1. Participant is willing and able to provide informed consent.&#xD;
&#xD;
          2. Participant is 18-75 years of age.&#xD;
&#xD;
          3. Participant does not have symptoms of respiratory infection, including cough, fevers&#xD;
             (temperature &gt;38.0C), difficulty breathing, shortness of breath, chest pains, malaise,&#xD;
             myalgia, headaches, nausea or vomiting, or other symptoms associated with COVID-19.&#xD;
&#xD;
          4. Participant is willing to provide blood samples for the study.&#xD;
&#xD;
          5. Subject agrees to all aspects of the study.&#xD;
&#xD;
          6. The participant has no known allergies or contraindications (as stated in the consent&#xD;
             form) to the use of hydroxychloroquine (HCQ) as noted in the exclusion criteria and&#xD;
             Pharmacy sections.&#xD;
&#xD;
        Exclusion Criteria:&#xD;
&#xD;
          1. Does not meet inclusion criteria.&#xD;
&#xD;
          2. Participant unable or unwilling to provide informed consent.&#xD;
&#xD;
          3. Participant has any of the symptoms above or screens positive for possible COVID-19&#xD;
             disease.&#xD;
&#xD;
          4. Participant is currently enrolled in a study to evaluate an investigational drug.&#xD;
&#xD;
          5. Vulnerable populations deemed inappropriate for study by the site Principal&#xD;
             Investigator.&#xD;
&#xD;
          6. The participant has a known allergy/hypersensitivity or has a medication or&#xD;
             co-morbidity (including history of gastric bypass, epilepsy, cardiovascular disease or&#xD;
             renal failure) that prevents the use of HCQ (see pharmacy section).&#xD;
&#xD;
          7. The participant is a woman of childbearing age whose pregnancy status is unknown and&#xD;
             is not willing to use 2 methods of contraception.&#xD;
&#xD;
          8. The participant is pregnant or nursing.&#xD;
&#xD;
          9. The participant was diagnosed with retinopathy prior to study entry.&#xD;
&#xD;
         10. The participant has a diagnosis of porphyria prior to study entry.&#xD;
&#xD;
         11. The participant has renal failure with a creatinine clearance of &lt;10 ml/min,&#xD;
             pre-dialysis or requiring dialysis.&#xD;
&#xD;
         12. The Participant has a family history of Sudden Cardiac Death.&#xD;
&#xD;
         13. The participant is currently on diuretic therapy.&#xD;
&#xD;
         14. The participant has a history of known Prolonged QT Syndrome.&#xD;
&#xD;
         15. The participant is already taking any of the following medications: Abiraterone&#xD;
             acetate, Agalsidase, Amodiaquine, Azithromycin, Conivaptan, Dabrafenib, Dacomitinib,&#xD;
             Dapsone (Systemic), Digoxin, Enzalutamide, Fusidic Acid (Systemic), Idelalisib,&#xD;
             Lanthanum, Lumefantrine, Mefloquine, Mifepristone, Mitotane, Pimozide, QT-prolonging&#xD;
             Agents, Stiripentol).&#xD;
      </textblock>
    </criteria>
    <gender>All</gender>
    <minimum_age>18 Years</minimum_age>
    <maximum_age>75 Years</maximum_age>
    <healthy_volunteers>Accepts Healthy Volunteers</healthy_volunteers>
  </eligibility>
  <overall_official>
    <last_name>William W O'Neill, MD</last_name>
    <role>Principal Investigator</role>
    <affiliation>Henry Ford Health System</affiliation>
  </overall_official>
  <overall_official>
    <last_name>Dee Dee Wang, MD</last_name>
    <role>Study Director</role>
    <affiliation>Henry Ford Health System</affiliation>
  </overall_official>
  <location>
    <facility>
      <name>Henry Ford Hospital</name>
      <address>
        <city>Detroit</city>
        <state>Michigan</state>
        <zip>48202</zip>
        <country>United States</country>
      </address>
    </facility>
  </location>
  <location>
    <facility>
      <name>Detroit Department of Transportation (DDOT)</name>
      <address>
        <city>Detroit</city>
        <state>Michigan</state>
        <zip>48226</zip>
        <country>United States</country>
      </address>
    </facility>
  </location>
  <location>
    <facility>
      <name>Detroit Fire Department &amp; Detroit EMS</name>
      <address>
        <city>Detroit</city>
        <state>Michigan</state>
        <zip>48226</zip>
        <country>United States</country>
      </address>
    </facility>
  </location>
  <location>
    <facility>
      <name>Detroit Police Department</name>
      <address>
        <city>Detroit</city>
        <state>Michigan</state>
        <zip>48226</zip>
        <country>United States</country>
      </address>
    </facility>
  </location>
  <location_countries>
    <country>United States</country>
  </location_countries>
  <link>
    <url>https://www.henryford.com/whip-covid-19</url>
    <description>WHIP COVID-19 study website</description>
  </link>
  <reference>
    <citation>Bai Y, Yao L, Wei T, Tian F, Jin DY, Chen L, Wang M. Presumed Asymptomatic Carrier Transmission of COVID-19. JAMA. 2020 Apr 14;323(14):1406-1407. doi: 10.1001/jama.2020.2565.</citation>
    <PMID>32083643</PMID>
  </reference>
  <reference>
    <citation>Chang, Xu H, Rebaza A, Sharma L, Dela Cruz CS. Protecting health-care workers from subclinical coronavirus infection. Lancet Respir Med. 2020 Mar;8(3):e13. doi: 10.1016/S2213-2600(20)30066-7. Epub 2020 Feb 13.</citation>
    <PMID>32061333</PMID>
  </reference>
  <reference>
    <citation>Liu J, Cao R, Xu M, Wang X, Zhang H, Hu H, Li Y, Hu Z, Zhong W, Wang M. Hydroxychloroquine, a less toxic derivative of chloroquine, is effective in inhibiting SARS-CoV-2 infection in vitro. Cell Discov. 2020 Mar 18;6:16. doi: 10.1038/s41421-020-0156-0. eCollection 2020.</citation>
    <PMID>32194981</PMID>
  </reference>
  <reference>
    <citation>Vincent MJ, Bergeron E, Benjannet S, Erickson BR, Rollin PE, Ksiazek TG, Seidah NG, Nichol ST. Chloroquine is a potent inhibitor of SARS coronavirus infection and spread. Virol J. 2005 Aug 22;2:69.</citation>
    <PMID>16115318</PMID>
  </reference>
  <reference>
    <citation>Ben-Zvi I, Kivity S, Langevitz P, Shoenfeld Y. Hydroxychloroquine: from malaria to autoimmunity. Clin Rev Allergy Immunol. 2012 Apr;42(2):145-53. doi: 10.1007/s12016-010-8243-x. Review.</citation>
    <PMID>21221847</PMID>
  </reference>
  <reference>
    <citation>Mohammad S, Clowse MEB, Eudy AM, Criscione-Schreiber LG. Examination of Hydroxychloroquine Use and Hemolytic Anemia in G6PDH-Deficient Patients. Arthritis Care Res (Hoboken). 2018 Mar;70(3):481-485. doi: 10.1002/acr.23296. Epub 2018 Feb 9.</citation>
    <PMID>28556555</PMID>
  </reference>
  <reference>
    <citation>Gautret P, Lagier JC, Parola P, Hoang VT, Meddeb L, Mailhe M, Doudier B, Courjon J, Giordanengo V, Vieira VE, Tissot Dupont H, Honoré S, Colson P, Chabrière E, La Scola B, Rolain JM, Brouqui P, Raoult D. Hydroxychloroquine and azithromycin as a treatment of COVID-19: results of an open-label non-randomized clinical trial. Int J Antimicrob Agents. 2020 Jul;56(1):105949. doi: 10.1016/j.ijantimicag.2020.105949. Epub 2020 Mar 20.</citation>
    <PMID>32205204</PMID>
  </reference>
  <reference>
    <citation>Yao X, Ye F, Zhang M, Cui C, Huang B, Niu P, Liu X, Zhao L, Dong E, Song C, Zhan S, Lu R, Li H, Tan W, Liu D. In Vitro Antiviral Activity and Projection of Optimized Dosing Design of Hydroxychloroquine for the Treatment of Severe Acute Respiratory Syndrome Coronavirus 2 (SARS-CoV-2). Clin Infect Dis. 2020 Jul 28;71(15):732-739. doi: 10.1093/cid/ciaa237.</citation>
    <PMID>32150618</PMID>
  </reference>
  <reference>
    <citation>Lim HS, Im JS, Cho JY, Bae KS, Klein TA, Yeom JS, Kim TS, Choi JS, Jang IJ, Park JW. Pharmacokinetics of hydroxychloroquine and its clinical implications in chemoprophylaxis against malaria caused by Plasmodium vivax. Antimicrob Agents Chemother. 2009 Apr;53(4):1468-75. doi: 10.1128/AAC.00339-08. Epub 2009 Feb 2.</citation>
    <PMID>19188392</PMID>
  </reference>
  <reference>
    <citation>Howard DR, Brown JM, Todd S, Gregory WM. Recommendations on multiple testing adjustment in multi-arm trials with a shared control group. Stat Methods Med Res. 2018 May;27(5):1513-1530. doi: 10.1177/0962280216664759. Epub 2016 Sep 19.</citation>
    <PMID>27647808</PMID>
  </reference>
  <verification_date>December 2020</verification_date>
  <study_first_submitted>April 7, 2020</study_first_submitted>
  <study_first_submitted_qc>April 7, 2020</study_first_submitted_qc>
  <study_first_posted type="Actual">April 10, 2020</study_first_posted>
  <last_update_submitted>December 17, 2020</last_update_submitted>
  <last_update_submitted_qc>December 17, 2020</last_update_submitted_qc>
  <last_update_posted type="Actual">December 21, 2020</last_update_posted>
  <responsible_party>
    <responsible_party_type>Principal Investigator</responsible_party_type>
    <investigator_affiliation>Henry Ford Health System</investigator_affiliation>
    <investigator_full_name>William W. O'Neill</investigator_full_name>
    <investigator_title>Director, Center for Structural Heart Disease</investigator_title>
  </responsible_party>
  <keyword>COVID-19</keyword>
  <keyword>Coronavirus</keyword>
  <keyword>Healthcare Workers</keyword>
  <keyword>SARS-CoV 2</keyword>
  <keyword>First Responders</keyword>
  <keyword>Emergency Medical Technicians</keyword>
  <keyword>Paramedics</keyword>
  <keyword>Firefighters</keyword>
  <keyword>Police Officers</keyword>
  <keyword>Detroit</keyword>
  <keyword>Michigan</keyword>
  <keyword>Henry Ford Hospital</keyword>
  <condition_browse>
    <!-- CAUTION:  The following MeSH terms are assigned with an imperfect algorithm            -->
    <mesh_term>Coronavirus Infections</mesh_term>
    <mesh_term>Severe Acute Respiratory Syndrome</mesh_term>
  </condition_browse>
  <intervention_browse>
    <!-- CAUTION:  The following MeSH terms are assigned with an imperfect algorithm            -->
    <mesh_term>Hydroxychloroquine</mesh_term>
  </intervention_browse>
  <patient_data>
    <sharing_ipd>No</sharing_ipd>
  </patient_data>
  <provided_document_section>
    <provided_document>
      <document_type>Study Protocol</document_type>
      <document_has_protocol>Yes</document_has_protocol>
      <document_has_icf>No</document_has_icf>
      <document_has_sap>No</document_has_sap>
      <document_date>April 19, 2020</document_date>
      <document_url>https://ClinicalTrials.gov/ProvidedDocs/41/NCT04341441/Prot_001.pdf</document_url>
    </provided_document>
  </provided_document_section>
  <!-- Results have not yet been posted for this study                                          -->
</clinical_study>

