<?xml version="1.0" encoding="UTF-8"?>
<clinical_study rank="4795">
  <!-- This xml conforms to an XML Schema at:
    https://clinicaltrials.gov/ct2/html/images/info/public.xsd -->
  <required_header>
    <download_date>ClinicalTrials.gov processed this data on February 18, 2021</download_date>
    <link_text>Link to the current ClinicalTrials.gov record.</link_text>
    <url>https://clinicaltrials.gov/show/NCT04339842</url>
  </required_header>
  <id_info>
    <org_study_id>Nutr2020</org_study_id>
    <nct_id>NCT04339842</nct_id>
  </id_info>
  <brief_title>Eating Habits of Adults During the Quarantine</brief_title>
  <official_title>Eating Habits of Adults During the Quarantine</official_title>
  <sponsors>
    <lead_sponsor>
      <agency>Eliz Arter</agency>
      <agency_class>Other</agency_class>
    </lead_sponsor>
    <collaborator>
      <agency>Cyprus Science University</agency>
      <agency_class>Other</agency_class>
    </collaborator>
  </sponsors>
  <source>Eastern Mediterranean University</source>
  <oversight_info>
    <has_dmc>No</has_dmc>
    <is_fda_regulated_drug>No</is_fda_regulated_drug>
    <is_fda_regulated_device>No</is_fda_regulated_device>
  </oversight_info>
  <brief_summary>
    <textblock>
      The aim of this study is to assess the changes in the dietary habits of adults spending most&#xD;
      of their time in their homes due to the Coronavirus (COVID-19) outbreak. Eating habits of&#xD;
      individuals may vary greatly depending on several factors such as geographic location,&#xD;
      socioeconomic conditions, education level, knowledge about nutrition and psychological&#xD;
      factors. Since this period of quarantine is economically and psychologically stressful, we&#xD;
      hypothesise that individuals may alter their usual eating habits.&#xD;
    </textblock>
  </brief_summary>
  <detailed_description>
    <textblock>
      Since the World Health Organisation (WHO) declared the latest Coronavirus outbreak as a&#xD;
      'pandemic', most countries had to take strict measures such as travel bans and lock-downs to&#xD;
      prevent the spread of the virus. Unfortunately, this unexpected situation has caused many&#xD;
      people around to globe to panic buy and stock up on food for an unpredictable period of time&#xD;
      as it cannot be estimated when the outbreak will be controlled.&#xD;
&#xD;
      Nutrition plays an important role in our everyday life; it makes up a large part of a healthy&#xD;
      life, it brings individuals together to socialise around a table and sometimes it can be used&#xD;
      in times of stress as a coping mechanism leading to emotional eating.&#xD;
&#xD;
      In this study it is hypothesised that adults may tempt to change their everyday eating habits&#xD;
      due to social isolation. Humans are generally sociable beings and this period of social&#xD;
      isolation will psychologically pressurise humans and may cause some of them to eat more in&#xD;
      quantity or frequency as a mechanism to cope with the growing fear and anxiety. On the other&#xD;
      hand, it is also hypothesised that, some individuals may prefer healthier ways of eating,&#xD;
      such as consuming more fruits and vegetables, drinking more water etc, believing that if they&#xD;
      can improve their immunity they will be less likely to contract the virus. The study may also&#xD;
      show that some individuals will be highly impacted economically and this will alter their&#xD;
      dietary preferences.&#xD;
&#xD;
      Within the scope of this study an online survey consisting of 20 questions will be asked to&#xD;
      volunteers who are over the age of 18 and spend most of their time at home in social&#xD;
      isolation because of the Coronavirus outbreak. The survey does not include any personal&#xD;
      questions but only general demographic data including gender, age range, the country they are&#xD;
      currently residing, quarantine duration and whether or not they have observed any changes in&#xD;
      their eating patterns since the beginning of this period.&#xD;
&#xD;
      In some questions, observed changes, if any, are further investigated to include details such&#xD;
      as increase/decrease in portion size, frequency of meals etc.&#xD;
    </textblock>
  </detailed_description>
  <overall_status>Completed</overall_status>
  <start_date type="Actual">April 10, 2020</start_date>
  <completion_date type="Actual">May 31, 2020</completion_date>
  <primary_completion_date type="Actual">May 31, 2020</primary_completion_date>
  <study_type>Observational</study_type>
  <has_expanded_access>No</has_expanded_access>
  <study_design_info>
    <observational_model>Case-Only</observational_model>
    <time_perspective>Cross-Sectional</time_perspective>
  </study_design_info>
  <primary_outcome>
    <measure>Changes in the Eating Habits of Adults during the Quarantine</measure>
    <time_frame>One month</time_frame>
    <description>This online survey will provide us with an idea of whether or not social isolation due to a pandemic will affect the usual eating patterns of adults either because of psychological stress or economic burden. It will also help us understand the context of these changes</description>
  </primary_outcome>
  <number_of_groups>1</number_of_groups>
  <enrollment type="Actual">673</enrollment>
  <condition>Health Behavior</condition>
  <condition>Eating Behavior</condition>
  <arm_group>
    <arm_group_label>Adults in quarantine due to the virus outbreak</arm_group_label>
    <description>Individuals over the age of 18 who spend most of their time at home in social isolation because of the Coronavirus to prevent the risk of contracting the virus</description>
  </arm_group>
  <intervention>
    <intervention_type>Other</intervention_type>
    <intervention_name>Assessment of Dietary Changes in Adults in the Quarantine</intervention_name>
    <description>The online survey will help to collect demographic data from the volunteers. Personal information and contact details, such as email, will not be asked. The survey will include questions about any increase or decrease in the consumption of main meals, snacks and fluid intake. If the participants of the study have observed changes in their dietary pattern since the beginning of the quarantine, details of these changes, such as an increase in the amount of main meal consumption, will be questioned.</description>
    <arm_group_label>Adults in quarantine due to the virus outbreak</arm_group_label>
  </intervention>
  <eligibility>
    <study_pop>
      <textblock>
        Adults in Quarantine in their homes due to the COVID-19 outbreak&#xD;
      </textblock>
    </study_pop>
    <sampling_method>Non-Probability Sample</sampling_method>
    <criteria>
      <textblock>
        Inclusion Criteria:&#xD;
&#xD;
          -  Being between the ages of 18-80&#xD;
&#xD;
          -  Spending most of their time at home in quarantine because of the Coronavirus outbreak&#xD;
             not to contract the virus&#xD;
&#xD;
          -  Having internet access&#xD;
&#xD;
          -  Being able to read and comprehend English language&#xD;
&#xD;
        Exclusion Criteria:&#xD;
&#xD;
          -  Having any mental impairment or degeneration&#xD;
&#xD;
          -  Having any life-threatening health condition&#xD;
      </textblock>
    </criteria>
    <gender>All</gender>
    <minimum_age>18 Years</minimum_age>
    <maximum_age>80 Years</maximum_age>
    <healthy_volunteers>Accepts Healthy Volunteers</healthy_volunteers>
  </eligibility>
  <overall_official>
    <last_name>Eliz Arter</last_name>
    <role>Principal Investigator</role>
    <affiliation>Eastern Mediterranean University</affiliation>
  </overall_official>
  <location>
    <facility>
      <name>Online</name>
      <address>
        <city>Nicosia</city>
        <country>Cyprus</country>
      </address>
    </facility>
  </location>
  <location_countries>
    <country>Cyprus</country>
  </location_countries>
  <verification_date>July 2020</verification_date>
  <study_first_submitted>April 6, 2020</study_first_submitted>
  <study_first_submitted_qc>April 6, 2020</study_first_submitted_qc>
  <study_first_posted type="Actual">April 9, 2020</study_first_posted>
  <last_update_submitted>July 21, 2020</last_update_submitted>
  <last_update_submitted_qc>July 21, 2020</last_update_submitted_qc>
  <last_update_posted type="Actual">July 22, 2020</last_update_posted>
  <responsible_party>
    <responsible_party_type>Sponsor-Investigator</responsible_party_type>
    <investigator_affiliation>Eastern Mediterranean University</investigator_affiliation>
    <investigator_full_name>Eliz Arter</investigator_full_name>
    <investigator_title>Sr. Instr.</investigator_title>
  </responsible_party>
  <keyword>Coronavirus</keyword>
  <keyword>Quarantine</keyword>
  <keyword>Social Isolation</keyword>
  <keyword>Eating Habits</keyword>
  <keyword>Nutrition</keyword>
  <keyword>COVID-19</keyword>
  <provided_document_section>
    <provided_document>
      <document_type>Study Protocol and Statistical Analysis Plan</document_type>
      <document_has_protocol>Yes</document_has_protocol>
      <document_has_icf>No</document_has_icf>
      <document_has_sap>Yes</document_has_sap>
      <document_date>April 6, 2020</document_date>
      <document_url>https://ClinicalTrials.gov/ProvidedDocs/42/NCT04339842/Prot_SAP_000.pdf</document_url>
    </provided_document>
  </provided_document_section>
  <!-- Results have not yet been posted for this study                                          -->
</clinical_study>

