<?xml version="1.0" encoding="UTF-8"?>
<clinical_study rank="3504">
  <!-- This xml conforms to an XML Schema at:
    https://clinicaltrials.gov/ct2/html/images/info/public.xsd -->
  <required_header>
    <download_date>ClinicalTrials.gov processed this data on February 18, 2021</download_date>
    <link_text>Link to the current ClinicalTrials.gov record.</link_text>
    <url>https://clinicaltrials.gov/show/NCT04584424</url>
  </required_header>
  <id_info>
    <org_study_id>EPHI National Cohort</org_study_id>
    <nct_id>NCT04584424</nct_id>
  </id_info>
  <brief_title>Prognostic Factors and Outcomes of COVID-19 Cases in Ethiopia</brief_title>
  <official_title>Prognostic Factors and Outcomes of COVID-19 Cases in Ethiopia: Multi-Site Cohort Study</official_title>
  <sponsors>
    <lead_sponsor>
      <agency>Ethiopian Public Health Institute</agency>
      <agency_class>Other</agency_class>
    </lead_sponsor>
    <collaborator>
      <agency>Netherlands: Ministry of Health, Welfare and Sports</agency>
      <agency_class>Other</agency_class>
    </collaborator>
  </sponsors>
  <source>Ethiopian Public Health Institute</source>
  <oversight_info>
    <has_dmc>No</has_dmc>
    <is_fda_regulated_drug>No</is_fda_regulated_drug>
    <is_fda_regulated_device>No</is_fda_regulated_device>
  </oversight_info>
  <brief_summary>
    <textblock>
      The aim of the study will be to determine the epidemiological and clinical features of&#xD;
      COVID-19 cases, immunological and virological courses, interaction with nutritional status,&#xD;
      and response to treatment for COVID-19 patients admitted to treatment centers in Ethiopia.&#xD;
&#xD;
      Methods: This multi-site cohort enrolls, patients with confirmed COVID-19 infection admitted&#xD;
      to treatment centers will be enrolled irrespective of their symptoms and followed up for 12&#xD;
      months. Baseline epidemiological, clinical, laboratory and imaging data will be collected&#xD;
      from treatment records, interviews, physical measurements and biological samples. Endline&#xD;
      data involves treatment and prognostic outcomes to be measured using different biomarkers and&#xD;
      clinical parameters, The patients will be followed up in the selected treatment centers for&#xD;
      COVID-19 infection. For all data collected both descriptive and multivariable analyses will&#xD;
      be performed to isolated determinants of the treatment outcome and prognosis to generate&#xD;
      relevant information for informed prevention and case management.&#xD;
    </textblock>
  </brief_summary>
  <detailed_description>
    <textblock>
      Background: The coronavirus disease 2019 (COVID-19) became pandemic after emerging in Wuhan,&#xD;
      China, in December 2019 which is caused by severe acute respiratory syndrome coronavirus&#xD;
      (SARS-CoV-2). Following the swift spread of the virus,4, 710,000 confirmed cases and 315,000&#xD;
      deaths were reported worldwide as of May 17, 2020,and 317 confirmed cases and 5 deaths are&#xD;
      reported nationally. To understand the drastically negative impacts of COVID-19 on the public&#xD;
      health and key features pertinent to the disease various researches are under investigation&#xD;
      at the global level and they are contributing to delineating the characteristics of the&#xD;
      disease and its lethality. However, the potential acceptability of different risks varies&#xD;
      depending on numerous factors including the type of research and the context in which it&#xD;
      takes place. Currently, it is recognized that a 'one size fits all' approach towards the&#xD;
      design and implementation of interventions may not be appropriate. Therefore, it is found&#xD;
      apparent that global priorities, protocols and intervention assessments have to be&#xD;
      contextualized and adjusted to local needs and realities, including translation of results.&#xD;
&#xD;
      Objective: To determine the epidemiological and clinical features of COVID-19 cases,&#xD;
      immunological and virological courses, interaction with nutritional status, and response to&#xD;
      treatment for COVID-19 patients admitted to treatment centers in Ethiopia.&#xD;
&#xD;
      Methods: This multi-site cohort enrolls, patients with confirmed COVID-19 infection admitted&#xD;
      to treatment centers will be enrolled irrespective of their symptoms and followed up for 12&#xD;
      months. Baseline epidemiological, clinical, laboratory and imaging data will be collected&#xD;
      from treatment records, interviews, physical measurements and biological samples. Endline&#xD;
      data involves treatment and prognostic outcomes to be measured using different biomarkers and&#xD;
      clinical parameters, The patients will be followed up in the selected treatment centers for&#xD;
      COVID-19 infection. For all data collected both descriptive and multivariable analyses will&#xD;
      be performed to isolated determinants of the treatment outcome and prognosis to generate&#xD;
      relevant information for informed prevention and case management.&#xD;
&#xD;
      Expected outcome: The study will generate scientific data for a systematic understanding of&#xD;
      natural history, epidemiological characteristics, clinical features and management of&#xD;
      COVID-19 that will in turn enables country's health sector to develop strategies to prevent&#xD;
      and control the pandemic before it poses further health and socioeconomic crisis.&#xD;
    </textblock>
  </detailed_description>
  <overall_status>Not yet recruiting</overall_status>
  <start_date type="Anticipated">October 30, 2020</start_date>
  <completion_date type="Anticipated">November 14, 2021</completion_date>
  <primary_completion_date type="Anticipated">September 14, 2021</primary_completion_date>
  <study_type>Observational</study_type>
  <has_expanded_access>No</has_expanded_access>
  <study_design_info>
    <observational_model>Cohort</observational_model>
    <time_perspective>Prospective</time_perspective>
  </study_design_info>
  <primary_outcome>
    <measure>Number of patients survival or death</measure>
    <time_frame>12 months</time_frame>
    <description>Number patients developing severe infection or death</description>
  </primary_outcome>
  <primary_outcome>
    <measure>Rate of recovery time</measure>
    <time_frame>4 weeks</time_frame>
    <description>Mean rate of recovery in patients with diagnosis of COVID-19</description>
  </primary_outcome>
  <primary_outcome>
    <measure>Viral shedding</measure>
    <time_frame>6 weeks</time_frame>
    <description>proportion of shedding detected in environment and personal protective equipment</description>
  </primary_outcome>
  <secondary_outcome>
    <measure>Viral loads</measure>
    <time_frame>12 months</time_frame>
    <description>quantity of viral load</description>
  </secondary_outcome>
  <secondary_outcome>
    <measure>Clinical symptoms and signs</measure>
    <time_frame>12 months</time_frame>
    <description>clinical manifestations Proportions of mild, moderate, severe and critical cases</description>
  </secondary_outcome>
  <secondary_outcome>
    <measure>Blood pressure</measure>
    <time_frame>4 weeks</time_frame>
    <description>Force exerted by the blood against the walls of the vessels (arteries) as it is pumped by the heart. Measurement using the multi-parameter vital signs monitor. Units of measurement in mmHg. Obtain systolic and diastolic pressure.</description>
  </secondary_outcome>
  <secondary_outcome>
    <measure>Assess the prevalence of severe forms among hospitalized patients with diabètes and COVID-19</measure>
    <time_frame>4 weeks</time_frame>
    <description>Prevalence of severe forms among all COVID-19 patients with diabetes</description>
  </secondary_outcome>
  <secondary_outcome>
    <measure>Assess the prevalence of severe forms among hospitalized patients with cancer and COVID-19</measure>
    <time_frame>4 weeks</time_frame>
    <description>proportion of patients with cancer and COVID-19 postive</description>
  </secondary_outcome>
  <secondary_outcome>
    <measure>Lipid Profiles</measure>
    <time_frame>12 months</time_frame>
    <description>TC, TG, HDL-C, and LDL-C</description>
  </secondary_outcome>
  <secondary_outcome>
    <measure>Assess the prevalence of nutrient intakes</measure>
    <time_frame>12 months</time_frame>
    <description>Prevalence of inadequate intake of zinc, Iron and Vitamin A</description>
  </secondary_outcome>
  <secondary_outcome>
    <measure>Assess the prevalence of micronutrients deficiencies among hospitalized patients with COVID-19</measure>
    <time_frame>12 months</time_frame>
    <description>Prevalence of Vitamin D, zinc, and Iron deficiency anemia measured in serum</description>
  </secondary_outcome>
  <enrollment type="Anticipated">6390</enrollment>
  <condition>Epidemiology</condition>
  <condition>Clinical</condition>
  <condition>Nutritional-status</condition>
  <condition>Immunologic Defect</condition>
  <intervention>
    <intervention_type>Other</intervention_type>
    <intervention_name>The study does not required</intervention_name>
    <description>The study is prospective multi-center COVID-19 patient cohort</description>
  </intervention>
  <biospec_retention>Samples With DNA</biospec_retention>
  <biospec_descr>
    <textblock>
      i. Laboratory diagnosis of SARS-CoV-2 infection: Patients' nasopharyngeal/through swab&#xD;
      specimens will be collected for the SARS-CoV-2 viral nucleic acid detection using real-time&#xD;
      reverse transcriptase-polymerase chain reaction (RT-PCR) assay.&#xD;
&#xD;
      ii. Phylogenetic analysis of SARS-CoV-2. iii. Imaging: Chest x-ray, chest computed&#xD;
      tomographic (CT) scans data will be retrieved if available.&#xD;
&#xD;
      iv. Clinical chemistry: Albumin, Fibrinogen level, lactate dehydrogenase, alanine&#xD;
      aminotransferase, aspartate aminotransferase, total bilirubin, creatinine, cardiac troponin,&#xD;
      D-Dimer, pro-calcitonin and C-reactive protein, and vitamin D concentration will be assessed&#xD;
      using fully automated Cobas 6000.&#xD;
&#xD;
      v. Serum levels of Anti-SARS-CoV-2 IgM, IgG or IgM/IgG antibodies, selected pro-inflammatory&#xD;
      cytokines, anti-inflammatory or regulatory cytokines and chemokines will be measured using&#xD;
      rapid or ELISA based platforms.&#xD;
    </textblock>
  </biospec_descr>
  <eligibility>
    <study_pop>
      <textblock>
        The study population will be confirmed SARS-CoV-2 infection (virologically confirmed&#xD;
        diagnosis by RT-PCR). This will include both symptomatic (sever, moderate and critical&#xD;
        cases) and asymptomatic patients.&#xD;
      </textblock>
    </study_pop>
    <sampling_method>Probability Sample</sampling_method>
    <criteria>
      <textblock>
        Inclusion Criteria:&#xD;
&#xD;
          -  Patient admitted to treatment centers, with confirmed SARS-CoV-2 infection&#xD;
             (virologically confirmed diagnosis by RT-PCR).&#xD;
&#xD;
          -  Agrees to be enrolled in the follow-up study and provide all necessary&#xD;
             information/data, blood and nasopharyngeal swab for testing.&#xD;
&#xD;
        Exclusion Criteria:&#xD;
&#xD;
          -  A subject deprived of freedom, subject under a legal protective measure&#xD;
&#xD;
          -  Refusal by participant, parent or appropriate guardian or representative&#xD;
&#xD;
          -  Confirmed diagnosis of other pathogens unrelated to the objectives of this study and&#xD;
             no indication or likelihood of co-infection with a relevant pathogen.&#xD;
&#xD;
          -  Participants who will not willing to stay 12 months in the cohort in Ethiopia.&#xD;
&#xD;
          -  Those who are prior involved in the COVID-19 clinical trial or other intervention&#xD;
             studies.&#xD;
&#xD;
          -  Not capable of understanding or complying with the study protocol or provide consent&#xD;
&#xD;
          -  Anticipated transfer to another hospital that is not a study site within 72 hours&#xD;
&#xD;
          -  Patients who cannot stand straight due to amputation, kyphosis, scoliosis or&#xD;
             paralyzes.&#xD;
      </textblock>
    </criteria>
    <gender>All</gender>
    <minimum_age>N/A</minimum_age>
    <maximum_age>N/A</maximum_age>
    <healthy_volunteers>No</healthy_volunteers>
  </eligibility>
  <location>
    <facility>
      <name>Saro Abdella</name>
      <address>
        <city>Addis Ababa</city>
        <zip>1242</zip>
        <country>Ethiopia</country>
      </address>
    </facility>
    <contact>
      <last_name>Saro Abdella, MPhil</last_name>
      <phone>+251913379751</phone>
      <email>helen_saro@yahoo.com</email>
    </contact>
    <contact_backup>
      <last_name>Masresha Tessema</last_name>
      <phone>+251919782082</phone>
      <email>masresha88@gmail.com</email>
    </contact_backup>
    <investigator>
      <last_name>Saro Abdella, mPhil</last_name>
      <role>Principal Investigator</role>
    </investigator>
    <investigator>
      <last_name>Masresha Tessema, PhD</last_name>
      <role>Principal Investigator</role>
    </investigator>
  </location>
  <location_countries>
    <country>Ethiopia</country>
  </location_countries>
  <verification_date>October 2020</verification_date>
  <study_first_submitted>September 22, 2020</study_first_submitted>
  <study_first_submitted_qc>October 12, 2020</study_first_submitted_qc>
  <study_first_posted type="Actual">October 14, 2020</study_first_posted>
  <last_update_submitted>October 12, 2020</last_update_submitted>
  <last_update_submitted_qc>October 12, 2020</last_update_submitted_qc>
  <last_update_posted type="Actual">October 14, 2020</last_update_posted>
  <responsible_party>
    <responsible_party_type>Principal Investigator</responsible_party_type>
    <investigator_affiliation>Ethiopian Public Health Institute</investigator_affiliation>
    <investigator_full_name>Masresha Tessema</investigator_full_name>
    <investigator_title>Principal Investigator</investigator_title>
  </responsible_party>
  <keyword>Ethiopia, Epidemiological and Clinical features of COVID-19 cases</keyword>
  <patient_data>
    <sharing_ipd>Yes</sharing_ipd>
    <ipd_description>The di-identified datasets after reaching objectives of the study could shared. Interested researchers can request investigators.</ipd_description>
    <ipd_info_type>Study Protocol</ipd_info_type>
    <ipd_info_type>Statistical Analysis Plan (SAP)</ipd_info_type>
    <ipd_info_type>Informed Consent Form (ICF)</ipd_info_type>
    <ipd_info_type>Clinical Study Report (CSR)</ipd_info_type>
    <ipd_info_type>Analytic Code</ipd_info_type>
    <ipd_time_frame>The data will be available upon compilation of the data collection and cleaning</ipd_time_frame>
    <ipd_access_criteria>This may depend on the request and objectives.</ipd_access_criteria>
  </patient_data>
  <!-- Results have not yet been posted for this study                                          -->
</clinical_study>

