<?xml version="1.0" encoding="UTF-8"?>
<clinical_study rank="710">
  <!-- This xml conforms to an XML Schema at:
    https://clinicaltrials.gov/ct2/html/images/info/public.xsd -->
  <required_header>
    <download_date>ClinicalTrials.gov processed this data on February 18, 2021</download_date>
    <link_text>Link to the current ClinicalTrials.gov record.</link_text>
    <url>https://clinicaltrials.gov/show/NCT04387214</url>
  </required_header>
  <id_info>
    <org_study_id>1-2020</org_study_id>
    <nct_id>NCT04387214</nct_id>
  </id_info>
  <brief_title>COVID-19 Pandemic and Academic Performance of Veterinary Students</brief_title>
  <official_title>The Impact of COVID-19 Pandemic on the Academic Performance of Veterinary Medical Students and Researchers</official_title>
  <sponsors>
    <lead_sponsor>
      <agency>South Valley University</agency>
      <agency_class>Other</agency_class>
    </lead_sponsor>
  </sponsors>
  <source>South Valley University</source>
  <oversight_info>
    <has_dmc>No</has_dmc>
    <is_fda_regulated_drug>No</is_fda_regulated_drug>
    <is_fda_regulated_device>No</is_fda_regulated_device>
  </oversight_info>
  <brief_summary>
    <textblock>
      The study aims to analyze the effect of COVID-19 pandemic on the academic performance of&#xD;
      veterinary students, veterinarians, and researchers during the lockdown.&#xD;
    </textblock>
  </brief_summary>
  <overall_status>Completed</overall_status>
  <start_date type="Actual">April 13, 2020</start_date>
  <completion_date type="Actual">August 10, 2020</completion_date>
  <primary_completion_date type="Actual">August 10, 2020</primary_completion_date>
  <study_type>Observational</study_type>
  <has_expanded_access>No</has_expanded_access>
  <study_design_info>
    <observational_model>Other</observational_model>
    <time_perspective>Cross-Sectional</time_perspective>
  </study_design_info>
  <primary_outcome>
    <measure>Measure the effect of COVID-19 pandemic on the academic performance of veterinary medical students</measure>
    <time_frame>13/4/2020 - 10/8/2020</time_frame>
    <description>An online questionnaire (Question:How did COVID-19 pandemic affect your study/ research?. Response: Greatly affected, Moderately affected, slightly affected, Not affected</description>
  </primary_outcome>
  <primary_outcome>
    <measure>Measure the average studying time</measure>
    <time_frame>13/4/2020 - 10/8/2020</time_frame>
    <description>Open question: How many hours do you spend in on-line learning?</description>
  </primary_outcome>
  <primary_outcome>
    <measure>Evaluate on-line education during COVID-19 pandemic lockdown</measure>
    <time_frame>13/4/2020 - 10/8/2020</time_frame>
    <description>Question:How do you rate on-line education? Answer on 1-10 scale, 1 is the lowest evaluation and 10 is the highest evaluation</description>
  </primary_outcome>
  <primary_outcome>
    <measure>Evaluate on-line education in practical lessons during COVID-19 pandemic lockdown</measure>
    <time_frame>13/4/2020 - 10/8/2020</time_frame>
    <description>Question:How do you rate on-line education in practical lessons? Answer on 1-10 scale, 1 is the lowest evaluation and 10 is the highest evaluation</description>
  </primary_outcome>
  <number_of_groups>1</number_of_groups>
  <enrollment type="Actual">1426</enrollment>
  <condition>COVID-19</condition>
  <arm_group>
    <arm_group_label>Veterinary students and researchers</arm_group_label>
  </arm_group>
  <intervention>
    <intervention_type>Other</intervention_type>
    <intervention_name>survey</intervention_name>
    <description>online survey</description>
    <arm_group_label>Veterinary students and researchers</arm_group_label>
  </intervention>
  <eligibility>
    <study_pop>
      <textblock>
        Veterinary students and researchers&#xD;
      </textblock>
    </study_pop>
    <sampling_method>Probability Sample</sampling_method>
    <criteria>
      <textblock>
        Inclusion Criteria:&#xD;
&#xD;
          -  Veterinary students and researchers&#xD;
&#xD;
        Exclusion Criteria:&#xD;
&#xD;
        -&#xD;
      </textblock>
    </criteria>
    <gender>All</gender>
    <minimum_age>18 Years</minimum_age>
    <maximum_age>60 Years</maximum_age>
    <healthy_volunteers>No</healthy_volunteers>
  </eligibility>
  <location>
    <facility>
      <name>South Valley University</name>
      <address>
        <city>Qinā</city>
        <zip>83523</zip>
        <country>Egypt</country>
      </address>
    </facility>
  </location>
  <location_countries>
    <country>Egypt</country>
  </location_countries>
  <link>
    <url>https://www.frontiersin.org/articles/10.3389/fvets.2020.594261/abstract</url>
    <description>Published paper</description>
  </link>
  <verification_date>September 2020</verification_date>
  <study_first_submitted>May 12, 2020</study_first_submitted>
  <study_first_submitted_qc>May 12, 2020</study_first_submitted_qc>
  <study_first_posted type="Actual">May 13, 2020</study_first_posted>
  <last_update_submitted>September 6, 2020</last_update_submitted>
  <last_update_submitted_qc>September 6, 2020</last_update_submitted_qc>
  <last_update_posted type="Actual">September 9, 2020</last_update_posted>
  <responsible_party>
    <responsible_party_type>Principal Investigator</responsible_party_type>
    <investigator_affiliation>South Valley University</investigator_affiliation>
    <investigator_full_name>Mohamed Mahdy</investigator_full_name>
    <investigator_title>Principal Investigator</investigator_title>
  </responsible_party>
  <patient_data>
    <sharing_ipd>Undecided</sharing_ipd>
  </patient_data>
  <!-- Results have not yet been posted for this study                                          -->
</clinical_study>

