<?xml version="1.0" encoding="UTF-8"?>
<clinical_study rank="4660">
  <!-- This xml conforms to an XML Schema at:
    https://clinicaltrials.gov/ct2/html/images/info/public.xsd -->
  <required_header>
    <download_date>ClinicalTrials.gov processed this data on February 18, 2021</download_date>
    <link_text>Link to the current ClinicalTrials.gov record.</link_text>
    <url>https://clinicaltrials.gov/show/NCT04688502</url>
  </required_header>
  <id_info>
    <org_study_id>2431</org_study_id>
    <nct_id>NCT04688502</nct_id>
  </id_info>
  <brief_title>Effects of Wearing a Face Mask During CrossFit Exercise</brief_title>
  <official_title>The Effects of Wearing a Face Mask During COVID-19 on Performance and Intensity Markers During CrossFit Exercise</official_title>
  <sponsors>
    <lead_sponsor>
      <agency>University of Saskatchewan</agency>
      <agency_class>Other</agency_class>
    </lead_sponsor>
  </sponsors>
  <source>University of Saskatchewan</source>
  <oversight_info>
    <has_dmc>No</has_dmc>
    <is_fda_regulated_drug>No</is_fda_regulated_drug>
    <is_fda_regulated_device>No</is_fda_regulated_device>
  </oversight_info>
  <brief_summary>
    <textblock>
      Face masks are important for prevention of transmission and contracting viruses such as&#xD;
      COVID-19. Gymnasiums have been identified as being susceptible to virus transmission;&#xD;
      therefore, wearing face masks during exercise is important during pandemics. This study will&#xD;
      evaluate performance and physiological stress during high-intensity exercise while wearing a&#xD;
      face mask during Crossfit exercise training.&#xD;
    </textblock>
  </brief_summary>
  <detailed_description>
    <textblock>
      Face masks are important for prevention of transmission and contracting viruses such as&#xD;
      COVID-19. Gymnasiums have been identified as being susceptible to virus transmission;&#xD;
      therefore, wearing face masks during exercise is important during pandemics. This study will&#xD;
      evaluate performance and physiological stress during high-intensity exercise while wearing a&#xD;
      face mask during Crossfit exercise training. Twenty-four men and women will be randomly&#xD;
      assigned to perform exercise during Crossfit exercise while wearing or not wearing a surgical&#xD;
      face mask in a cross-over study. Two types of exercise sessions will be assessed: A high&#xD;
      intensity interval session and a continuous exercise session. There will therefore be four&#xD;
      exercise sessions evaluated in our randomized cross-over design: 1) high intensity exercise&#xD;
      while wearing a face mask; 2) high intensity exercise with no face mask; 3) continuous&#xD;
      exercise while wearing a face mask; 4) continuous exercise with no face mask. Outcome&#xD;
      variables to be assessed include exercise performance during the sessions (total repetitions&#xD;
      for pull-ups, push-ups, and squats during continuous exercise and total repetitions for box&#xD;
      jumps during high-intensity exercise). Heart rate, rating of perceived exertion, and dyspnea&#xD;
      will also be assessed throughout the exercise sessions.&#xD;
    </textblock>
  </detailed_description>
  <overall_status>Not yet recruiting</overall_status>
  <start_date type="Anticipated">January 11, 2021</start_date>
  <completion_date type="Anticipated">March 15, 2021</completion_date>
  <primary_completion_date type="Anticipated">February 28, 2021</primary_completion_date>
  <phase>N/A</phase>
  <study_type>Interventional</study_type>
  <has_expanded_access>No</has_expanded_access>
  <study_design_info>
    <allocation>Randomized</allocation>
    <intervention_model>Crossover Assignment</intervention_model>
    <primary_purpose>Prevention</primary_purpose>
    <masking>Single (Outcomes Assessor)</masking>
  </study_design_info>
  <primary_outcome>
    <measure>Change from baseline in box jumps</measure>
    <time_frame>Up to 30 minutes</time_frame>
    <description>Number of box jump repetitions during high intensity exercise</description>
  </primary_outcome>
  <primary_outcome>
    <measure>Change from baseline in pull-up, push-up, and squat repetitions</measure>
    <time_frame>Up to 30 minutes</time_frame>
    <description>Number of repetitions performed for pull-ups, push-ups, and squats</description>
  </primary_outcome>
  <secondary_outcome>
    <measure>Change from baseline in rating of perceived exertion</measure>
    <time_frame>Up to 30 minutes</time_frame>
    <description>Rating of perceived exertion on a scale of 1-10 (Modified Borg Scale), a higher score indicates a greater perceived exertion</description>
  </secondary_outcome>
  <secondary_outcome>
    <measure>Change from baseline in heart rate</measure>
    <time_frame>Up to 30 minutes</time_frame>
    <description>Heart rate (beats per minute)</description>
  </secondary_outcome>
  <secondary_outcome>
    <measure>Change from baseline in dyspnea</measure>
    <time_frame>Up to 30 minutes</time_frame>
    <description>Dyspnea scale (0-10), a higher score indicates increased dyspnea</description>
  </secondary_outcome>
  <number_of_arms>4</number_of_arms>
  <enrollment type="Anticipated">24</enrollment>
  <condition>Dyspnea</condition>
  <arm_group>
    <arm_group_label>high intensity interval training wearing a face mask</arm_group_label>
    <arm_group_type>Experimental</arm_group_type>
  </arm_group>
  <arm_group>
    <arm_group_label>high intensity interval training wearing no face mask</arm_group_label>
    <arm_group_type>Active Comparator</arm_group_type>
  </arm_group>
  <arm_group>
    <arm_group_label>continuous exercise training wearing a face mask</arm_group_label>
    <arm_group_type>Experimental</arm_group_type>
  </arm_group>
  <arm_group>
    <arm_group_label>continuous exercise training wearing no face mask</arm_group_label>
    <arm_group_type>Active Comparator</arm_group_type>
  </arm_group>
  <intervention>
    <intervention_type>Other</intervention_type>
    <intervention_name>High intensity interval training</intervention_name>
    <description>High intensity interval training: 6 sets x 8 bench press, 10 pull-ups, and maximal number of box jumps (each set lasting 60 sec, with 4 minutes rest between sets)</description>
    <arm_group_label>high intensity interval training wearing a face mask</arm_group_label>
    <arm_group_label>high intensity interval training wearing no face mask</arm_group_label>
  </intervention>
  <intervention>
    <intervention_type>Other</intervention_type>
    <intervention_name>Continuous exercise training</intervention_name>
    <description>5 pull-ups, 10 push-ups, and 15 body-weight squats, repeated for 30 minutes</description>
    <arm_group_label>continuous exercise training wearing a face mask</arm_group_label>
    <arm_group_label>continuous exercise training wearing no face mask</arm_group_label>
  </intervention>
  <eligibility>
    <criteria>
      <textblock>
        Inclusion Criteria:&#xD;
&#xD;
          -  Experienced with CrossFit exercise training&#xD;
&#xD;
        Exclusion Criteria:&#xD;
&#xD;
          -  Contra-indications to exercise as identified by a screening questionnaire (the &quot;Get&#xD;
             Active Questionnaire&quot;)&#xD;
      </textblock>
    </criteria>
    <gender>All</gender>
    <minimum_age>18 Years</minimum_age>
    <maximum_age>N/A</maximum_age>
    <healthy_volunteers>Accepts Healthy Volunteers</healthy_volunteers>
  </eligibility>
  <overall_official>
    <last_name>Philip Chilibeck, Ph.D.</last_name>
    <role>Principal Investigator</role>
    <affiliation>University of Saskatchewan</affiliation>
  </overall_official>
  <overall_official>
    <last_name>Scotty Butcher, Ph.D.</last_name>
    <role>Principal Investigator</role>
    <affiliation>University of Saskatchewan</affiliation>
  </overall_official>
  <overall_contact>
    <last_name>Philip Chilibeck, Ph.D.</last_name>
    <phone>1-306-343-6577</phone>
    <email>phil.chilibeck@usask.ca</email>
  </overall_contact>
  <location>
    <facility>
      <name>University of Saskatchewan</name>
      <address>
        <city>Saskatoon</city>
        <state>Saskatchewan</state>
        <zip>S7N5B2</zip>
        <country>Canada</country>
      </address>
    </facility>
    <contact>
      <last_name>Philip Chilibeck, Ph.D.</last_name>
      <phone>1-306-343-6577</phone>
      <email>phil.chilibeck@usask.ca</email>
    </contact>
    <contact_backup>
      <last_name>Scotty Butcher, Ph.D.</last_name>
      <phone>1-306-966-1711</phone>
      <email>scotty.butcher@usask.ca</email>
    </contact_backup>
    <investigator>
      <last_name>Philip Chilibeck, Ph.D.</last_name>
      <role>Principal Investigator</role>
    </investigator>
    <investigator>
      <last_name>Scotty Butcher, Ph.D.</last_name>
      <role>Principal Investigator</role>
    </investigator>
  </location>
  <location_countries>
    <country>Canada</country>
  </location_countries>
  <verification_date>December 2020</verification_date>
  <study_first_submitted>December 24, 2020</study_first_submitted>
  <study_first_submitted_qc>December 24, 2020</study_first_submitted_qc>
  <study_first_posted type="Actual">December 30, 2020</study_first_posted>
  <last_update_submitted>December 24, 2020</last_update_submitted>
  <last_update_submitted_qc>December 24, 2020</last_update_submitted_qc>
  <last_update_posted type="Actual">December 30, 2020</last_update_posted>
  <responsible_party>
    <responsible_party_type>Principal Investigator</responsible_party_type>
    <investigator_affiliation>University of Saskatchewan</investigator_affiliation>
    <investigator_full_name>Phil Chilibeck</investigator_full_name>
    <investigator_title>Professor</investigator_title>
  </responsible_party>
  <condition_browse>
    <!-- CAUTION:  The following MeSH terms are assigned with an imperfect algorithm            -->
    <mesh_term>Dyspnea</mesh_term>
  </condition_browse>
  <!-- Results have not yet been posted for this study                                          -->
</clinical_study>

