<?xml version="1.0" encoding="UTF-8"?>
<clinical_study rank="4529">
  <!-- This xml conforms to an XML Schema at:
    https://clinicaltrials.gov/ct2/html/images/info/public.xsd -->
  <required_header>
    <download_date>ClinicalTrials.gov processed this data on February 18, 2021</download_date>
    <link_text>Link to the current ClinicalTrials.gov record.</link_text>
    <url>https://clinicaltrials.gov/show/NCT04385004</url>
  </required_header>
  <id_info>
    <org_study_id>7815</org_study_id>
    <nct_id>NCT04385004</nct_id>
  </id_info>
  <brief_title>Clinical, Biological and Histological Pulmonary and Renal Damage Associated With the SARS-CoV-2 Syndrome in Patients Admitted in ICU</brief_title>
  <acronym>PR-Covid-19</acronym>
  <official_title>Characterization of the Clinical, Biological and Histological Pulmonary and Renal Damage Associated With the SARS-CoV-2 Syndrome in Patients Admitted in the Intensive Care Unit</official_title>
  <sponsors>
    <lead_sponsor>
      <agency>University Hospital, Strasbourg, France</agency>
      <agency_class>Other</agency_class>
    </lead_sponsor>
  </sponsors>
  <source>University Hospital, Strasbourg, France</source>
  <oversight_info>
    <has_dmc>No</has_dmc>
    <is_fda_regulated_drug>No</is_fda_regulated_drug>
    <is_fda_regulated_device>No</is_fda_regulated_device>
  </oversight_info>
  <brief_summary>
    <textblock>
      Renal damage in patients hospitalized for ARDS in the ICU can also be related to multiple&#xD;
      causes including, but not limited to, the consequences of hemodynamic fluctuations in these&#xD;
      patients or the use of nephrotoxic drugs responsible for acute post-ischemic or toxic tubular&#xD;
      necrosis. Frequently observed abnormalities of cioagumation may also have a potential impact&#xD;
      on renal structures, particularly glomerular capillaries.&#xD;
&#xD;
      The researchers wish to characterize and phenotype the renal impairment of patients&#xD;
      hospitalized in intensive care with tables of severe Covid19 infections in ARDS: clinical,&#xD;
      biological and histological (by performing post-mortem biopsies).&#xD;
&#xD;
      Translated with www.DeepL.com/Translator (free version)&#xD;
    </textblock>
  </brief_summary>
  <overall_status>Recruiting</overall_status>
  <start_date type="Actual">April 27, 2020</start_date>
  <completion_date type="Anticipated">July 2020</completion_date>
  <primary_completion_date type="Anticipated">July 2020</primary_completion_date>
  <study_type>Observational</study_type>
  <has_expanded_access>No</has_expanded_access>
  <study_design_info>
    <observational_model>Case-Only</observational_model>
    <time_perspective>Other</time_perspective>
  </study_design_info>
  <primary_outcome>
    <measure>Analysis of Clinical, Biological and Histological Pulmonary and Renal Impairment Related to SARS-CoV-2</measure>
    <time_frame>1 month</time_frame>
  </primary_outcome>
  <enrollment type="Anticipated">320</enrollment>
  <condition>Acute Respiratory Distress Syndrome</condition>
  <eligibility>
    <study_pop>
      <textblock>
        Adult patients diagnosed Covid-19 by RT PCR&#xD;
      </textblock>
    </study_pop>
    <sampling_method>Non-Probability Sample</sampling_method>
    <criteria>
      <textblock>
        Inclusion Criteria:&#xD;
&#xD;
          -  Patients over 18 years of age&#xD;
&#xD;
          -  Diagnosed Covid-19 by RT PCR&#xD;
&#xD;
          -  Hospitalized in intensive care for management of complications related to Covid-19&#xD;
             from March 1, 2020 to April 20, 2020&#xD;
&#xD;
          -  Patient not having expressed his or her opposition, after information, to the re-use&#xD;
             of his or her data for the purposes of this research.&#xD;
&#xD;
        Exclusion Criteria:&#xD;
&#xD;
        - Subject who expressed opposition to participating in the study&#xD;
      </textblock>
    </criteria>
    <gender>All</gender>
    <minimum_age>18 Years</minimum_age>
    <maximum_age>N/A</maximum_age>
  </eligibility>
  <overall_contact>
    <last_name>Ferhat MEZIANI, MD, PhD</last_name>
    <phone>33 3 69 55 10 24</phone>
    <email>ferhat.meziani@chru-strasbourg.fr</email>
  </overall_contact>
  <overall_contact_backup>
    <last_name>Saïd CHAYER, PhD, HDR</last_name>
    <phone>33 3 88 11 66 90</phone>
    <email>said.chayer@chru-strasbourg.fr</email>
  </overall_contact_backup>
  <location>
    <facility>
      <name>Service Reanimation Medicale</name>
      <address>
        <city>Strasbourg</city>
        <zip>67091</zip>
        <country>France</country>
      </address>
    </facility>
    <status>Recruiting</status>
    <contact>
      <last_name>Ferhat MEZIANI, MD, PhD</last_name>
      <phone>33 3 69 55 10 24</phone>
      <email>ferhat.meziani@chru-strasbourg.fr</email>
    </contact>
    <investigator>
      <last_name>Ferhat MEZIANI, MD, PhD</last_name>
      <role>Principal Investigator</role>
    </investigator>
    <investigator>
      <last_name>Bruno MOULIN, MD, PhD</last_name>
      <role>Sub-Investigator</role>
    </investigator>
    <investigator>
      <last_name>Sophie CAILLARD, MD, PhD</last_name>
      <role>Sub-Investigator</role>
    </investigator>
    <investigator>
      <last_name>Francis SCHNEIDER, MD, PhD</last_name>
      <role>Sub-Investigator</role>
    </investigator>
    <investigator>
      <last_name>Michel MERTES, MD, PhD</last_name>
      <role>Sub-Investigator</role>
    </investigator>
    <investigator>
      <last_name>Patrick OHLMANN, MD, PhD</last_name>
      <role>Sub-Investigator</role>
    </investigator>
    <investigator>
      <last_name>Julie HELMS, MD</last_name>
      <role>Sub-Investigator</role>
    </investigator>
    <investigator>
      <last_name>Romain KESSLER, MD, PhD</last_name>
      <role>Sub-Investigator</role>
    </investigator>
    <investigator>
      <last_name>Alexandra MONNIER, MD</last_name>
      <role>Sub-Investigator</role>
    </investigator>
    <investigator>
      <last_name>Hamid MERDJI, MD</last_name>
      <role>Sub-Investigator</role>
    </investigator>
    <investigator>
      <last_name>Margaux DELLA CHIESA, MD</last_name>
      <role>Sub-Investigator</role>
    </investigator>
    <investigator>
      <last_name>François SEVERAC, MD</last_name>
      <role>Sub-Investigator</role>
    </investigator>
  </location>
  <location_countries>
    <country>France</country>
  </location_countries>
  <verification_date>May 2020</verification_date>
  <study_first_submitted>May 8, 2020</study_first_submitted>
  <study_first_submitted_qc>May 8, 2020</study_first_submitted_qc>
  <study_first_posted type="Actual">May 12, 2020</study_first_posted>
  <last_update_submitted>May 26, 2020</last_update_submitted>
  <last_update_submitted_qc>May 26, 2020</last_update_submitted_qc>
  <last_update_posted type="Actual">May 28, 2020</last_update_posted>
  <responsible_party>
    <responsible_party_type>Sponsor</responsible_party_type>
  </responsible_party>
  <keyword>ARDS</keyword>
  <keyword>Covid-19</keyword>
  <keyword>SARS-CoV-2</keyword>
  <keyword>Inflammatory cytokine</keyword>
  <keyword>Sepsis</keyword>
  <keyword>ICU</keyword>
  <keyword>Tbular necrosis</keyword>
  <keyword>Ischemia</keyword>
  <keyword>Pulmonary damage</keyword>
  <keyword>Renal damage</keyword>
  <keyword>Kidney damage</keyword>
  <condition_browse>
    <!-- CAUTION:  The following MeSH terms are assigned with an imperfect algorithm            -->
    <mesh_term>Respiratory Distress Syndrome, Newborn</mesh_term>
    <mesh_term>Respiratory Distress Syndrome, Adult</mesh_term>
    <mesh_term>Acute Lung Injury</mesh_term>
    <mesh_term>Syndrome</mesh_term>
  </condition_browse>
  <!-- Results have not yet been posted for this study                                          -->
</clinical_study>

