<?xml version="1.0" encoding="UTF-8"?>
<clinical_study rank="438">
  <!-- This xml conforms to an XML Schema at:
    https://clinicaltrials.gov/ct2/html/images/info/public.xsd -->
  <required_header>
    <download_date>ClinicalTrials.gov processed this data on February 18, 2021</download_date>
    <link_text>Link to the current ClinicalTrials.gov record.</link_text>
    <url>https://clinicaltrials.gov/show/NCT04583969</url>
  </required_header>
  <id_info>
    <org_study_id>20-0013B</org_study_id>
    <nct_id>NCT04583969</nct_id>
  </id_info>
  <brief_title>ACTIV-5 / Big Effect Trial (BET-B) for the Treatment of COVID-19</brief_title>
  <official_title>A Multicenter Platform Trial of Putative Therapeutics for the Treatment of COVID-19 in Hospitalized Adults</official_title>
  <sponsors>
    <lead_sponsor>
      <agency>National Institute of Allergy and Infectious Diseases (NIAID)</agency>
      <agency_class>NIH</agency_class>
    </lead_sponsor>
  </sponsors>
  <source>National Institute of Allergy and Infectious Diseases (NIAID)</source>
  <oversight_info>
    <is_fda_regulated_drug>Yes</is_fda_regulated_drug>
    <is_fda_regulated_device>No</is_fda_regulated_device>
    <is_us_export>No</is_us_export>
  </oversight_info>
  <brief_summary>
    <textblock>
      This is a platform trial to conduct a series of randomized, double-blind, placebo-controlled&#xD;
      trials using common assessments and endpoints in hospitalized adults diagnosed with COVID-19.&#xD;
      BET is a proof-of-concept study with the intent of identifying promising treatments to enter&#xD;
      a more definitive study. The study will be conducted in up to 40 sites throughout the US. The&#xD;
      study will compare different investigational therapeutic agents to a common control arm and&#xD;
      determine which have relatively large effects. In order to maintain the double blind, each&#xD;
      intervention will have a matched placebo. However, the control arm will be shared between&#xD;
      interventions and may include participants receiving the matched placebo for a different&#xD;
      intervention.&#xD;
&#xD;
      The goal is not to determine clear statistical significance for an intervention, but rather&#xD;
      to determine which products have clinical data suggestive of efficacy and should be moved&#xD;
      quickly into larger studies. Estimates produced from BET will provide an improved basis for&#xD;
      designing the larger trial, in terms of sample size and endpoint selection. Products with&#xD;
      little indication of efficacy will be dropped on the basis of interim evaluations. In&#xD;
      addition, some interventions may be discontinued on the basis of interim futility or efficacy&#xD;
      analyses.&#xD;
&#xD;
      One or more interventions may be started at any time. The number of interventions enrolling&#xD;
      are programmatic decisions and will be based on the number of sites and the pace of&#xD;
      enrollment. At the time of enrollment, subjects will be randomized to receive any one of the&#xD;
      active arms they are eligible for or placebo. Approximately 200 (100 treatment and 100 shared&#xD;
      placebo) subjects will be assigned to each arm entering the platform and a given site will&#xD;
      generally have no more than 3 interventions at once.&#xD;
&#xD;
      The BET-B stage will evaluate the combination of remdesivir with lenzilumab vs remdesivir&#xD;
      with a lenzilumab placebo. The primary objective is to evaluate the clinical efficacy of&#xD;
      different investigational therapeutics relative to the control arm in adults hospitalized&#xD;
      with COVID-19 according to clinical status (8-point ordinal scale) at Day 8.&#xD;
    </textblock>
  </brief_summary>
  <detailed_description>
    <textblock>
      This is a platform trial to conduct a series of randomized, double-blind, placebo-controlled&#xD;
      trials using common assessments and endpoints in hospitalized adults diagnosed with COVID-19.&#xD;
      BET is a proof-of-concept study with the intent of identifying promising treatments to enter&#xD;
      a more definitive study. The study will be conducted in up to 40 sites throughout the US. The&#xD;
      study will compare different investigational therapeutic agents to a common control arm and&#xD;
      determine which have relatively large effects. In order to maintain the double blind, each&#xD;
      intervention will have a matched placebo. However, the control arm will be shared between&#xD;
      interventions and may include participants receiving the matched placebo for a different&#xD;
      intervention.&#xD;
&#xD;
      The goal is not to determine clear statistical significance for an intervention, but rather&#xD;
      to determine which products have clinical data suggestive of efficacy and should be moved&#xD;
      quickly into larger studies. Estimates produced from BET will provide an improved basis for&#xD;
      designing the larger trial, in terms of sample size and endpoint selection. Products with&#xD;
      little indication of efficacy will be dropped on the basis of interim evaluations. In&#xD;
      addition, some interventions may be discontinued on the basis of interim futility or efficacy&#xD;
      analyses.&#xD;
&#xD;
      One or more interventions may be started at any time. The number of interventions enrolling&#xD;
      are programmatic decisions and will be based on the number of sites and the pace of&#xD;
      enrollment. At the time of enrollment, subjects will be randomized to receive any one of the&#xD;
      active arms they are eligible for or placebo. Approximately 200 (100 treatment and 100 shared&#xD;
      placebo) subjects will be assigned to each arm entering the platform and a given site will&#xD;
      generally have no more than 3 interventions at once.&#xD;
&#xD;
      The BET-B stage will evaluate the combination of remdesivir with lenzilumab vs remdesivir&#xD;
      with a lenzilumab placebo. Subjects will be assessed daily while hospitalized. Once subjects&#xD;
      are discharged from the hospital, they will have a study visit at Days 8, 15, 22, 29, and 60&#xD;
      as an outpatient. The Day 8, Day 22 and Day 60 visits do not have laboratory tests or&#xD;
      collection of samples and may be conducted by phone. All subjects will undergo a series of&#xD;
      efficacy and safety laboratory assessments. Safety laboratory tests and blood (serum and&#xD;
      plasma) research samples and oropharyngeal (OP) swabs will be obtained on Day 1 (prior to&#xD;
      study product administration) and Days 3, 5, 8, and 11 while hospitalized. OP swabs&#xD;
      (oropharyngeal swabs are preferred, but if these are not obtainable, saliva or nasopharyngeal&#xD;
      or nasal swabs may be substituted) and blood research samples plus safety laboratory tests&#xD;
      will be collected on Day 15 and 29 if the subject attends an in-person visit or is still&#xD;
      hospitalized. However, if infection control considerations or other restrictions prevent the&#xD;
      subject from returning to the clinic, Day 15 and 29 visits may be conducted by phone and only&#xD;
      clinical data will be obtained.&#xD;
&#xD;
      The primary objective is to evaluate the clinical efficacy of different investigational&#xD;
      therapeutics relative to the control arm in adults hospitalized with COVID-19 according to&#xD;
      clinical status (8-point ordinal scale) at Day 8. The key secondary objectives are to 1)&#xD;
      evaluate the clinical efficacy of different investigational therapeutics as assessed by time&#xD;
      to recovery compared to the control arm, and 2) to evaluate the proportion of subjects alive&#xD;
      and without respiratory failure through Day 29.&#xD;
&#xD;
      Contacts:&#xD;
&#xD;
      20-0013 Central Contact&#xD;
&#xD;
      Telephone: 1 (301) 7617948&#xD;
&#xD;
      Email: DMIDClinicalTrials@niaid.nih.gov&#xD;
    </textblock>
  </detailed_description>
  <overall_status>Recruiting</overall_status>
  <start_date type="Actual">October 19, 2020</start_date>
  <completion_date type="Anticipated">December 31, 2021</completion_date>
  <primary_completion_date type="Anticipated">December 31, 2021</primary_completion_date>
  <phase>Phase 2</phase>
  <study_type>Interventional</study_type>
  <has_expanded_access>No</has_expanded_access>
  <study_design_info>
    <allocation>Randomized</allocation>
    <intervention_model>Parallel Assignment</intervention_model>
    <primary_purpose>Treatment</primary_purpose>
    <masking>Double (Participant, Investigator)</masking>
  </study_design_info>
  <primary_outcome>
    <measure>Clinical efficacy in adults hospitalized with COVID-19 according to clinical status on an 8-point ordinal scale.</measure>
    <time_frame>Day 8</time_frame>
    <description>Clinical status assessed using ordinal scale: 1) Not hospitalized, no new or increased limitations on activities; 2) Not hospitalized, but new or increased limitation on activities and/or requiring new or increased home oxygen, continuous positive airway pressure (CPAP) or bilevel positive airway pressure (BiPAP); 3) Hospitalized, not requiring new or increased supplemental oxygen - no longer requires ongoing medical care; 4) Hospitalized, not requiring new or increased supplemental oxygen but requiring ongoing medical care (COVID-19 related or otherwise); 5) Hospitalized, requiring new or increased supplemental oxygen; 6) Hospitalized, requiring new or increased non-invasive ventilation or high flow oxygen devices; 7) Hospitalized, on invasive mechanical ventilation or extracorporeal membrane oxygenation (ECMO); 8) Death.</description>
  </primary_outcome>
  <secondary_outcome>
    <measure>Change from baseline in C-reactive protein (CRP) concentration</measure>
    <time_frame>Day 1 through Day 29</time_frame>
  </secondary_outcome>
  <secondary_outcome>
    <measure>Change from baseline in d-dimer concentration</measure>
    <time_frame>Day 1 through Day 29</time_frame>
  </secondary_outcome>
  <secondary_outcome>
    <measure>Change from baseline in ferritin concentration</measure>
    <time_frame>Day 1 through Day 29</time_frame>
  </secondary_outcome>
  <secondary_outcome>
    <measure>Change from baseline in fibrinogen concentration</measure>
    <time_frame>Day 1 through Day 29</time_frame>
  </secondary_outcome>
  <secondary_outcome>
    <measure>Change from baseline in lactate dehydrogenase (LDH) concentration</measure>
    <time_frame>Day 1 through Day 29</time_frame>
  </secondary_outcome>
  <secondary_outcome>
    <measure>Change from baseline in troponin concentration</measure>
    <time_frame>Day 1 through Day 29</time_frame>
  </secondary_outcome>
  <secondary_outcome>
    <measure>Change in alanine aminotransferase (ALT) over time</measure>
    <time_frame>Day 1 through Day 29</time_frame>
  </secondary_outcome>
  <secondary_outcome>
    <measure>Change in aspartate aminotransferase (AST) over time</measure>
    <time_frame>Day 1 through Day 29</time_frame>
  </secondary_outcome>
  <secondary_outcome>
    <measure>Change in creatinine over time</measure>
    <time_frame>Day 1 through Day 29</time_frame>
  </secondary_outcome>
  <secondary_outcome>
    <measure>Change in hemoglobin over time</measure>
    <time_frame>Day 1 through Day 29</time_frame>
  </secondary_outcome>
  <secondary_outcome>
    <measure>Change in international normalized ratio (INR) over time</measure>
    <time_frame>Day 1 through Day 29</time_frame>
  </secondary_outcome>
  <secondary_outcome>
    <measure>Change in platelets over time</measure>
    <time_frame>Day 1 through Day 29</time_frame>
  </secondary_outcome>
  <secondary_outcome>
    <measure>Change in total bilirubin over time</measure>
    <time_frame>Day 1 through Day 29</time_frame>
  </secondary_outcome>
  <secondary_outcome>
    <measure>Change in white blood cell (WBC) count with differential over time</measure>
    <time_frame>Day 1 through Day 29</time_frame>
  </secondary_outcome>
  <secondary_outcome>
    <measure>Clinical efficacy, as assessed by time to recovery</measure>
    <time_frame>Day 1 through Day 29</time_frame>
    <description>Day of recovery is defined as the first day on which the subject satisfies one of the following three categories from the ordinal scale: 1) Not hospitalized, no new or increased limitations on activities; 2) Not hospitalized, but new or increased limitation on activities and/or requiring new or increased home oxygen, continuous positive airway pressure (CPAP) or bilevel positive airway pressure (BiPAP); 3) Hospitalized, not requiring new or increased supplemental oxygen - no longer requires ongoing medical care.</description>
  </secondary_outcome>
  <secondary_outcome>
    <measure>Cumulative incidence of Grade 3 and 4 clinical and/or laboratory adverse events (AEs)</measure>
    <time_frame>Day 1 through Day 60</time_frame>
  </secondary_outcome>
  <secondary_outcome>
    <measure>Cumulative incidence of serious adverse events (SAEs)</measure>
    <time_frame>Day 1 through Day 60</time_frame>
  </secondary_outcome>
  <secondary_outcome>
    <measure>Discontinuation or temporary suspension of study product administration</measure>
    <time_frame>Day 1 through Day 29</time_frame>
    <description>For any reason.</description>
  </secondary_outcome>
  <secondary_outcome>
    <measure>Duration of hospitalization</measure>
    <time_frame>Day 1 through Day 29</time_frame>
    <description>Measured in days.</description>
  </secondary_outcome>
  <secondary_outcome>
    <measure>Duration of new mechanical ventilation or extracorporeal membrane oxygenation (ECMO) use</measure>
    <time_frame>Day 1 through Day 29</time_frame>
    <description>Measured in days.</description>
  </secondary_outcome>
  <secondary_outcome>
    <measure>Duration of new non-invasive ventilation or high flow oxygen use during the study</measure>
    <time_frame>Day 1 through Day 29</time_frame>
    <description>Measured in days.</description>
  </secondary_outcome>
  <secondary_outcome>
    <measure>Duration of new oxygen use</measure>
    <time_frame>Day 1 through Day 29</time_frame>
    <description>Measured in days; supplemental oxygen concentration or flow rate will be measured.</description>
  </secondary_outcome>
  <secondary_outcome>
    <measure>Duration of non-invasive ventilation/high flow oxygen use</measure>
    <time_frame>Day 1 through Day 29</time_frame>
    <description>Measured in days.</description>
  </secondary_outcome>
  <secondary_outcome>
    <measure>Incidence of new non-invasive ventilation or high flow oxygen use</measure>
    <time_frame>Day 1 through Day 29</time_frame>
  </secondary_outcome>
  <secondary_outcome>
    <measure>Incidence of new oxygen use</measure>
    <time_frame>Day 1 through Day 29</time_frame>
    <description>Supplemental oxygen concentration or flow rate will be measured.</description>
  </secondary_outcome>
  <secondary_outcome>
    <measure>Incidence of ventilator/ extracorporeal membrane oxygenation (ECMO) use</measure>
    <time_frame>Day 1 through Day 29</time_frame>
    <description>Measured in days.</description>
  </secondary_outcome>
  <secondary_outcome>
    <measure>Mean change in the ordinal scale</measure>
    <time_frame>Day 1 through Day 29</time_frame>
    <description>Clinical status assessed using ordinal scale: 1) Not hospitalized, no new or increased limitations on activities; 2) Not hospitalized, but new or increased limitation on activities and/or requiring new or increased home oxygen, continuous positive airway pressure (CPAP) or bilevel positive airway pressure (BiPAP); 3) Hospitalized, not requiring new or increased supplemental oxygen - no longer requires ongoing medical care; 4) Hospitalized, not requiring new or increased supplemental oxygen but requiring ongoing medical care (COVID-19 related or otherwise); 5) Hospitalized, requiring new or increased supplemental oxygen; 6) Hospitalized, requiring new or increased non-invasive ventilation or high flow oxygen devices; 7) Hospitalized, on invasive mechanical ventilation or extracorporeal membrane oxygenation (ECMO); 8) Death.</description>
  </secondary_outcome>
  <secondary_outcome>
    <measure>Oxygenation use</measure>
    <time_frame>Day 1 through Day 29</time_frame>
    <description>Measured in days; supplemental oxygen concentration or flow rate will be measured.</description>
  </secondary_outcome>
  <secondary_outcome>
    <measure>Proportion of subjects alive and without respiratory failure</measure>
    <time_frame>Day 1 through Day 29</time_frame>
    <description>Proportion of subjects who satisfy one of the following five categories from the ordinal scale through Day 29: 1) Not hospitalized, no new or increased limitations on activities; 2) Not hospitalized, but new or increased limitation on activities and/or requiring new or increased home oxygen, continuous positive airway pressure (CPAP) or bilevel positive airway pressure (BiPAP); 3) Hospitalized, not requiring new or increased supplemental oxygen - no longer requires ongoing medical care; 4) Hospitalized, not requiring new or increased supplemental oxygen - requiring ongoing medical care (COVID-19 related or otherwise); 5) Hospitalized, requiring new or increased supplemental oxygen.</description>
  </secondary_outcome>
  <secondary_outcome>
    <measure>Subject 14-day mortality</measure>
    <time_frame>Day 1 through Day 14</time_frame>
    <description>Date and cause of death (if applicable).</description>
  </secondary_outcome>
  <secondary_outcome>
    <measure>Subject 29-day mortality</measure>
    <time_frame>Day 1 through Day 29</time_frame>
    <description>Date and cause of death (if applicable).</description>
  </secondary_outcome>
  <secondary_outcome>
    <measure>Time to an improvement of one category using an ordinal scale</measure>
    <time_frame>Day 1 through Day 29</time_frame>
    <description>Clinical status assessed using ordinal scale: 1) Not hospitalized, no new or increased limitations on activities; 2) Not hospitalized, but new or increased limitation on activities and/or requiring new or increased home oxygen, continuous positive airway pressure (CPAP) or bilevel positive airway pressure (BiPAP); 3) Hospitalized, not requiring new or increased supplemental oxygen - no longer requires ongoing medical care; 4) Hospitalized, not requiring new or increased supplemental oxygen but requiring ongoing medical care (COVID-19 related or otherwise); 5) Hospitalized, requiring new or increased supplemental oxygen; 6) Hospitalized, requiring new or increased non-invasive ventilation or high flow oxygen devices; 7) Hospitalized, on invasive mechanical ventilation or extracorporeal membrane oxygenation (ECMO); 8) Death.</description>
  </secondary_outcome>
  <secondary_outcome>
    <measure>Time to an improvement of two categories using an ordinal scale</measure>
    <time_frame>Day 1 through Day 29</time_frame>
    <description>Clinical status assessed using ordinal scale: 1) Not hospitalized, no new or increased limitations on activities; 2) Not hospitalized, but new or increased limitation on activities and/or requiring new or increased home oxygen, continuous positive airway pressure (CPAP) or bilevel positive airway pressure (BiPAP); 3) Hospitalized, not requiring new or increased supplemental oxygen - no longer requires ongoing medical care; 4) Hospitalized, not requiring new or increased supplemental oxygen but requiring ongoing medical care (COVID-19 related or otherwise); 5) Hospitalized, requiring new or increased supplemental oxygen; 6) Hospitalized, requiring new or increased non-invasive ventilation or high flow oxygen devices; 7) Hospitalized, on invasive mechanical ventilation or extracorporeal membrane oxygenation (ECMO); 8) Death.</description>
  </secondary_outcome>
  <secondary_outcome>
    <measure>Time to death</measure>
    <time_frame>Day 1 through Day 29</time_frame>
  </secondary_outcome>
  <secondary_outcome>
    <measure>Ventilator/ extracorporeal membrane oxygenation (ECMO) use</measure>
    <time_frame>Day 1 through Day 29</time_frame>
  </secondary_outcome>
  <number_of_arms>2</number_of_arms>
  <enrollment type="Anticipated">200</enrollment>
  <condition>COVID-19</condition>
  <arm_group>
    <arm_group_label>Remdesivir + Lenzilumab</arm_group_label>
    <arm_group_type>Experimental</arm_group_type>
    <description>200-mg intravenous (IV) remdesivir loading dose on Day 1, followed by a 100-mg once-daily IV maintenance dose up to a 10-day total course while hospitalized and 600-mg IV lenzilumab infusion every 8 hours starting on Day 1 for a total of 3 doses. N=100.</description>
  </arm_group>
  <arm_group>
    <arm_group_label>Remdesivir + Placebo</arm_group_label>
    <arm_group_type>Active Comparator</arm_group_type>
    <description>200-mg intravenous (IV) remdesivir loading dose on Day 1, followed by a 100-mg once-daily IV maintenance dose up to a 10-day total course while hospitalized and 600-mg IV lenzilumab placebo infusion every 8 hours starting on Day 1 for a total of 3 doses. N=100.</description>
  </arm_group>
  <intervention>
    <intervention_type>Biological</intervention_type>
    <intervention_name>Lenzilumab</intervention_name>
    <description>Lenzilumab is a first-in-class recombinant monoclonal antibody targeting soluble human GM-CSF, with potential immunomodulating activity, high binding affinity in the pM range, and 94% specificity to the human germline, which reduces immunogenicity.</description>
    <arm_group_label>Remdesivir + Lenzilumab</arm_group_label>
  </intervention>
  <intervention>
    <intervention_type>Other</intervention_type>
    <intervention_name>Placebo</intervention_name>
    <description>Placebo for lenzilumab is commercially sourced 0.9% sodium chloride.</description>
    <arm_group_label>Remdesivir + Placebo</arm_group_label>
  </intervention>
  <intervention>
    <intervention_type>Drug</intervention_type>
    <intervention_name>Remdesivir</intervention_name>
    <description>Remdesivir is a single diastereomer monophosphoramidate prodrug designed for the intracellular delivery of a modified adenine nucleoside analog GS-441524.</description>
    <arm_group_label>Remdesivir + Lenzilumab</arm_group_label>
    <arm_group_label>Remdesivir + Placebo</arm_group_label>
  </intervention>
  <eligibility>
    <criteria>
      <textblock>
        Inclusion Criteria:&#xD;
&#xD;
          1. Admitted to a hospital with symptoms suggestive of COVID-19 and requires ongoing&#xD;
             medical care.&#xD;
&#xD;
          2. Subject (or legally authorized representative) provides informed consent prior to&#xD;
             initiation of any study procedures.&#xD;
&#xD;
          3. Subject (or legally authorized representative) understands and agrees to comply with&#xD;
             planned study procedures.&#xD;
&#xD;
          4. Male or non-pregnant female adult &gt;/= 18 years of age at time of enrollment.&#xD;
&#xD;
          5. Has laboratory-confirmed SARS-CoV-2 infection as determined by polymerase chain&#xD;
             reaction (PCR) or other commercial or public health assay in any specimen, as&#xD;
             documented by either of the following:&#xD;
&#xD;
               -  PCR positive in sample collected &lt; 72 hours prior to screening; OR&#xD;
&#xD;
               -  PCR positive in sample collected &gt;/= 72 hours but &lt; 14 days prior to screening&#xD;
                  AND non-improving or progressive disease suggestive of ongoing SARS-CoV-2&#xD;
                  infection.&#xD;
&#xD;
             Note: if written documentation of the positive test result is not available at the&#xD;
             time of enrollment (e.g., report came from other institution), the subject may be&#xD;
             enrolled but the PCR should be repeated at the time of enrollment.&#xD;
&#xD;
          6. Illness of any duration, and requiring, just prior to randomization, supplemental&#xD;
             oxygen (any flow), mechanical ventilation or Extracorporeal Membrane Oxygenation&#xD;
             (ECMO) (ordinal scale category 5, 6, or 7).&#xD;
&#xD;
          7. Women of childbearing potential must agree to either abstinence or use at least one&#xD;
             acceptable method of contraception* from the time of screening through 5 months post&#xD;
             study intraperitoneal (IP) dosing.&#xD;
&#xD;
             * Acceptable methods include barrier contraceptives (condoms or diaphragm) with&#xD;
             spermicide, intrauterine devices (IUDs), hormonal contraceptives, oral contraceptive&#xD;
             pills, and surgical sterilization.&#xD;
&#xD;
          8. Agrees not to participate in another blinded clinical trial (both pharmacologic and&#xD;
             other types of interventions) for the treatment of COVID-19 through Day 29.&#xD;
&#xD;
        Exclusion Criteria:&#xD;
&#xD;
          1. Alanine aminotransferase (ALT) or aspartate aminotransferase (AST) &gt; 5 times the upper&#xD;
             limit of normal.&#xD;
&#xD;
          2. Subjects with a low glomerular filtration rate (eGFR), specifically:&#xD;
&#xD;
               1. Subjects with a glomerular filtration rate (eGFR) 20-30 mL/min are excluded&#xD;
                  unless in the opinion of the principal investigator (PI), the potential benefit&#xD;
                  of participation outweighs the potential risk of study participation.&#xD;
&#xD;
               2. All subjects with a glomerular filtration rate (eGFR) &lt;20 mL/min (including&#xD;
                  hemodialysis and hemofiltration) are excluded.&#xD;
&#xD;
          3. Pregnancy or breast feeding.&#xD;
&#xD;
          4. Anticipated discharge from the hospital or transfer to another hospital which is not a&#xD;
             study site within 72 hours of enrollment.&#xD;
&#xD;
          5. Allergy to any study medication.&#xD;
&#xD;
          6. Received five or more doses of remdesivir prior to screening.&#xD;
&#xD;
          7. Received two or more doses of &gt; 60 mg of prednisone or equivalent in the 7 days prior&#xD;
             to screening.&#xD;
&#xD;
          8. Received small molecule tyrosine kinase inhibitors, including Janus kinase (JAK)&#xD;
             inhibitors (e.g., baricitinib, ibrutinib, acalabrutinib, imatinib, gefitinib), in the&#xD;
             4 weeks prior to screening.&#xD;
&#xD;
          9. Received monoclonal antibodies targeting cytokines (e.g., tumor necrosis factor (TNF)&#xD;
             inhibitors, anti-IL-1 [e.g., anakinra, canakinumab], anti-IL-6 [e.g., tocilizumab,&#xD;
             sarilumab, sitlukimab]), or T-cells (e.g., abatacept) in the 4 weeks prior to&#xD;
             screening.&#xD;
&#xD;
         10. Received monoclonal antibodies targeting B-cells (e.g., rituximab, and including any&#xD;
             targeting multiple cell lines including B-cells) in the 3 months prior to screening.&#xD;
&#xD;
         11. Received granulocyte-macrophage colony-stimulating factor (GM-CSF) agents (e.g.,&#xD;
             sargramostim) within 2 months prior to screening.&#xD;
&#xD;
         12. Received other immunosuppressants in the 4 weeks prior to screening and in the&#xD;
             judgement of the investigator, the risk of immunosuppression with lenzilumab is larger&#xD;
             than the risk of COVID-19.&#xD;
&#xD;
         13. Received any live vaccine in the 4 weeks prior to screening.&#xD;
&#xD;
         14. Known active tuberculosis.&#xD;
&#xD;
         15. Known history of HIV, Hepatitis B (HBV) or untreated hepatitis C (HCV) infection.&#xD;
&#xD;
         16. History of pulmonary alveolar proteinosis (PAP).&#xD;
&#xD;
         17. Has active malignancy, immunodeficiency, uncontrolled opportunistic infection, or&#xD;
             uncontrolled cirrhosis.&#xD;
&#xD;
         18. Has a medical condition that could, in the judgment of the investigator, limit the&#xD;
             interpretation and generalizability of trial results.&#xD;
&#xD;
         19. Positive test for influenza virus during the current illness (influenza testing is not&#xD;
             required by protocol).&#xD;
&#xD;
         20. Previous participation in an ACTIV-5/BET trial.&#xD;
      </textblock>
    </criteria>
    <gender>All</gender>
    <minimum_age>18 Years</minimum_age>
    <maximum_age>99 Years</maximum_age>
    <healthy_volunteers>No</healthy_volunteers>
  </eligibility>
  <overall_contact>
    <last_name>20-0013 Central Contact</last_name>
    <phone>13017617948</phone>
    <email>DMIDClinicalTrials@niaid.nih.gov</email>
  </overall_contact>
  <location>
    <facility>
      <name>Mayo Clinic, Phoenix - Infectious Diseases</name>
      <address>
        <city>Phoenix</city>
        <state>Arizona</state>
        <zip>85054-4502</zip>
        <country>United States</country>
      </address>
    </facility>
    <status>Not yet recruiting</status>
  </location>
  <location>
    <facility>
      <name>The University of Arizona - Banner University Medical Center Tucson Campus - Tucson</name>
      <address>
        <city>Tucson</city>
        <state>Arizona</state>
        <zip>85724-0001</zip>
        <country>United States</country>
      </address>
    </facility>
    <status>Recruiting</status>
  </location>
  <location>
    <facility>
      <name>Kern Medical Center</name>
      <address>
        <city>Bakersfield</city>
        <state>California</state>
        <zip>93306-4018</zip>
        <country>United States</country>
      </address>
    </facility>
    <status>Recruiting</status>
  </location>
  <location>
    <facility>
      <name>Hoag Hospital Newport Beach</name>
      <address>
        <city>Newport Beach</city>
        <state>California</state>
        <zip>92663</zip>
        <country>United States</country>
      </address>
    </facility>
    <status>Recruiting</status>
  </location>
  <location>
    <facility>
      <name>Stanford University - Stanford Hospital and Clinics - Pediatrics - Infectious Diseases</name>
      <address>
        <city>Stanford</city>
        <state>California</state>
        <zip>94305-2200</zip>
        <country>United States</country>
      </address>
    </facility>
    <status>Recruiting</status>
  </location>
  <location>
    <facility>
      <name>MedStar Washington Hospital Center - Infectious Diseases</name>
      <address>
        <city>Washington</city>
        <state>District of Columbia</state>
        <zip>20010-3017</zip>
        <country>United States</country>
      </address>
    </facility>
    <status>Withdrawn</status>
  </location>
  <location>
    <facility>
      <name>Advent Health Orlando - Critical Care</name>
      <address>
        <city>Orlando</city>
        <state>Florida</state>
        <zip>32803</zip>
        <country>United States</country>
      </address>
    </facility>
    <status>Withdrawn</status>
  </location>
  <location>
    <facility>
      <name>Grady Memorial Hospital</name>
      <address>
        <city>Atlanta</city>
        <state>Georgia</state>
        <zip>30303</zip>
        <country>United States</country>
      </address>
    </facility>
    <status>Recruiting</status>
  </location>
  <location>
    <facility>
      <name>Emory Vaccine Center - The Hope Clinic</name>
      <address>
        <city>Decatur</city>
        <state>Georgia</state>
        <zip>30030-1705</zip>
        <country>United States</country>
      </address>
    </facility>
    <status>Recruiting</status>
  </location>
  <location>
    <facility>
      <name>Cook County Health and Hospitals System - Ruth M Rothstein CORE Center</name>
      <address>
        <city>Chicago</city>
        <state>Illinois</state>
        <zip>60612</zip>
        <country>United States</country>
      </address>
    </facility>
    <status>Recruiting</status>
  </location>
  <location>
    <facility>
      <name>Rush University Medical Center</name>
      <address>
        <city>Chicago</city>
        <state>Illinois</state>
        <zip>60612</zip>
        <country>United States</country>
      </address>
    </facility>
    <status>Not yet recruiting</status>
  </location>
  <location>
    <facility>
      <name>Brigham and Women's Hospital - Infectious Diseases</name>
      <address>
        <city>Boston</city>
        <state>Massachusetts</state>
        <zip>02115-6110</zip>
        <country>United States</country>
      </address>
    </facility>
    <status>Recruiting</status>
  </location>
  <location>
    <facility>
      <name>Hennepin Healthcare Research Institute</name>
      <address>
        <city>Minneapolis</city>
        <state>Minnesota</state>
        <zip>55415</zip>
        <country>United States</country>
      </address>
    </facility>
    <status>Recruiting</status>
  </location>
  <location>
    <facility>
      <name>Virtua Health - Virtua Voorhees Hospital - Pulmonology</name>
      <address>
        <city>Voorhees</city>
        <state>New Jersey</state>
        <zip>08043</zip>
        <country>United States</country>
      </address>
    </facility>
    <status>Withdrawn</status>
  </location>
  <location>
    <facility>
      <name>Jacobi Medical Center</name>
      <address>
        <city>Bronx</city>
        <state>New York</state>
        <zip>10461-1119</zip>
        <country>United States</country>
      </address>
    </facility>
    <status>Recruiting</status>
  </location>
  <location>
    <facility>
      <name>Mount Sinai School of Medicine - Medicine - Infectious Diseases</name>
      <address>
        <city>New York</city>
        <state>New York</state>
        <zip>10029-6504</zip>
        <country>United States</country>
      </address>
    </facility>
    <status>Recruiting</status>
  </location>
  <location>
    <facility>
      <name>Wake Forest Baptist Health - Infectious Diseases</name>
      <address>
        <city>Winston-Salem</city>
        <state>North Carolina</state>
        <zip>27157</zip>
        <country>United States</country>
      </address>
    </facility>
    <status>Recruiting</status>
  </location>
  <location>
    <facility>
      <name>University of Toledo Medical Center - Ruppert Clinic</name>
      <address>
        <city>Toledo</city>
        <state>Ohio</state>
        <zip>43614</zip>
        <country>United States</country>
      </address>
    </facility>
    <status>Recruiting</status>
  </location>
  <location>
    <facility>
      <name>Doylestown Hospital</name>
      <address>
        <city>Doylestown</city>
        <state>Pennsylvania</state>
        <zip>18901</zip>
        <country>United States</country>
      </address>
    </facility>
    <status>Recruiting</status>
  </location>
  <location>
    <facility>
      <name>Kent County Memorial Hospital</name>
      <address>
        <city>Warwick</city>
        <state>Rhode Island</state>
        <zip>02886</zip>
        <country>United States</country>
      </address>
    </facility>
    <status>Recruiting</status>
  </location>
  <location>
    <facility>
      <name>Baptist Hospitals of Southeast Texas Site</name>
      <address>
        <city>Beaumont</city>
        <state>Texas</state>
        <zip>77701</zip>
        <country>United States</country>
      </address>
    </facility>
    <status>Recruiting</status>
  </location>
  <location>
    <facility>
      <name>West Virginia University - Infectious Diseases Clinic</name>
      <address>
        <city>Morgantown</city>
        <state>West Virginia</state>
        <zip>26506</zip>
        <country>United States</country>
      </address>
    </facility>
    <status>Recruiting</status>
  </location>
  <location_countries>
    <country>United States</country>
  </location_countries>
  <verification_date>January 12, 2021</verification_date>
  <study_first_submitted>October 9, 2020</study_first_submitted>
  <study_first_submitted_qc>October 9, 2020</study_first_submitted_qc>
  <study_first_posted type="Actual">October 12, 2020</study_first_posted>
  <last_update_submitted>February 11, 2021</last_update_submitted>
  <last_update_submitted_qc>February 11, 2021</last_update_submitted_qc>
  <last_update_posted type="Actual">February 12, 2021</last_update_posted>
  <responsible_party>
    <responsible_party_type>Sponsor</responsible_party_type>
  </responsible_party>
  <keyword>Adults</keyword>
  <keyword>COVID-19</keyword>
  <keyword>Multicenter</keyword>
  <keyword>Putative</keyword>
  <keyword>Therapeutics</keyword>
  <!-- Results have not yet been posted for this study                                          -->
</clinical_study>

