<?xml version="1.0" encoding="UTF-8"?>
<clinical_study rank="2120">
  <!-- This xml conforms to an XML Schema at:
    https://clinicaltrials.gov/ct2/html/images/info/public.xsd -->
  <required_header>
    <download_date>ClinicalTrials.gov processed this data on February 18, 2021</download_date>
    <link_text>Link to the current ClinicalTrials.gov record.</link_text>
    <url>https://clinicaltrials.gov/show/NCT04362111</url>
  </required_header>
  <id_info>
    <org_study_id>Chatham-Cytokine Covid-19</org_study_id>
    <nct_id>NCT04362111</nct_id>
  </id_info>
  <brief_title>Early Treatment of Cytokine Storm Syndrome in Covid-19</brief_title>
  <official_title>Early Treatment of Cytokine Storm Syndrome in Covid-19</official_title>
  <sponsors>
    <lead_sponsor>
      <agency>University of Alabama at Birmingham</agency>
      <agency_class>Other</agency_class>
    </lead_sponsor>
  </sponsors>
  <source>University of Alabama at Birmingham</source>
  <oversight_info>
    <has_dmc>Yes</has_dmc>
    <is_fda_regulated_drug>Yes</is_fda_regulated_drug>
    <is_fda_regulated_device>No</is_fda_regulated_device>
    <is_us_export>No</is_us_export>
  </oversight_info>
  <brief_summary>
    <textblock>
      This proposal addresses the problem of preventing the very high mortality and morbidity&#xD;
      associated with the development of Cytokine Storm Syndrome (CSS) associated respiratory&#xD;
      failure in Covid-19 infection.&#xD;
    </textblock>
  </brief_summary>
  <detailed_description>
    <textblock>
      The first aim of this project is to determine whether rapidly assayed early clinical&#xD;
      laboratory markers of CSS (eCSS: leucopenia, lymphopenia, and elevated ferritin, d-dimer,&#xD;
      LDH, CRP, and AST/ALT) in patients admitted to the hospital with respiratory compromise in&#xD;
      the setting of Covid-19 infection can accurately identify patients with CSS as defined by&#xD;
      validated CSS case definitions (H-Score, aHLH-2004). Confirmation of eCSS predictive of&#xD;
      evolving CSS will identify patients at risk for rapid deterioration of lung function and&#xD;
      inform early initiation of treatment for CSS. Genotyping studies will also be performed on&#xD;
      patients with confirmed CSS to determine whether perforin pathway mutations commonly present&#xD;
      in CSS associated with other disorders are present. The second aim is to determine whether&#xD;
      early treatment with rhIL-1Ra (anakinra) in patients admitted to the hospital with markers of&#xD;
      CSS improves or prevents deterioration of respiratory dysfunction and prevents the&#xD;
      development of respiratory failure requiring mechanical ventilation.&#xD;
    </textblock>
  </detailed_description>
  <overall_status>Recruiting</overall_status>
  <start_date type="Actual">July 29, 2020</start_date>
  <completion_date type="Anticipated">March 2021</completion_date>
  <primary_completion_date type="Anticipated">January 2021</primary_completion_date>
  <phase>Phase 3</phase>
  <study_type>Interventional</study_type>
  <has_expanded_access>No</has_expanded_access>
  <study_design_info>
    <allocation>Randomized</allocation>
    <intervention_model>Parallel Assignment</intervention_model>
    <intervention_model_description>Two parallel treatment arms</intervention_model_description>
    <primary_purpose>Treatment</primary_purpose>
    <masking>Triple (Participant, Care Provider, Investigator)</masking>
    <masking_description>Investigator, care provider, and participant blinded</masking_description>
  </study_design_info>
  <primary_outcome>
    <measure>Percentage of patients discharged from the hospital alive and without the need for mechanical ventilation.</measure>
    <time_frame>Variable up to Day 28</time_frame>
    <description>Percentage of subjects discharged from hospital without the need for intubation and mechanical ventilation</description>
  </primary_outcome>
  <secondary_outcome>
    <measure>Percentage of subjects with 25% change (decrease) in cytokine storm markers at 48 hours</measure>
    <time_frame>48 hours</time_frame>
    <description>25% change (decrease) in noted baseline elevations of serum ferritin, LDH, CRP, and d-dimer.</description>
  </secondary_outcome>
  <secondary_outcome>
    <measure>Percentage of subjects without increase in oxygen requirement and no increase in oxygen delivery/respiratory support measures after 48 hours.</measure>
    <time_frame>Day 2 (48 hours)-Day 10 (240 hours)</time_frame>
    <description>Supplemental oxygen requirement to maintain oxygen saturation &gt;90% stable or decreased without escalation of respiratory support measures (addition of CPAP, initiation of mechanical ventilation)</description>
  </secondary_outcome>
  <secondary_outcome>
    <measure>Average time in days to achieve sustained ≥93% oxygen saturation without oxygen/respiratory support</measure>
    <time_frame>0-10 days</time_frame>
    <description>Time from initial dosing of IP to achievement of ≥93% oxygen saturation on room air for 24 hours</description>
  </secondary_outcome>
  <secondary_outcome>
    <measure>Percentage of subjects with resolution of laboratory markers of Cytokine Storm syndrome</measure>
    <time_frame>Day 10</time_frame>
    <description>Normalization or ≥ 75% improvement by Day 10 (120 hours) in each of the following laboratory CSS attributes elevated beyond the normal range at randomization: ferritin, fibrinogen, AST, ALT, leucopenia, thrombocytopenia, d-dimer, CRP, triglycerides, sCD25.</description>
  </secondary_outcome>
  <secondary_outcome>
    <measure>Percentage of subjects who develop bacterial or fungal or non-Covid-19 viral infection</measure>
    <time_frame>Day 0-28</time_frame>
    <description>No increased prevalence of bacterial or fungal or viral infection through the time of hospital discharge until Day 28.</description>
  </secondary_outcome>
  <secondary_outcome>
    <measure>Percentage of subjects who develop neutralizing antibody to Covid-19</measure>
    <time_frame>Day 28</time_frame>
    <description>No failure to develop neutralizing antibody to Covid-19 measured at Day 28.</description>
  </secondary_outcome>
  <number_of_arms>2</number_of_arms>
  <enrollment type="Anticipated">30</enrollment>
  <condition>Cytokine Storm</condition>
  <condition>COVID-19</condition>
  <arm_group>
    <arm_group_label>Anakinra Group</arm_group_label>
    <arm_group_type>Experimental</arm_group_type>
    <description>The active treatment group will receive anakinra 100 mg subcutaneously every 6 hours for period of 10 days. For subjects meeting complete response criteria at 5 days, dosing will be decreased to 100 mg twice daily for the remaining 5 days.</description>
  </arm_group>
  <arm_group>
    <arm_group_label>Control Group</arm_group_label>
    <arm_group_type>Placebo Comparator</arm_group_type>
    <description>The control group will receive normal saline placebo subcutaneously every 6 hours for period of 10 days. For subjects meeting complete repsonse criteria at 5 days, dosing wll be decreased to twice daily for the remaining 5 days.</description>
  </arm_group>
  <intervention>
    <intervention_type>Drug</intervention_type>
    <intervention_name>Anakinra</intervention_name>
    <description>The active treatment group will receive anakinra 100 mg subcutaneously every 6-12 hours for a period of 10 days</description>
    <arm_group_label>Anakinra Group</arm_group_label>
    <other_name>recombinant human IL-ra (rhIL-1ra)</other_name>
  </intervention>
  <intervention>
    <intervention_type>Drug</intervention_type>
    <intervention_name>Normal saline</intervention_name>
    <description>The control group will receive normal saline placebo subcutaneously every 6-12 hours for period of 10 days</description>
    <arm_group_label>Control Group</arm_group_label>
    <other_name>NS</other_name>
  </intervention>
  <eligibility>
    <criteria>
      <textblock>
        Inclusion Criteria:&#xD;
&#xD;
          1. 18 years old or older&#xD;
&#xD;
          2. Molecular (pcRNA) diagnosis of SARS-CoV-2 infection&#xD;
&#xD;
          3. Chest imaging studies consistent with Covid-19 pneumonia&#xD;
&#xD;
          4. Hyperferritinemia (&gt;700 ng/ml)&#xD;
&#xD;
          5. Fever &gt;38 degrees C&#xD;
&#xD;
          6. Any three of the following:&#xD;
&#xD;
               1. Elevated d-dimer (&gt; 500 ng/ml)&#xD;
&#xD;
               2. thrombocytopenia (&lt; 130,000/mm3)&#xD;
&#xD;
               3. leucopenia (WBC &lt;3500/mm3) or lymphopenia (&lt;1000/mm3)&#xD;
&#xD;
               4. elevated AST or ALT (&gt; 2X ULN)&#xD;
&#xD;
               5. elevated LDH (&gt; 2X ULN)&#xD;
&#xD;
               6. CRP &gt; 100 mg/L&#xD;
&#xD;
        Exclusion Criteria:&#xD;
&#xD;
          1. Participation in other investigational treatment protocols for Covid-19 infection&#xD;
&#xD;
          2. Culture confirmed active bacterial infection requiring antibiotic therapy&#xD;
&#xD;
          3. On mechanical ventilation&#xD;
&#xD;
          4. Previous known hypersensitivity reaction to anakinra&#xD;
&#xD;
          5. Previous known hypersensitivity reaction to E Coli derived proteins&#xD;
&#xD;
          6. Pregnant or breast-feeding females&#xD;
      </textblock>
    </criteria>
    <gender>All</gender>
    <minimum_age>18 Years</minimum_age>
    <maximum_age>80 Years</maximum_age>
    <healthy_volunteers>No</healthy_volunteers>
  </eligibility>
  <overall_official>
    <last_name>Walter W Chatham, MD</last_name>
    <role>Principal Investigator</role>
    <affiliation>University of Alabama at Birmingham</affiliation>
  </overall_official>
  <overall_contact>
    <last_name>Walter W Chatham, MD</last_name>
    <phone>800-822-6478</phone>
    <email>wchatham@uabmc.edu</email>
  </overall_contact>
  <overall_contact_backup>
    <last_name>Angela Kendrach</last_name>
    <phone>205-996-5602</phone>
    <email>akendrach@uab.edu</email>
  </overall_contact_backup>
  <location>
    <facility>
      <name>University of Alabama at Birmingham</name>
      <address>
        <city>Birmingham</city>
        <state>Alabama</state>
        <zip>35294</zip>
        <country>United States</country>
      </address>
    </facility>
    <status>Recruiting</status>
    <contact>
      <last_name>Angelia Kendrach</last_name>
      <email>akendrach@uabmc.edu</email>
    </contact>
  </location>
  <location_countries>
    <country>United States</country>
  </location_countries>
  <verification_date>September 2020</verification_date>
  <study_first_submitted>April 21, 2020</study_first_submitted>
  <study_first_submitted_qc>April 23, 2020</study_first_submitted_qc>
  <study_first_posted type="Actual">April 24, 2020</study_first_posted>
  <last_update_submitted>September 8, 2020</last_update_submitted>
  <last_update_submitted_qc>September 8, 2020</last_update_submitted_qc>
  <last_update_posted type="Actual">September 11, 2020</last_update_posted>
  <responsible_party>
    <responsible_party_type>Principal Investigator</responsible_party_type>
    <investigator_affiliation>University of Alabama at Birmingham</investigator_affiliation>
    <investigator_full_name>W Winn Chatham</investigator_full_name>
    <investigator_title>Principal Investigator</investigator_title>
  </responsible_party>
  <intervention_browse>
    <!-- CAUTION:  The following MeSH terms are assigned with an imperfect algorithm            -->
    <mesh_term>Interleukin 1 Receptor Antagonist Protein</mesh_term>
  </intervention_browse>
  <patient_data>
    <sharing_ipd>Yes</sharing_ipd>
    <ipd_description>Contact PI by e-mail for protocol specifics Submission of results for peer reviewed publication</ipd_description>
    <ipd_info_type>Study Protocol</ipd_info_type>
    <ipd_info_type>Statistical Analysis Plan (SAP)</ipd_info_type>
    <ipd_info_type>Clinical Study Report (CSR)</ipd_info_type>
    <ipd_time_frame>During study enrollment</ipd_time_frame>
    <ipd_access_criteria>wchatham@uabmc.edu</ipd_access_criteria>
  </patient_data>
  <!-- Results have not yet been posted for this study                                          -->
</clinical_study>

