<?xml version="1.0" encoding="UTF-8"?>
<clinical_study rank="4102">
  <!-- This xml conforms to an XML Schema at:
    https://clinicaltrials.gov/ct2/html/images/info/public.xsd -->
  <required_header>
    <download_date>ClinicalTrials.gov processed this data on February 18, 2021</download_date>
    <link_text>Link to the current ClinicalTrials.gov record.</link_text>
    <url>https://clinicaltrials.gov/show/NCT04359225</url>
  </required_header>
  <id_info>
    <org_study_id>GN20HS182</org_study_id>
    <nct_id>NCT04359225</nct_id>
  </id_info>
  <brief_title>A Comparison of 3D and 2D Telemedicine During Covid 19</brief_title>
  <official_title>A Comparison of 3D and 2D Telemedicine: Communication During Covid 19</official_title>
  <sponsors>
    <lead_sponsor>
      <agency>NHS Greater Glasgow and Clyde</agency>
      <agency_class>Other</agency_class>
    </lead_sponsor>
    <collaborator>
      <agency>University of Strathclyde</agency>
      <agency_class>Other</agency_class>
    </collaborator>
    <collaborator>
      <agency>Glasgow Royal Infirmary</agency>
      <agency_class>Other</agency_class>
    </collaborator>
  </sponsors>
  <source>NHS Greater Glasgow and Clyde</source>
  <oversight_info>
    <has_dmc>Yes</has_dmc>
    <is_fda_regulated_drug>No</is_fda_regulated_drug>
    <is_fda_regulated_device>No</is_fda_regulated_device>
  </oversight_info>
  <brief_summary>
    <textblock>
      It is critical to establish an effective form of telemedicine during the Covid 19 pandemic,&#xD;
      that will allow safe social distancing of clinicians and patients. The investigators serve as&#xD;
      the regional plastic, burns and reconstructive centre for the West of Scotland, population 3&#xD;
      million. All face to face clinics have been cancelled and converted to telephone/telemedicine&#xD;
      only consultations. The investigators will establish both 2D and 3D telemedicine as normal&#xD;
      patient follow up practice during this period.&#xD;
&#xD;
      The aim is to implement a 3D telemedicine system to facilitate patient follow up and remote&#xD;
      physiotherapy, that will act as if the patient is physically 'present' in the room.&#xD;
      Physiotherapy is crucial to patient outcomes after burns contractures, hand trauma and cancer&#xD;
      reconstruction. The 3D telemedicine system will be built by an industrial partner, with CE&#xD;
      marked equipment, specifically to help during the Covid-19 Pandemic.&#xD;
&#xD;
      This study forms a follow on study to the investigator's pilot study (based on clinical&#xD;
      feedback only)&#xD;
    </textblock>
  </brief_summary>
  <detailed_description>
    <textblock>
      During Covid pandemic the Canniesburn Plastic Surgery Unit has stopped face to face clinics.&#xD;
      The investigators therefore aim to assess current telemedicine options from a clinician&#xD;
      viewpoint.&#xD;
&#xD;
      Why is the 3D telemedicine study important during Covid 19?&#xD;
&#xD;
        1. Augment not replace current telemedicine capabilities. 3D telemedicine system would be&#xD;
           transformative - much of Plastic Surgery work is 3 dimensional e.g. burns contractures,&#xD;
           cleft lip. A 3D system may therefore give clinicians a more 'realistic' and accurate&#xD;
           representation of patient interaction.&#xD;
&#xD;
        2. Reduce viral load in clinic. This will reduce face to face contact. High viral load&#xD;
           transmission (eg in the confines of an all day clinic) may be associated with higher&#xD;
           risk of healthcare worker mortality.&#xD;
&#xD;
        3. Facilitate remote therapies and improve patient outcomes. Current 2D telemedicine (e.g.&#xD;
           Attend Anywhere) is limited in the ability to remotely guide patient therapies - the&#xD;
           therapist cannot guide the camera or look at specific areas of interest. With 3D&#xD;
           telemedicine the therapist can 'walk around' the patient as if the patient were&#xD;
           co-present, and look at areas of interest with ease.&#xD;
&#xD;
        4. Measurements of angles/other clinical measurements. For example, after a burns&#xD;
           contracture or hand trauma a clinician may want to measure the angles at the wrist joint&#xD;
           to see if there is any improvement. This cannot be done accurately with 2D telemedicine.&#xD;
           3D telemedicine may facilitate the measurement of angles and assess outcomes but this is&#xD;
           unknown.&#xD;
&#xD;
      Method Randomised Controlled Trial. Single blinded (participants blinded - unaware of type of&#xD;
      telemedicine, clinicians unblinded - aware of type of telemedicine)&#xD;
&#xD;
      Study setting and Participants:&#xD;
&#xD;
      The study will review clinician's assessments of telemedicine and clinical assessment of&#xD;
      patients using telemedicine. These will consist of the plastic surgery patients selected from&#xD;
      general plastic surgery clinic including patients with breast reconstruction, sarcoma, limb&#xD;
      reconstruction, head &amp; neck reconstruction, flap reconstruction, hand trauma and cleft lip,&#xD;
      and will be known to the research team. The assessment is of the telemedicine system by the&#xD;
      clinician only. There will be two sites, the 'remote' site where the patient attends, and the&#xD;
      'central' site where the clinician reviews the patient. Remote site will be at West Glasgow&#xD;
      Ambulatory Care Hospital (Covid free site) and the central location will be Glasgow Royal&#xD;
      Infirmary.&#xD;
&#xD;
      Outcomes The investigators aim to answer the question &quot;How does 3D telemedicine compare to 2D&#xD;
      telemedicine?&quot;&#xD;
&#xD;
      Primary outcomes:&#xD;
&#xD;
      Mental Effort Rating Scale, University Hospital of North Norway (UNN) scales, Telehealth&#xD;
      Usability Questionnaire (TUQ)&#xD;
&#xD;
      Secondary outcomes:&#xD;
&#xD;
      Subjective feedback with transcribing, coding and thematic analysis. Measurements (where&#xD;
      applicable e.g. angles of contracture in hand) Outcome scoring scales (where applicable e.g.&#xD;
      validated Unilateral Cleft Score Surgical Outcomes Evaluation Scale - UCLSOE).&#xD;
&#xD;
      Study Methods:&#xD;
&#xD;
      Sample Size The pilot/feasibility study will generate data for sample size calculation. No&#xD;
      data exist for sample size calculations of 3D versus 2D telemedicine.&#xD;
&#xD;
      Randomisation Block randomisation. Patient randomised to 2D or 3D telemedicine first.&#xD;
&#xD;
      Patient assessment with Telemedicine The patient is examined with the randomly allocated type&#xD;
      of telemedicine and the duration of consultation recorded. The telemedicine room is the same&#xD;
      for both 2D and 3D telemedicine, and uses the same equipment. After the consultation the&#xD;
      patient does not require further participation&#xD;
&#xD;
      Clinician Feedback The clinician fills in a questionnaire assessment of the type of&#xD;
      telemedicine used.&#xD;
&#xD;
      Clinician records measurements where applicable Clinician records outcome scoring scales&#xD;
      where applicable&#xD;
&#xD;
      Primary outcomes UNN questionnaire Mental Effort Rating Scale&#xD;
&#xD;
      Secondary outcomes Telehealth Usability Questionnaire Subjective interview Patient&#xD;
      measurements (where applicable) Patient outcome scales (where applicable)&#xD;
    </textblock>
  </detailed_description>
  <overall_status>Not yet recruiting</overall_status>
  <start_date type="Anticipated">June 30, 2020</start_date>
  <completion_date type="Anticipated">December 31, 2021</completion_date>
  <primary_completion_date type="Anticipated">December 31, 2021</primary_completion_date>
  <phase>N/A</phase>
  <study_type>Interventional</study_type>
  <has_expanded_access>No</has_expanded_access>
  <study_design_info>
    <allocation>Randomized</allocation>
    <intervention_model>Crossover Assignment</intervention_model>
    <intervention_model_description>Randomised controlled trial</intervention_model_description>
    <primary_purpose>Other</primary_purpose>
    <masking>Triple (Participant, Investigator, Outcomes Assessor)</masking>
    <masking_description>Patient will be blinded to form of telemedicine. Clinician will not be blinded</masking_description>
  </study_design_info>
  <primary_outcome>
    <measure>University Hospitals of North Northway questionnaire</measure>
    <time_frame>Single time point at day 1 (Clinician assesses telemedicine system once after seeing patient)</time_frame>
    <description>University Hospitals of North Northway questionnaire. Outcome scale with a sum score 1 to 5 Higher score is worse</description>
  </primary_outcome>
  <primary_outcome>
    <measure>Mental effort rating scale</measure>
    <time_frame>Single time point at day 1(Clinician assesses telemedicine system once after seeing patient)</time_frame>
    <description>Scale 1 to 9 Higher score is worse</description>
  </primary_outcome>
  <secondary_outcome>
    <measure>Telehealth Usability Questionnaire</measure>
    <time_frame>Single time point at day 1 (Clinician assesses telemedicine system once after seeing patient)</time_frame>
    <description>Telehealth Usability Questionnaire. 21 domains, each with scale 1 to 7. Higher is better.</description>
  </secondary_outcome>
  <secondary_outcome>
    <measure>Subjective feedback interview</measure>
    <time_frame>Once at study completion, an average of 18 months.</time_frame>
    <description>Clinician Subjective feedback. This is an interview performed by a psychologist and will be transcribed, coded and thematically analysed. There is no statistical analysis or outcome scale involved.</description>
  </secondary_outcome>
  <number_of_arms>2</number_of_arms>
  <enrollment type="Anticipated">80</enrollment>
  <condition>Telehealth</condition>
  <arm_group>
    <arm_group_label>3D telemedicine</arm_group_label>
    <arm_group_type>Active Comparator</arm_group_type>
    <description>3D telemedicine system</description>
  </arm_group>
  <arm_group>
    <arm_group_label>2D telemedicine</arm_group_label>
    <arm_group_type>Placebo Comparator</arm_group_type>
    <description>2D telemedicine system (standard care)</description>
  </arm_group>
  <intervention>
    <intervention_type>Other</intervention_type>
    <intervention_name>3D Telemedicine</intervention_name>
    <description>Telemedicine using 3D broadcast to clinician</description>
    <arm_group_label>3D telemedicine</arm_group_label>
    <other_name>Telepresence</other_name>
  </intervention>
  <intervention>
    <intervention_type>Other</intervention_type>
    <intervention_name>2D Telemedicine</intervention_name>
    <description>Standard care with 2D telemedicine</description>
    <arm_group_label>2D telemedicine</arm_group_label>
    <other_name>Standard Care</other_name>
  </intervention>
  <eligibility>
    <criteria>
      <textblock>
        Inclusion Criteria:&#xD;
&#xD;
          -  Breast reconstruction patients pre and post op&#xD;
&#xD;
          -  Sarcoma patients pre and post op&#xD;
&#xD;
          -  Burns patients pre and post op&#xD;
&#xD;
          -  Cleft lip patients pre and post op&#xD;
&#xD;
          -  Head &amp; neck reconstruction patients pre and post op&#xD;
&#xD;
          -  Hand trauma patients pre and post op&#xD;
&#xD;
          -  Flap reconstruction patients pre and post op.&#xD;
&#xD;
        Exclusion Criteria:&#xD;
&#xD;
          -  Adults unable to consent&#xD;
&#xD;
          -  Patients requiring interpreter.&#xD;
      </textblock>
    </criteria>
    <gender>All</gender>
    <minimum_age>1 Year</minimum_age>
    <maximum_age>95 Years</maximum_age>
    <healthy_volunteers>No</healthy_volunteers>
  </eligibility>
  <overall_official>
    <last_name>Steven Lo, FRCS Plast</last_name>
    <role>Principal Investigator</role>
    <affiliation>NHS Greater Glasgow and Clyde Clinical Research and Development Central Office</affiliation>
  </overall_official>
  <overall_contact>
    <last_name>Steven Lo, FRCS Plast</last_name>
    <phone>01412114475</phone>
    <email>steven.lo@nhs.net</email>
  </overall_contact>
  <overall_contact_backup>
    <last_name>David McGill, FRCS Plast</last_name>
    <phone>01412114000</phone>
    <email>david.mcgill@ggc.scot.nhs.uk</email>
  </overall_contact_backup>
  <location>
    <facility>
      <name>Canniesburn Regional Plastic Surgery and Burns Unit</name>
      <address>
        <city>Glasgow</city>
        <state>Scotland</state>
        <zip>G4 0SF</zip>
        <country>United Kingdom</country>
      </address>
    </facility>
    <contact>
      <last_name>Steven Lo, FRCS Plast</last_name>
      <phone>0141 2114000</phone>
      <phone_ext>4475</phone_ext>
      <email>steven.lo@nhs.net</email>
    </contact>
    <contact_backup>
      <last_name>David McGill, FRCS Plast</last_name>
      <phone>0141 211 4000</phone>
    </contact_backup>
  </location>
  <location_countries>
    <country>United Kingdom</country>
  </location_countries>
  <verification_date>April 2020</verification_date>
  <study_first_submitted>April 16, 2020</study_first_submitted>
  <study_first_submitted_qc>April 20, 2020</study_first_submitted_qc>
  <study_first_posted type="Actual">April 24, 2020</study_first_posted>
  <last_update_submitted>April 27, 2020</last_update_submitted>
  <last_update_submitted_qc>April 27, 2020</last_update_submitted_qc>
  <last_update_posted type="Actual">April 28, 2020</last_update_posted>
  <responsible_party>
    <responsible_party_type>Sponsor</responsible_party_type>
  </responsible_party>
  <patient_data>
    <sharing_ipd>No</sharing_ipd>
  </patient_data>
  <!-- Results have not yet been posted for this study                                          -->
</clinical_study>

