<?xml version="1.0" encoding="UTF-8"?>
<clinical_study rank="402">
  <!-- This xml conforms to an XML Schema at:
    https://clinicaltrials.gov/ct2/html/images/info/public.xsd -->
  <required_header>
    <download_date>ClinicalTrials.gov processed this data on February 18, 2021</download_date>
    <link_text>Link to the current ClinicalTrials.gov record.</link_text>
    <url>https://clinicaltrials.gov/show/NCT04384497</url>
  </required_header>
  <id_info>
    <org_study_id>CP2</org_study_id>
    <nct_id>NCT04384497</nct_id>
  </id_info>
  <brief_title>Convalescent Plasma for Treatment of COVID-19: An Exploratory Dose Identifying Study</brief_title>
  <official_title>Convalescent Plasma for Treatment of COVID-19: An Exploratory Dose Identifying Study</official_title>
  <sponsors>
    <lead_sponsor>
      <agency>Joakim Dillner</agency>
      <agency_class>Other</agency_class>
    </lead_sponsor>
    <collaborator>
      <agency>Danderyd Hospital</agency>
      <agency_class>Other</agency_class>
    </collaborator>
    <collaborator>
      <agency>Karolinska University Hospital</agency>
      <agency_class>Other</agency_class>
    </collaborator>
    <collaborator>
      <agency>Karolinska Institutet</agency>
      <agency_class>Other</agency_class>
    </collaborator>
  </sponsors>
  <source>Karolinska University Hospital</source>
  <oversight_info>
    <has_dmc>Yes</has_dmc>
    <is_fda_regulated_drug>No</is_fda_regulated_drug>
    <is_fda_regulated_device>No</is_fda_regulated_device>
  </oversight_info>
  <brief_summary>
    <textblock>
      Convalescent plasma has been shown to be safe and effective for treatment of several&#xD;
      diseases. Preliminary data indicates that it is safe and effective for treatment of COVID.&#xD;
      However, data is limited to small studies and case series on severely ill patients.&#xD;
&#xD;
      In a preliminary safety study 10 patients with severe COVID-19, defined as requiring&#xD;
      supplementary oxygen, having fever and a duration of illness less than 11 days were treated&#xD;
      with 200 ml of CP. CP was given as a slow infusion without obvious adverse events. Eight&#xD;
      patients had viremia. One patient rapidly cleared the virus and recovered following CP&#xD;
      treatment. CP infusion did not appear to clear viremia in 7/8 patients. Five of these were&#xD;
      eventually admitted to ICU. Thus CP did not appear to cause acute toxicity but did not seem&#xD;
      to be effective at the dose used. Viremia seemed to be a marker of a high risk of disease&#xD;
      progression The proposed study thus aims to treat a high risk population identified by having&#xD;
      viremia irrespective of but hopefully before they develop pulmonary injury such that they&#xD;
      require supplementary oxygen therapy. Moreover the dose of plasma will be increased&#xD;
      incrementally with the aim of clearing viremia as our initial study indicates that continued&#xD;
      viremia is driving COVID-19.&#xD;
    </textblock>
  </brief_summary>
  <overall_status>Recruiting</overall_status>
  <start_date type="Actual">May 7, 2020</start_date>
  <completion_date type="Anticipated">December 2020</completion_date>
  <primary_completion_date type="Anticipated">June 2020</primary_completion_date>
  <phase>Phase 1/Phase 2</phase>
  <study_type>Interventional</study_type>
  <has_expanded_access>No</has_expanded_access>
  <study_design_info>
    <allocation>N/A</allocation>
    <intervention_model>Single Group Assignment</intervention_model>
    <intervention_model_description>An open, non-randomised controlled, safety and dose identifying clinical trial</intervention_model_description>
    <primary_purpose>Treatment</primary_purpose>
    <masking>None (Open Label)</masking>
  </study_design_info>
  <primary_outcome>
    <measure>Number and proportion of patients with progression to ventilation or sustained requirement of supplementary oxygen therapy</measure>
    <time_frame>Measured in the first 28 days after inclusion.</time_frame>
    <description>Progression to non-invasive or invasive ventilation or a sustained requirement of 15L of supplementary oxygen therapy in patients that are not eligible for intensive care treatment.</description>
  </primary_outcome>
  <secondary_outcome>
    <measure>Adverse events</measure>
    <time_frame>The reporting period for AEs starts at inclusion and ends at the final follow-up visit 2 months after inclusion.</time_frame>
    <description>Adverse reactions and serious adverse reactions. The safety of the intervention will be assessed with regard to AEs, baseline medical conditions, and findings from the physical examination and laboratory tests. Possible adverse events will be elicited using a modification and Swedish translation (appendix 6) of Common Terminology Criteria for Adverse Events v5.0 and they will be continuously reported to the sponsor. Adverse events related to convalescent plasma therapy shall be followed to assess reversibility.</description>
  </secondary_outcome>
  <secondary_outcome>
    <measure>Dose of plasma needed to clear viremia</measure>
    <time_frame>28 days</time_frame>
    <description>Measured as doses of convalescent plasma administered (1-7 infusions, 200ml).</description>
  </secondary_outcome>
  <secondary_outcome>
    <measure>Clearance of viremia</measure>
    <time_frame>6 months.</time_frame>
    <description>SARS-CoV-2 RNA detection by PCR in blood or serum. Blood samples for immunological analyses and serology will be taken daily until discharge, on day 28, and at 6 months.</description>
  </secondary_outcome>
  <secondary_outcome>
    <measure>Fever and symptoms</measure>
    <time_frame>Until discharged from the hospital, up to 2 months</time_frame>
    <description>Time to resolution of fever and symptoms. Breathing rate, peripheral oxygen saturation (measured with pulse oximetry after 20 minutes of rest), oxygen use, pulse, blood pressure, body temperature and mental state will be monitored 3 times/day while hospitalized.</description>
  </secondary_outcome>
  <secondary_outcome>
    <measure>Inflammatory parameters</measure>
    <time_frame>Until discharged from the hospital, up to 2 months</time_frame>
    <description>Time to normalization of inflammatory parameters. Blood samples for inflammatory parameters will be taken daily until normalized or discharged from the hospital.</description>
  </secondary_outcome>
  <secondary_outcome>
    <measure>Antibody response to SARS-CoV-2</measure>
    <time_frame>6 months</time_frame>
    <description>Characterization of the antibody response to SARS-CoV-2. Blood samples for immunological analyses and serology will be taken daily until discharge, on day 28, and at 6 months.</description>
  </secondary_outcome>
  <number_of_arms>1</number_of_arms>
  <enrollment type="Anticipated">50</enrollment>
  <condition>COVID-19</condition>
  <arm_group>
    <arm_group_label>Convalescent plasma treatment</arm_group_label>
    <arm_group_type>Experimental</arm_group_type>
    <description>Participants will receive 200 ml convalescent plasma daily until SARS-CoV-2 is no longer detectable in the blood up to a maximum of 7 CP infusions. CP will be given as a slow infusion over 1 hour. Patients will be monitored for adverse events, especially allergic reactions.</description>
  </arm_group>
  <intervention>
    <intervention_type>Biological</intervention_type>
    <intervention_name>SARS-CoV-2 convalescent plasma</intervention_name>
    <description>Treatment with convalescent plasma (200ml, up to a maximum of 7 CP infusions). Plasma from consenting individuals who have recovered from SARS-CoV-2 infection.</description>
    <arm_group_label>Convalescent plasma treatment</arm_group_label>
  </intervention>
  <eligibility>
    <criteria>
      <textblock>
        Inclusion Criteria:&#xD;
&#xD;
          -  Age 18 or older&#xD;
&#xD;
          -  Admitted to a study hospital&#xD;
&#xD;
          -  Active COVID-19 defined as symptoms + SARS CoV-2 identified from upper or lower airway&#xD;
             samples&#xD;
&#xD;
          -  Negative pregnancy test taken before inclusion and use of an acceptable effective&#xD;
             method of contraception until treatment discontinuation if the participant is a woman&#xD;
             of childbearing potential&#xD;
&#xD;
          -  Written informed consent after meeting with a study physician and ability and&#xD;
             willingness to complete follow up&#xD;
&#xD;
        Exclusion Criteria:&#xD;
&#xD;
          -  No matching plasma donor (Exact matching in both the ABO system is required)&#xD;
&#xD;
          -  Unavailability of plasma&#xD;
&#xD;
          -  Significant growth of alternative lower airway pathogen such as Streptococcus&#xD;
             pneumoniae or Haemophilus influenzae in sputum&#xD;
&#xD;
          -  Estimated glomerular filtration rate &lt;60 (kidney failure stage III or more)&#xD;
&#xD;
          -  Pregnancy (urinary-hcg)&#xD;
&#xD;
          -  Breast feeding&#xD;
&#xD;
          -  History of severe allergic reactions to foods or other substances that the donor may&#xD;
             have been exposed to (for example severe peanut allergy)&#xD;
&#xD;
          -  Inability to give informed consent&#xD;
      </textblock>
    </criteria>
    <gender>All</gender>
    <minimum_age>18 Years</minimum_age>
    <maximum_age>N/A</maximum_age>
    <healthy_volunteers>No</healthy_volunteers>
  </eligibility>
  <overall_official>
    <last_name>Johan Ursing, MD, PhD</last_name>
    <role>Principal Investigator</role>
    <affiliation>Danderyd Hospital</affiliation>
  </overall_official>
  <overall_contact>
    <last_name>Joakim Dillner, MD, PhD</last_name>
    <phone>+46 (0) 72-468 24 60</phone>
    <email>joakim.dillner@ki.se</email>
  </overall_contact>
  <overall_contact_backup>
    <last_name>Johan Ursing, MD, PhD</last_name>
    <phone>+46 (0) 70-475 15 30</phone>
    <email>johan.ursing@sll.se</email>
  </overall_contact_backup>
  <location>
    <facility>
      <name>Danderyd Hospital</name>
      <address>
        <city>Danderyd</city>
        <state>Stockholm</state>
        <zip>18257</zip>
        <country>Sweden</country>
      </address>
    </facility>
    <status>Recruiting</status>
    <contact>
      <last_name>Johan Ursing, MD, PhD</last_name>
      <phone>+46 (0) 70-475 15 30</phone>
      <email>johan.ursing@sll.se</email>
    </contact>
    <contact_backup>
      <last_name>Karl Hagman, MD</last_name>
      <phone>+46 (0) 73-959 20 27</phone>
      <email>karl.hagman@sll.se</email>
    </contact_backup>
  </location>
  <location>
    <facility>
      <name>Karolinska University Hospital</name>
      <address>
        <city>Stockholm</city>
        <zip>14186</zip>
        <country>Sweden</country>
      </address>
    </facility>
    <status>Recruiting</status>
    <contact>
      <last_name>Joakim Dillner, MD, PhD</last_name>
      <phone>+46 (0) 72-468 24 60</phone>
      <email>joakim.dillner@ki.se</email>
    </contact>
  </location>
  <location_countries>
    <country>Sweden</country>
  </location_countries>
  <verification_date>May 2020</verification_date>
  <study_first_submitted>May 7, 2020</study_first_submitted>
  <study_first_submitted_qc>May 9, 2020</study_first_submitted_qc>
  <study_first_posted type="Actual">May 12, 2020</study_first_posted>
  <last_update_submitted>May 26, 2020</last_update_submitted>
  <last_update_submitted_qc>May 26, 2020</last_update_submitted_qc>
  <last_update_posted type="Actual">May 27, 2020</last_update_posted>
  <responsible_party>
    <responsible_party_type>Sponsor-Investigator</responsible_party_type>
    <investigator_affiliation>Karolinska University Hospital</investigator_affiliation>
    <investigator_full_name>Joakim Dillner</investigator_full_name>
    <investigator_title>Professor of Infectious Disease Epidemiology; Director of R&amp;D</investigator_title>
  </responsible_party>
  <keyword>COVID-19 convalescent plasma treatment</keyword>
  <keyword>SARS-CoV-2 infection</keyword>
  <keyword>Dosing</keyword>
  <keyword>Safety</keyword>
  <keyword>Effectiveness</keyword>
  <patient_data>
    <sharing_ipd>Yes</sharing_ipd>
    <ipd_description>The investigators will be sharing the data, but the management plan is being designed.</ipd_description>
    <ipd_info_type>Study Protocol</ipd_info_type>
  </patient_data>
  <!-- Results have not yet been posted for this study                                          -->
</clinical_study>

