<?xml version="1.0" encoding="UTF-8"?>
<clinical_study rank="4800">
  <!-- This xml conforms to an XML Schema at:
    https://clinicaltrials.gov/ct2/html/images/info/public.xsd -->
  <required_header>
    <download_date>ClinicalTrials.gov processed this data on February 18, 2021</download_date>
    <link_text>Link to the current ClinicalTrials.gov record.</link_text>
    <url>https://clinicaltrials.gov/show/NCT04589923</url>
  </required_header>
  <id_info>
    <org_study_id>PHT/2020/50</org_study_id>
    <nct_id>NCT04589923</nct_id>
  </id_info>
  <brief_title>The VISION-Acute Study</brief_title>
  <official_title>The Measurement of VItal SIgns by Lifelight® Data Collect Software in comparisON to the Standard of Care in Acutely Unwell Patients - The VISION-Acute Study</official_title>
  <sponsors>
    <lead_sponsor>
      <agency>Xim Limited</agency>
      <agency_class>Industry</agency_class>
    </lead_sponsor>
    <collaborator>
      <agency>Portsmouth Hospitals NHS Trust</agency>
      <agency_class>Other</agency_class>
    </collaborator>
    <collaborator>
      <agency>Mind Over Matter Medtech Ltd</agency>
      <agency_class>Other</agency_class>
    </collaborator>
  </sponsors>
  <source>Xim Limited</source>
  <oversight_info>
    <has_dmc>Yes</has_dmc>
    <is_fda_regulated_drug>No</is_fda_regulated_drug>
    <is_fda_regulated_device>No</is_fda_regulated_device>
  </oversight_info>
  <brief_summary>
    <textblock>
      AIM: We propose an innovative approach using Lifelight® smart technology that will enable the&#xD;
      continued provision of high level patient care at the same time as reducing pressure on&#xD;
      nursing and equipment resources.&#xD;
&#xD;
      METHOD : Lifelight® is a computer program (&quot;app&quot;) which can be used on smart devices that&#xD;
      contain a camera. It is able to measure all of the vital signs by measuring very small&#xD;
      changes in skin colour that occur each time the heart beats. This means that it does not need&#xD;
      to touch the patient. We believe this could be an effective way of measuring vital signs,&#xD;
      especially during the COVID-19 pandemic when prevention of cross-contamination between&#xD;
      patients is essential. Patients are also likely to be reassured by a contactless approach.&#xD;
&#xD;
      During this study, we will recruit two groups of people who are hospitalised with an acute&#xD;
      illness. The first group will be people expected to have abnormal blood oxygen levels such as&#xD;
      those with acute respiratory problems including those with COVID-19. The second group will be&#xD;
      people expected to have abnormal blood pressure. These Lifelight vital signs will be compared&#xD;
      to measurements from standard clinical equipment.&#xD;
&#xD;
      The exact number of participants recruited will depend on how quickly the app &quot;learns&quot; and&#xD;
      how many of the vital signs collected are outside of the normal range. For the first group of&#xD;
      participants, we will use a camera to collect data about the changes in their face and use&#xD;
      this to teach the app how to measure blood oxygen level and also to check how well the app&#xD;
      measures blood oxygen level, heart rate and respiratory rate. For the second group of&#xD;
      participants, we will use a camera to collect data about the changes in their face to check&#xD;
      how well the app measures blood pressure and respiratory rate. All of the data will be kept&#xD;
      secure and participants will not be able to be identified.&#xD;
    </textblock>
  </brief_summary>
  <detailed_description>
    <textblock>
      Following informed consent, the study staff member will complete a very brief set of&#xD;
      demographic and medical history questions, limited to the presence or absence of medical&#xD;
      problems and treatment for them.&#xD;
&#xD;
      Participants will be recruited into either Group 1 or Group 2 depending on their previous&#xD;
      clinical observations assessed during screening.&#xD;
&#xD;
        -  Group 1 participants will have oxygen saturation, heart rate and respiratory rate&#xD;
           measured.&#xD;
&#xD;
        -  Group 2 participants will have blood pressure and respiratory rate measured.&#xD;
&#xD;
      For all participants, the study team will complete a set of pre-measurement observation&#xD;
      questions. Background luminosity will be measured using a handheld lux meter. The staff&#xD;
      member will then prepare for and take the participant's routine observations using standard&#xD;
      clinical equipment during the same 60-second period that video is captured of the&#xD;
      participant's face using Lifelight® Data Collect (from which only the RGB data will be&#xD;
      uploaded to the cloud). These measurements and RGB data capture will be repeated two times&#xD;
      following the initial observations. Once measurements are concluded, the study staff member&#xD;
      will complete the post-measurement observation questions.&#xD;
    </textblock>
  </detailed_description>
  <overall_status>Recruiting</overall_status>
  <start_date type="Actual">September 14, 2020</start_date>
  <completion_date type="Anticipated">January 2022</completion_date>
  <primary_completion_date type="Anticipated">January 2022</primary_completion_date>
  <study_type>Observational</study_type>
  <has_expanded_access>No</has_expanded_access>
  <study_design_info>
    <observational_model>Cohort</observational_model>
    <time_perspective>Prospective</time_perspective>
  </study_design_info>
  <primary_outcome>
    <measure>Primary Objective</measure>
    <time_frame>3 months</time_frame>
    <description>Train Lifelight® oxygen saturation algorithms with hypoxic individuals.</description>
  </primary_outcome>
  <secondary_outcome>
    <measure>Secondary Objective 1</measure>
    <time_frame>3 months</time_frame>
    <description>Measure oxygen saturation using Lifelight® with accuracy closer to +/- 4%.</description>
  </secondary_outcome>
  <secondary_outcome>
    <measure>Secondary Objective 2</measure>
    <time_frame>3 months</time_frame>
    <description>Measure heart rate using Lifelight® with accuracy closer to RMSE of 3bpm.</description>
  </secondary_outcome>
  <secondary_outcome>
    <measure>Secondary Objective 3</measure>
    <time_frame>3 months</time_frame>
    <description>Measure respiratory rate using Lifelight® with tolerance accuracy closer to 100% of readings within 5 breaths per minute.</description>
  </secondary_outcome>
  <secondary_outcome>
    <measure>Secondary Objective 4</measure>
    <time_frame>3 months</time_frame>
    <description>Measure systolic and diastolic blood pressure using Lifelight® with accuracy closer to 5+/- 8mmHg.</description>
  </secondary_outcome>
  <number_of_groups>2</number_of_groups>
  <enrollment type="Anticipated">200</enrollment>
  <condition>Hypertension</condition>
  <condition>Hypoxia</condition>
  <condition>Hypotension</condition>
  <arm_group>
    <arm_group_label>Group 1 - participants expected to have abnormal oxygen saturation</arm_group_label>
    <description>Within each study session, participants will have their oxygen saturation, heart rate and respiratory rate measured three times using standard of care equipment and methods. At the same time, video of the participant's face will be captured using the Lifelight® Data Collect app running on a tablet positioned opposite them. The app will upload the RGB data extracted from this video to the cloud for subsequent analysis and processing aligned to the study's primary and secondary objectives only. The app does not return any measurements to the user or participant.</description>
  </arm_group>
  <arm_group>
    <arm_group_label>Group 2 - participants expected to have abnormal blood pressure</arm_group_label>
    <description>Within each study session, participants will have their blood pressure and respiratory rate measured three times using standard of care equipment. At the same time, video of the participant's face will be captured using the Lifelight® Data Collect app running on a tablet positioned opposite them. The app will upload the RGB data extracted from this video to the cloud for subsequent analysis and processing aligned to the study's secondary objectives only. The app does not return any measurements to the user or participant.</description>
  </arm_group>
  <intervention>
    <intervention_type>Device</intervention_type>
    <intervention_name>Lifelight® Data Collect Blood Pressure Group</intervention_name>
    <description>The staff member will prepare for and take the participant's routine observations using standard clinical equipment during the same 60-second period that video is captured of the participant's face using Lifelight® Data Collect (from which only the RGB data will be uploaded to the cloud). These measurements and RGB data capture will be repeated two times following the initial observations. Once measurements are concluded, the study staff member will complete the post-measurement observation questions.</description>
    <arm_group_label>Group 2 - participants expected to have abnormal blood pressure</arm_group_label>
  </intervention>
  <intervention>
    <intervention_type>Device</intervention_type>
    <intervention_name>Lifelight® Data Collect Oxygen Saturation Group</intervention_name>
    <description>The staff member will prepare for and take the participant's routine observations using standard clinical equipment during the same 60-second period that video is captured of the participant's face using Lifelight® Data Collect (from which only the RGB data will be uploaded to the cloud). These measurements and RGB data capture will be repeated two times following the initial observations. Once measurements are concluded, the study staff member will complete the post-measurement observation questions.</description>
    <arm_group_label>Group 1 - participants expected to have abnormal oxygen saturation</arm_group_label>
  </intervention>
  <eligibility>
    <study_pop>
      <textblock>
        Inpatients - adults&#xD;
      </textblock>
    </study_pop>
    <sampling_method>Non-Probability Sample</sampling_method>
    <criteria>
      <textblock>
        Inclusion Criteria:&#xD;
&#xD;
          1. Adults ≥18 years old&#xD;
&#xD;
          2. Requiring hospital admission with an acute illness&#xD;
&#xD;
          3. Potential for vital signs to be outside of the normal ranges on the basis of their&#xD;
             clinical status&#xD;
&#xD;
        Exclusion Criteria:&#xD;
&#xD;
          1. Participants unable to undertake simultaneous blood pressure monitoring in both arms&#xD;
             will be excluded from Group 2, for example participants with an arterio-venous fistula&#xD;
             for dialysis or in cases of lymphoedema following breast cancer surgery&#xD;
&#xD;
          2. Participants admitted to Intensive Care&#xD;
      </textblock>
    </criteria>
    <gender>All</gender>
    <minimum_age>18 Years</minimum_age>
    <maximum_age>N/A</maximum_age>
    <healthy_volunteers>No</healthy_volunteers>
  </eligibility>
  <overall_official>
    <last_name>Laura Wiffen</last_name>
    <role>Principal Investigator</role>
    <affiliation>Portsmouth Hospitals University NHS Trust</affiliation>
  </overall_official>
  <overall_contact>
    <last_name>Laura Wiffen</last_name>
    <phone>+44(0)239228600</phone>
    <phone_ext>5153</phone_ext>
    <email>laura.wiffen@porthosp.nhs.uk</email>
  </overall_contact>
  <location>
    <facility>
      <name>Portsmouth Hospitals NHS Trust</name>
      <address>
        <city>Portsmouth</city>
        <state>England</state>
        <zip>PO6 3LY</zip>
        <country>United Kingdom</country>
      </address>
    </facility>
    <status>Recruiting</status>
    <contact>
      <last_name>Elaine Baddeley</last_name>
      <phone>02392 286000</phone>
      <phone_ext>5153</phone_ext>
      <email>elaine.baddeley@porthosp.nhs.uk</email>
    </contact>
  </location>
  <location_countries>
    <country>United Kingdom</country>
  </location_countries>
  <verification_date>February 2021</verification_date>
  <study_first_submitted>October 2, 2020</study_first_submitted>
  <study_first_submitted_qc>October 9, 2020</study_first_submitted_qc>
  <study_first_posted type="Actual">October 19, 2020</study_first_posted>
  <last_update_submitted>February 12, 2021</last_update_submitted>
  <last_update_submitted_qc>February 12, 2021</last_update_submitted_qc>
  <last_update_posted type="Actual">February 15, 2021</last_update_posted>
  <responsible_party>
    <responsible_party_type>Sponsor</responsible_party_type>
  </responsible_party>
  <keyword>vital signs</keyword>
  <keyword>innovation</keyword>
  <keyword>lifelight</keyword>
  <keyword>blood pressure</keyword>
  <keyword>oxygen saturation</keyword>
  <keyword>contactless</keyword>
  <keyword>COVID-19</keyword>
  <keyword>rPPG</keyword>
  <condition_browse>
    <!-- CAUTION:  The following MeSH terms are assigned with an imperfect algorithm            -->
    <mesh_term>Hypotension</mesh_term>
    <mesh_term>Hypoxia</mesh_term>
  </condition_browse>
  <patient_data>
    <sharing_ipd>No</sharing_ipd>
  </patient_data>
  <!-- Results have not yet been posted for this study                                          -->
</clinical_study>

