<?xml version="1.0" encoding="UTF-8"?>
<clinical_study rank="2561">
  <!-- This xml conforms to an XML Schema at:
    https://clinicaltrials.gov/ct2/html/images/info/public.xsd -->
  <required_header>
    <download_date>ClinicalTrials.gov processed this data on February 18, 2021</download_date>
    <link_text>Link to the current ClinicalTrials.gov record.</link_text>
    <url>https://clinicaltrials.gov/show/NCT04663945</url>
  </required_header>
  <id_info>
    <org_study_id>20-2415</org_study_id>
    <nct_id>NCT04663945</nct_id>
  </id_info>
  <brief_title>Predictors of Recovery and the App-Facilitated Tele-Rehabilitation (AFTER) Program for COVID-19 Survivors</brief_title>
  <acronym>AFTER</acronym>
  <official_title>Predictors of Recovery and the App-Facilitated Tele-Rehabilitation (AFTER) Program for COVID Survivors</official_title>
  <sponsors>
    <lead_sponsor>
      <agency>University of Colorado, Denver</agency>
      <agency_class>Other</agency_class>
    </lead_sponsor>
  </sponsors>
  <source>University of Colorado, Denver</source>
  <oversight_info>
    <is_fda_regulated_drug>No</is_fda_regulated_drug>
    <is_fda_regulated_device>No</is_fda_regulated_device>
  </oversight_info>
  <brief_summary>
    <textblock>
      The aim of this study is to investigate the feasibility (safety, adherence) and initial&#xD;
      efficacy (physical function and patient reported outcomes) of a multicomponent&#xD;
      tele-rehabilitation program during COVID-19 recovery of patients who have been hospitalized&#xD;
      due to COVID-19.&#xD;
    </textblock>
  </brief_summary>
  <detailed_description>
    <textblock>
      The aim of this study is to investigate the feasibility and initial efficacy of a&#xD;
      multicomponent tele-rehabilitation program during COVID-19 recovery. The tele-rehabilitation&#xD;
      program will include biobehavioral training and high intensity exercise facilitated through&#xD;
      an online application ('Platform'). Initial efficacy will be assessed primarily by&#xD;
      performance on the 30&quot; Chair Stand Test and secondarily through other physical function tests&#xD;
      and patient reported outcome measures.&#xD;
&#xD;
      This study will advance the feasibility of tele-rehabilitation as a more generally useful&#xD;
      intervention in patients lacking access (distance, availability, mobility) to standard&#xD;
      rehabilitative services and could transform the way in which acute rehabilitation and&#xD;
      post-hospital care is delivered for all patients.&#xD;
    </textblock>
  </detailed_description>
  <overall_status>Recruiting</overall_status>
  <start_date type="Actual">December 11, 2020</start_date>
  <completion_date type="Anticipated">August 1, 2021</completion_date>
  <primary_completion_date type="Anticipated">June 1, 2021</primary_completion_date>
  <phase>N/A</phase>
  <study_type>Interventional</study_type>
  <has_expanded_access>No</has_expanded_access>
  <study_design_info>
    <allocation>Randomized</allocation>
    <intervention_model>Parallel Assignment</intervention_model>
    <primary_purpose>Treatment</primary_purpose>
    <masking>Single (Outcomes Assessor)</masking>
  </study_design_info>
  <primary_outcome>
    <measure>30 Second Chair Stand Test</measure>
    <time_frame>Change from Baseline to 6 weeks (primary end point), persisting at 12 weeks</time_frame>
    <description>The test uses a standard height chair and requires the participant to stand up and sit down as many times as possible in 30 seconds. More completions indicate better physical function. To facilitate accuracy of the test over video, the participant will be instructed to count out loud each time he/she stands. Further, the test will also be facilitated by the Platform.</description>
  </primary_outcome>
  <secondary_outcome>
    <measure>Adherence</measure>
    <time_frame>12 weeks</time_frame>
    <description>Feasibility will be measured by program adherence, defined as the number of sessions attended divided by the total number of prescribed sessions (n=12). Individuals will be considered adherent if they attend at least 75% (n=9) of the total sessions. Secondary adherence will be measured by the number of days the HEP is completed divided by the total number of prescribed sessions. Adherence will be collected in the intervention group only.</description>
  </secondary_outcome>
  <secondary_outcome>
    <measure>System Usability Scale (SUS)</measure>
    <time_frame>6 weeks (primary end point)</time_frame>
    <description>The SUS is a 10-item survey that uses a 5-point Likert scale (Strongly disagree (1) to Strongly agree (5)). Scores range from 0 to 100 and higher scores indicate better usability. The SUS will be collected in the intervention group only.</description>
  </secondary_outcome>
  <secondary_outcome>
    <measure>Safety Event Count</measure>
    <time_frame>Week 12</time_frame>
    <description>The Safety Event Count is the cumulative number of adverse events and severe adverse events counted from baseline to week 12. Events will be categorized by type.</description>
  </secondary_outcome>
  <secondary_outcome>
    <measure>Timed Up-and-Go Test (TUG)</measure>
    <time_frame>Change from Baseline to 6 weeks (primary end point), persisting at 12 weeks</time_frame>
    <description>The TUG test measures the time it takes for a person to rise from a chair, walk 3 meters, turn around, walk back to the chair, and sit down. Participants will complete the TUG test twice and the best time will be used. Faster times indicate better physical function and lower risk of falls.</description>
  </secondary_outcome>
  <secondary_outcome>
    <measure>4-Stage Balance Test</measure>
    <time_frame>Change from Baseline to 6 weeks (primary end point), persisting at 12 weeks</time_frame>
    <description>The 4-stage balance test measures static balance in 4 different positions (narrow base of support, semi-tandem, tandem, and single-leg). The test is facilitated by the Platform; it requires participants to hold each position for up to 10 seconds. If a participant is unable to hold a position for 10 seconds, the next hardest position is not performed. Completing higher levels indicate lesser fall risk and better balance.</description>
  </secondary_outcome>
  <secondary_outcome>
    <measure>MRC Dyspnea</measure>
    <time_frame>Change from Baseline to 6 weeks (primary end point), persisting at 12 weeks</time_frame>
    <description>The MRC dyspnea scale is an interviewer-administered or self-report assessment of the perception of difficulty breathing during five different tasks. Participants respond either yes or no to each task. Score is the sum of the number of Yes answers, 0-5. Higher numbers indicate more difficulty breathing</description>
  </secondary_outcome>
  <secondary_outcome>
    <measure>Activities-Specific Balance Confidence (ABC) Scale</measure>
    <time_frame>Change from Baseline to 6 weeks (primary end point), persisting at 12 weeks</time_frame>
    <description>The ABC Scale is a 16-item self-report measure of balance confidence in performing activities without losing balance or experiencing a sense of unsteadiness. Score range: 0-100. Higher scores indicate higher confidence in performing activities without losing balance.</description>
  </secondary_outcome>
  <secondary_outcome>
    <measure>Three-Item Loneliness Scale</measure>
    <time_frame>Change from Baseline to 6 weeks (primary end point), persisting at 12 weeks</time_frame>
    <description>This scale has three items and a simplified set of response categories that is designed to measure overall loneliness. Score range: 3-9. Higher scores indicate higher loneliness.</description>
  </secondary_outcome>
  <secondary_outcome>
    <measure>PROMIS Short Form (SF) v1.0 General Self-Efficacy 4a</measure>
    <time_frame>Change from Baseline to 6 weeks (primary end point), persisting at 12 weeks</time_frame>
    <description>The PROMIS Short Form (SF) v1.0 General Self-Efficacy 4a consists of 4 items rated on a 5-point Likert scale (not at all confident (1) to very confident (5)); values range from 4-20. Higher scores indicate higher levels of general self-efficacy.</description>
  </secondary_outcome>
  <secondary_outcome>
    <measure>PROMIS Short Form (SF) Self-Efficacy for Managing Chronic Conditions</measure>
    <time_frame>Change from Baseline to 6 weeks (primary end point), persisting at 12 weeks</time_frame>
    <description>The PROMIS Short Form (SF) Self-Efficacy for Managing Chronic Conditions is an 8-item scale rated on a 5-point Likert scale;values range from 8-32. Higher scores indicate higher levels of self confidence in one's ability to successfully perform specific tasks or behaviors related to one's health in a variety of situations.</description>
  </secondary_outcome>
  <secondary_outcome>
    <measure>PROMIS Scale v1.2 Global Health:</measure>
    <time_frame>Change from Baseline to 6 weeks (primary end point), persisting at 12 weeks</time_frame>
    <description>The PROMIS Scale v1.2 Global Health measures quality of life on two domains: physical and mental health. Raw values for each domain range from 4 - 20; scores are converted to a t-score with a mean of 50 and SD of 10. Higher scores indicate better health.</description>
  </secondary_outcome>
  <secondary_outcome>
    <measure>Montreal Cognitive Assessment (MoCA)-BLIND</measure>
    <time_frame>Change from Baseline to week 12</time_frame>
    <description>The MoCA-BLIND assesses different cognitive domains: attention, concentration, memory, language, conceptual thinking, calculations, and orientation. The MoCA-BLIND has removed assessments requiring vision, thus can be completed using telehealth or telephone assessments. Score range: 0-22, with 18-22 normal range.</description>
  </secondary_outcome>
  <secondary_outcome>
    <measure>Clinical Frailty Scale</measure>
    <time_frame>Change from Baseline to 6 weeks (primary end point), persisting at 12 weeks</time_frame>
    <description>The Clinical Frailty scale is a self-report scale to estimate function. The participant selects perceived level of function prior to and following admission ranging from very active to bedridden/terminal. Score range: 1 (very fit) - 9 (terminally ill), with higher scores indicating higher levels of frailty.</description>
  </secondary_outcome>
  <secondary_outcome>
    <measure>Average Daily Step Count</measure>
    <time_frame>Change from Baseline to 6 weeks (primary end point), persisting at 12 weeks</time_frame>
    <description>Average Daily Step Count per week will be collected via a Fitbit activity monitor. Higher step counts indicate higher level of physical activity.</description>
  </secondary_outcome>
  <secondary_outcome>
    <measure>Patient Health Questionnaire 8 (PHQ8)</measure>
    <time_frame>Change from Baseline to 6 weeks (primary end point), persisting at 12 weeks</time_frame>
    <description>The Patient Health Questionnaire 8 measures severity of depressive symptoms over the past 2 weeks. The 8 item scale is rated on a 4 point scale (not at all to nearly every day). Score range: 0-24. Higher scores indicate more severe depressive symptoms.</description>
  </secondary_outcome>
  <number_of_arms>2</number_of_arms>
  <enrollment type="Anticipated">45</enrollment>
  <condition>Covid-19</condition>
  <condition>Deconditioning</condition>
  <arm_group>
    <arm_group_label>Intervention</arm_group_label>
    <arm_group_type>Experimental</arm_group_type>
    <description>This group will receive 12 biobehaviorally informed tele-rehabilitation sessions including high-intensity strengthening; sessions will be delivered by a licensed physical therapist. An application ('Platform') will facilitate home exercise program completion outside of the supervised sessions.&#xD;
Other: remote controlled exercise plus home exercise&#xD;
Treatments: strengthening, balance, functional activities, stretching, breathing, aerobic endurance exercise</description>
  </arm_group>
  <arm_group>
    <arm_group_label>Control</arm_group_label>
    <arm_group_type>No Intervention</arm_group_type>
    <description>This group will receive an activity monitor and basic education, but no individualized rehabilitation sessions or biobehavioral training.&#xD;
Other: basic education</description>
  </arm_group>
  <intervention>
    <intervention_type>Behavioral</intervention_type>
    <intervention_name>Biobehavioral Tele-rehabilitation Sessions</intervention_name>
    <description>Biobehavioral tele-rehabilitation sessions</description>
    <arm_group_label>Intervention</arm_group_label>
  </intervention>
  <eligibility>
    <criteria>
      <textblock>
        Inclusion Criteria:&#xD;
&#xD;
          1. Confirmed COVID-19, per diagnostic criteria (PCR testing)&#xD;
&#xD;
          2. Hospitalized for at least 24 hours&#xD;
&#xD;
          3. Able to provide informed consent&#xD;
&#xD;
          4. Internet capability to access the platform&#xD;
&#xD;
          5. Community-dwelling prior to hospitalization&#xD;
&#xD;
        Exclusion Criteria:&#xD;
&#xD;
          1. Unstable medical comorbidities that would preclude participation in exercise&#xD;
&#xD;
          2. Receipt of &gt;1 session of outpatient physical therapy&#xD;
&#xD;
          3. Known pregnancy, as the impact on physical function, pulmonary function, and other&#xD;
             outcomes will vary well beyond any expected effects of COVID-19&#xD;
&#xD;
          4. Not anticipating concurrent additional physical therapy services during study&#xD;
             intervention period (12 weeks)&#xD;
      </textblock>
    </criteria>
    <gender>All</gender>
    <minimum_age>35 Years</minimum_age>
    <maximum_age>100 Years</maximum_age>
    <healthy_volunteers>No</healthy_volunteers>
  </eligibility>
  <overall_official>
    <last_name>Jennifer Stevens-Lapsley, MPT, PhD</last_name>
    <role>Principal Investigator</role>
    <affiliation>University of Colorado, Denver</affiliation>
  </overall_official>
  <overall_contact>
    <last_name>Jennifer Stevens-Lapsley, MPT, PhD</last_name>
    <phone>303.724.9170</phone>
    <email>jennifer.stevens-lapsley@cuanschutz.edu</email>
  </overall_contact>
  <location>
    <facility>
      <name>University of Colorado Hospital</name>
      <address>
        <city>Aurora</city>
        <state>Colorado</state>
        <zip>80045</zip>
        <country>United States</country>
      </address>
    </facility>
    <status>Recruiting</status>
    <contact>
      <last_name>Jennifer Stevens-Lapsley</last_name>
      <phone>303-724-9590</phone>
      <email>PT.studies@cuanschutz.edu</email>
    </contact>
  </location>
  <location_countries>
    <country>United States</country>
  </location_countries>
  <verification_date>February 2021</verification_date>
  <study_first_submitted>December 8, 2020</study_first_submitted>
  <study_first_submitted_qc>December 10, 2020</study_first_submitted_qc>
  <study_first_posted type="Actual">December 11, 2020</study_first_posted>
  <last_update_submitted>February 2, 2021</last_update_submitted>
  <last_update_submitted_qc>February 2, 2021</last_update_submitted_qc>
  <last_update_posted type="Actual">February 5, 2021</last_update_posted>
  <responsible_party>
    <responsible_party_type>Sponsor</responsible_party_type>
  </responsible_party>
  <keyword>Tele-rehabilitation</keyword>
  <keyword>High Intensity</keyword>
  <keyword>Biobehavioral</keyword>
  <keyword>Activity Self-Monitoring</keyword>
  <keyword>Physical Functional Performance</keyword>
  <patient_data>
    <sharing_ipd>No</sharing_ipd>
  </patient_data>
  <!-- Results have not yet been posted for this study                                          -->
</clinical_study>

