<?xml version="1.0" encoding="UTF-8"?>
<clinical_study rank="3031">
  <!-- This xml conforms to an XML Schema at:
    https://clinicaltrials.gov/ct2/html/images/info/public.xsd -->
  <required_header>
    <download_date>ClinicalTrials.gov processed this data on February 18, 2021</download_date>
    <link_text>Link to the current ClinicalTrials.gov record.</link_text>
    <url>https://clinicaltrials.gov/show/NCT04705753</url>
  </required_header>
  <id_info>
    <org_study_id>78/26.03.2020</org_study_id>
    <nct_id>NCT04705753</nct_id>
  </id_info>
  <brief_title>Assessment of the Clinical Effectiveness of a Herbal Extract (Cretan IAMA) in Patients With Viral Respiratory Infections, Including COVID-19, in Primary Healthcare Settings, and Co-assessment of Its Prophylactic Effect in People Cohabiting With These Patients</brief_title>
  <acronym>COVID-19-IAMA</acronym>
  <official_title>Evaluation of the Clinical Outcomes and the Quality of Life of Patients Exhibiting Symptoms Characteristic of Viral Respiratory Infection (VRI), Including Infection by SARS-CoV-2 (COVID-19), and Assessment of the Clinical Effectiveness of a Herbal Extract (Cretan IAMA) in These Patients and the People Cohabiting With Them Via an Open-label, Single-arm Trial</official_title>
  <sponsors>
    <lead_sponsor>
      <agency>University of Crete</agency>
      <agency_class>Other</agency_class>
    </lead_sponsor>
    <collaborator>
      <agency>Galenica SA</agency>
      <agency_class>Other</agency_class>
    </collaborator>
    <collaborator>
      <agency>Olvos Science SA</agency>
      <agency_class>Other</agency_class>
    </collaborator>
  </sponsors>
  <source>University of Crete</source>
  <oversight_info>
    <has_dmc>No</has_dmc>
    <is_fda_regulated_drug>No</is_fda_regulated_drug>
    <is_fda_regulated_device>No</is_fda_regulated_device>
  </oversight_info>
  <brief_summary>
    <textblock>
      This single-arm, open-label small interventional proof-of-concept (POC) study study aims:&#xD;
&#xD;
        1. to assess the clinical outcomes of patients exhibiting viral respiratory infection (VRI)&#xD;
           symptoms and seeking primary healthcare (PHC) services at the time of the COVID-19&#xD;
           pandemic,&#xD;
&#xD;
        2. to assess the clinical effectiveness of the Cretan IAMA (CAPeo), a herbal extract&#xD;
           combination, for these patients, including in terms of symptom resolution (symptom&#xD;
           frequency, duration) and intensity), and&#xD;
&#xD;
        3. to investigate its prophylactic effect in terms of transmission prevention for people&#xD;
           cohabiting with the patients exhibiting VRI symptoms.&#xD;
    </textblock>
  </brief_summary>
  <detailed_description>
    <textblock>
      Cretan IAMA (CAPeo) is an essential oil mixture of three native herbs of Crete (Thymbra&#xD;
      capitata (L.) Cav., Salvia fruticosa Mill. and Origanum dictamnus L.), which exhibits&#xD;
      remarkable in vitro antiviral activity against Influenza A &amp; B and the Human Rhinovirus&#xD;
      HRV-14 strains, decreasing the symptoms of upper respiratory tract viral infections. It has&#xD;
      also been proven safe in experimental animals and humans. There is currently a strong unmet&#xD;
      medical need for safe and effective therapeutic regimens for patients in ambulatory settings.&#xD;
      Given its properties, it was, therefore, deemed both appropriate and urgent to explore its&#xD;
      potential in the context of COVID-19 for patients in primary care settings. It was also&#xD;
      deemed important to investigate the Cretan IAMA (CAPeo) regarding prophylactic treatment for&#xD;
      people coming in close contact with these ambulatory patients.&#xD;
&#xD;
        -  Single-arm, open label (proof-of-concept) study to assess the potential of Cretan IAMA&#xD;
           (CAPeo) benefit of COVID-19 as a therapeutic and prophylactic agent&#xD;
&#xD;
        -  VRI/COVID-19 patients seeking primary health care services at home&#xD;
&#xD;
        -  SARS-CoV-2 infection testing by real-time RT-PCR, performed in the regional COVID-19&#xD;
           reference centre (Laboratory of Clinical Virology, University of Crete, School of&#xD;
           Medicine)&#xD;
&#xD;
        -  Cretan IAMA (CAPeo) to be administered in the form of two 0.5 ml soft capsules, in a&#xD;
           concentration of 15 ml/L, daily for two weeks (14 days), per os&#xD;
&#xD;
        -  Data collection on Day 1 (baseline), Day 4, Day 7 and Day 14&#xD;
    </textblock>
  </detailed_description>
  <overall_status>Completed</overall_status>
  <start_date type="Actual">April 1, 2020</start_date>
  <completion_date type="Actual">October 15, 2020</completion_date>
  <primary_completion_date type="Actual">October 15, 2020</primary_completion_date>
  <phase>Phase 2/Phase 3</phase>
  <study_type>Interventional</study_type>
  <has_expanded_access>No</has_expanded_access>
  <study_design_info>
    <allocation>N/A</allocation>
    <intervention_model>Single Group Assignment</intervention_model>
    <primary_purpose>Treatment</primary_purpose>
    <masking>None (Open Label)</masking>
  </study_design_info>
  <primary_outcome>
    <measure>Number of patients with symptom resolution</measure>
    <time_frame>2 weeks (14 days)</time_frame>
    <description>Number of patients with symptoms recorded at baseline resolving at 2 weeks (14 days) or sooner</description>
  </primary_outcome>
  <primary_outcome>
    <measure>Number of people cohabiting with a patient not developing VRI symptoms</measure>
    <time_frame>2 weeks (14 days) )</time_frame>
    <description>Number of people cohabiting with a patient who did not develop VRI symptoms (per patient) at 2 weeks (14 days)</description>
  </primary_outcome>
  <secondary_outcome>
    <measure>Median time to full symptom resolution</measure>
    <time_frame>2 weeks (14 days)</time_frame>
    <description>Median time to full symptom resolution, including those emerging after Day 1 adjusted for symptoms emerging after Day 1 (Baseline symptoms)</description>
  </secondary_outcome>
  <secondary_outcome>
    <measure>Intensity of symptoms</measure>
    <time_frame>2 weeks (14 days)</time_frame>
    <description>Intensity of symptoms, incl. of those emerging after Day 1 (Baseline symptoms), and adjusted for symptoms emerging after Day 1 (Baseline symptoms), scoring on the seven-point Likert scale based on a questionnaire adapted from the Wisconsin Upper Respiratory System Survey - A seven-point Likert scale allowed recording 131 of reported symptoms starting from 1 (minor) to 2 (very mild) and 3 (mild), 4 (somewhat moderate) and 132 5 (moderate) and culminating to 6 (severe) and 7 (very severe).</description>
  </secondary_outcome>
  <secondary_outcome>
    <measure>Duration of symptoms</measure>
    <time_frame>2 weeks (14 days)</time_frame>
    <description>Duration of symptoms, incl. of those emerging after Day 1 (Baseline symptoms) and adjusted for symptoms emerging after Day 1 (Baseline symptoms)</description>
  </secondary_outcome>
  <secondary_outcome>
    <measure>Number of patients whose symptoms never exceeded a score of 3-4 (mild)</measure>
    <time_frame>2 weeks (14 days)</time_frame>
    <description>Number of patients whose symptoms never exceeded a score of 3-4 (mild) on the seven-point Likert scale based on a questionnaire adapted from the Wisconsin Upper Respiratory System Survey</description>
  </secondary_outcome>
  <secondary_outcome>
    <measure>Quality of life (QoL) of patients</measure>
    <time_frame>2 weeks (14 days)</time_frame>
    <description>EQ-5D-5L measurement of QoL</description>
  </secondary_outcome>
  <number_of_arms>1</number_of_arms>
  <enrollment type="Actual">20</enrollment>
  <condition>Covid19</condition>
  <condition>Viral Infection</condition>
  <condition>Respiratory Viral Infection</condition>
  <arm_group>
    <arm_group_label>Cretan IAMA (CAPeo)</arm_group_label>
    <arm_group_type>Experimental</arm_group_type>
    <description>All patients are to receive Cretan IAMA (CAPeo) from Day 1.</description>
  </arm_group>
  <intervention>
    <intervention_type>Dietary Supplement</intervention_type>
    <intervention_name>Cretan IAMA</intervention_name>
    <description>Cretan IAMA (CAPeo) soft gels, 1 ml/day of a 1.5% essential oil combination from three aromatic plants (Thymbra 59 capitata (L.) Cav., Origanum dictamnus L., Salvia fruticosa Mill.) in extra virgin olive oil</description>
    <arm_group_label>Cretan IAMA (CAPeo)</arm_group_label>
    <other_name>CAPeo</other_name>
  </intervention>
  <eligibility>
    <criteria>
      <textblock>
        Inclusion Criteria:&#xD;
&#xD;
          -  For the patients:&#xD;
&#xD;
               -  Any woman or man requesting a home visit and having symptoms characteristic of&#xD;
                  viral infection, with initial manifestation within the previous 48-72 hrs. Such&#xD;
                  symptoms may include sudden fever onset, accompanied by one or more of the&#xD;
                  following symptoms: dry cough, sore throat, nasal congestion, headache,&#xD;
                  musculoskeletal pain, perspiration, fatigue, malaise, blurry vision, loss of the&#xD;
                  sense of smell.&#xD;
&#xD;
          -  For the people cohabiting with patients:&#xD;
&#xD;
               -  Any woman or man cohabiting with study patients.&#xD;
&#xD;
        Exclusion Criteria:&#xD;
&#xD;
          -  Children and adolescents under the age of 18 years;&#xD;
&#xD;
          -  Pregnant women;&#xD;
&#xD;
          -  Persons suffering from a pre-existing condition preventing them from autonomously&#xD;
             providing informed consent.&#xD;
      </textblock>
    </criteria>
    <gender>All</gender>
    <minimum_age>18 Years</minimum_age>
    <maximum_age>N/A</maximum_age>
    <healthy_volunteers>No</healthy_volunteers>
  </eligibility>
  <overall_official>
    <last_name>Christos Lionis</last_name>
    <role>Principal Investigator</role>
    <affiliation>University of Crete</affiliation>
  </overall_official>
  <location>
    <facility>
      <name>Cretan Medicare</name>
      <address>
        <city>Heraklion</city>
        <state>Crete</state>
        <country>Greece</country>
      </address>
    </facility>
  </location>
  <location_countries>
    <country>Greece</country>
  </location_countries>
  <results_reference>
    <citation>Lionis C, Faresjö A, Skoula M, Kapsokefalou M, Faresjö T. Antioxidant effects of herbs in Crete. Lancet. 1998 Dec 19-26;352(9145):1987-8.</citation>
    <PMID>9872255</PMID>
  </results_reference>
  <results_reference>
    <citation>Duijker G, Bertsias A, Symvoulakis EK, Moschandreas J, Malliaraki N, Derdas SP, Tsikalas GK, Katerinopoulos HE, Pirintsos SA, Sourvinos G, Castanas E, Lionis C. Reporting effectiveness of an extract of three traditional Cretan herbs on upper respiratory tract infection: results from a double-blind randomized controlled trial. J Ethnopharmacol. 2015 Apr 2;163:157-66. doi: 10.1016/j.jep.2015.01.030. Epub 2015 Jan 30.</citation>
    <PMID>25645191</PMID>
  </results_reference>
  <results_reference>
    <citation>Tseliou, M., Pirintsos, S. A., Lionis, C., Castanas, E., and Sourvinos, G. (2019). Antiviral effect of an essential oil combination derived from three aromatic plants (Coridothymus capitatus (L.) Rchb. f., Origanum dictamnus L. and Salvia fruticosa Mill.) against viruses causing infections of the upper respiratory tract. J. Herb. Med. 17-18, 100288. doi:10.1016/j.hermed.2019.100288.</citation>
  </results_reference>
  <results_reference>
    <citation>Pirintsos SA, Bariotakis M, Kampa M, Sourvinos G, Lionis C, Castanas E. The Therapeutic Potential of the Essential Oil of Thymbra capitata (L.) Cav., Origanum dictamnus L. and Salvia fruticosa Mill. And a Case of Plant-Based Pharmaceutical Development. Front Pharmacol. 2020 Nov 24;11:522213. doi: 10.3389/fphar.2020.522213. eCollection 2020. Review.</citation>
    <PMID>33390932</PMID>
  </results_reference>
  <results_reference>
    <citation>Anastasaki M, Bertsias A, Pirintsos SA, Castanas E, Lionis C. Post-market outcome of an extract of traditional Cretan herbs on upper respiratory tract infections: a pragmatic, prospective observational study. BMC Complement Altern Med. 2017 Sep 21;17(1):466. doi: 10.1186/s12906-017-1978-7.</citation>
    <PMID>28934952</PMID>
  </results_reference>
  <verification_date>January 2021</verification_date>
  <study_first_submitted>January 6, 2021</study_first_submitted>
  <study_first_submitted_qc>January 11, 2021</study_first_submitted_qc>
  <study_first_posted type="Actual">January 12, 2021</study_first_posted>
  <last_update_submitted>January 11, 2021</last_update_submitted>
  <last_update_submitted_qc>January 11, 2021</last_update_submitted_qc>
  <last_update_posted type="Actual">January 12, 2021</last_update_posted>
  <responsible_party>
    <responsible_party_type>Principal Investigator</responsible_party_type>
    <investigator_affiliation>University of Crete</investigator_affiliation>
    <investigator_full_name>Christor Lionis</investigator_full_name>
    <investigator_title>Professor of General Practice and Primary Healthcare, Director of the Clinic of Social and Family Medicine</investigator_title>
  </responsible_party>
  <keyword>Infectious disease</keyword>
  <keyword>Herbal Medicine</keyword>
  <keyword>Botanical Medicine</keyword>
  <condition_browse>
    <!-- CAUTION:  The following MeSH terms are assigned with an imperfect algorithm            -->
    <mesh_term>Infection</mesh_term>
    <mesh_term>Communicable Diseases</mesh_term>
    <mesh_term>Respiratory Tract Infections</mesh_term>
    <mesh_term>Virus Diseases</mesh_term>
  </condition_browse>
  <patient_data>
    <sharing_ipd>Undecided</sharing_ipd>
  </patient_data>
  <!-- Results have not yet been posted for this study                                          -->
</clinical_study>

