<?xml version="1.0" encoding="UTF-8"?>
<clinical_study rank="3860">
  <!-- This xml conforms to an XML Schema at:
    https://clinicaltrials.gov/ct2/html/images/info/public.xsd -->
  <required_header>
    <download_date>ClinicalTrials.gov processed this data on February 18, 2021</download_date>
    <link_text>Link to the current ClinicalTrials.gov record.</link_text>
    <url>https://clinicaltrials.gov/show/NCT04373382</url>
  </required_header>
  <id_info>
    <org_study_id>20-0084-E</org_study_id>
    <nct_id>NCT04373382</nct_id>
  </id_info>
  <brief_title>Peer Champion Support for Hospital Staff During and After the COVID-19 Pandemic</brief_title>
  <official_title>Peer Champion Support for Hospital Staff During and After the COVID-19 Pandemic</official_title>
  <sponsors>
    <lead_sponsor>
      <agency>Mount Sinai Hospital, Canada</agency>
      <agency_class>Other</agency_class>
    </lead_sponsor>
    <collaborator>
      <agency>Canadian Institutes of Health Research (CIHR)</agency>
      <agency_class>Other</agency_class>
    </collaborator>
  </sponsors>
  <source>Mount Sinai Hospital, Canada</source>
  <oversight_info>
    <has_dmc>No</has_dmc>
    <is_fda_regulated_drug>No</is_fda_regulated_drug>
    <is_fda_regulated_device>No</is_fda_regulated_device>
  </oversight_info>
  <brief_summary>
    <textblock>
      Experience from the 2003 Severe Acute Respiratory Syndrome (SARS) outbreak taught that&#xD;
      healthcare workers (HCWs) often experience chronic stress effects for months or years after&#xD;
      such an event, and that supporting HCWs requires attention to the marathon of occupational&#xD;
      stress, not just the sprint of dramatic stressors that occur while infections are dominating&#xD;
      the news. This study will test if the well-being of hospital workers facing a novel&#xD;
      coronavirus outbreak is improved by adding either of two interventions: (1) Peer Resilience&#xD;
      Champions (PRC): an interdisciplinary team of professionals who actively monitor for early&#xD;
      signs of heightened stress within clinical teams, liaise between staff and senior management&#xD;
      to improve organizational responsiveness, and provide direct support and teaching (under the&#xD;
      supervision of experts in resilience, infection control, and professional education).&#xD;
      Investigators will test the effectiveness of this PRC Intervention by rolling it out to&#xD;
      different parts of the hospital in stages and comparing levels of burnout before and after&#xD;
      the intervention reaches particular teams and units (a stepped wedge design). By the end of&#xD;
      the study, PRC Support will have been provided to all clinical and research staff and many&#xD;
      learners (&gt; 6,000 people). Note that the provision of PRC support will be directed to the&#xD;
      entire organization. The research portion of the study is the evaluation of PRC support&#xD;
      through a repeated survey completed by consenting staff. Investigators will test the&#xD;
      effectiveness of the PRC by measuring trends in burnout and other effects of stress over the&#xD;
      course of the study in a subgroup of hospital workers (as many as consent, target ~1000&#xD;
      people) through an online questionnaire (called &quot;How Are You?&quot;). (2) The second intervention&#xD;
      is an enriched version of the &quot;How Are You?&quot; Survey, which provides personalized feedback&#xD;
      about coping, interpersonal interactions and moral distress. Participants will be randomized&#xD;
      (1:1) to receive the shorter Express Survey (identifying data and outcome measures only), or&#xD;
      the Enriched survey (all of the Express measures plus additional measures with feedback based&#xD;
      on responses). It is hypothesized that both the PRC intervention and the Enriched Survey&#xD;
      intervention will help prevent or reduce instances of burnout in HCWs.&#xD;
    </textblock>
  </brief_summary>
  <detailed_description>
    <textblock>
      This project studies the impact of two interventions, the addition of Peer Resilience&#xD;
      Champions to other hospital supports and an interactive computer-based learning intervention&#xD;
      that provides personalized feedback about relevant interpersonal and psychological&#xD;
      characteristics of participants.&#xD;
&#xD;
      The Peer Resilience Champion (PRC) Intervention Investigators will second or hire an&#xD;
      interdisciplinary team of healthcare professionals (e.g. nurses, social worker, or infection&#xD;
      control professional, total of 1 FTE) to serve as Peer Resilience Champions. These Champions&#xD;
      will receive coaching and then ongoing supervision in the relevant aspects of stress&#xD;
      management, peer support, and resource navigation by expert members of the research team&#xD;
      based on existing evidence. Peer Resilience Champions will act predominantly at the level of&#xD;
      clinical units and departments.&#xD;
&#xD;
      The activities of Peer Resilience Champions will, in part, be modelled on the role that&#xD;
      psychiatrists acting as support coaches have played in during the acute phase of the&#xD;
      pandemic. These include support, identification of needs, education, advocacy and resource&#xD;
      navigation. In doing so, the Champions follow evidence-based principles and guidelines. The&#xD;
      model is to provide quickly responsive, adaptive, peer support because it is expected that&#xD;
      the needs of staff will change over the course of a pandemic and in its aftermath.&#xD;
&#xD;
      Peer Resilience Champions will work in an expanding selection of hospital locations,&#xD;
      following a randomized cluster (stepped wedge) design until the resource is available to the&#xD;
      entire organization. People who work and learn at Sinai Health do not need to participate in&#xD;
      this study in order to receive the potential benefits provided by Peer Resilience Champions,&#xD;
      which will be provided irrespective of study participation. The effectiveness of Peer&#xD;
      Resilience Champions in reducing burnout and other outcomes will be tested using outcome&#xD;
      measures included in the feedback staff survey (see below), which is completed by consenting&#xD;
      participants in this study.&#xD;
&#xD;
      Interactive Computer-based Learning Intervention A staff survey which includes all primary&#xD;
      and secondary outcomes measures will be completed by consenting participants at intervals of&#xD;
      approximately 3 months seven times (over approximately 21 months). Participating staff will&#xD;
      be randomized 1:1 to receive only these measures with no feedback (the Express Survey) or&#xD;
      these measures plus additional measures of interpersonal and psychological characteristics,&#xD;
      with personalized feedback (the Enriched Survey). Feedback is based on previous experience&#xD;
      from the investigators in providing feedback from validated measures completed online to both&#xD;
      healthcare workers and the general public. The purpose of feedback is to encourage&#xD;
      self-reflection, especially with respect to coping and interpersonal interactions. The core&#xD;
      measures that are common to both the Express and Enriched surveys serve to tests the&#xD;
      effectiveness of the Peer Resilience Champions Intervention. The effectiveness of the&#xD;
      Interactive Computer-based learning intervention will be tested by comparing the core&#xD;
      measures between those receiving the Express Survey and those receiving the Enriched Survey.&#xD;
&#xD;
      Peer Resilience Champion Support The study design provides a controlled comparison of support&#xD;
      as usual to PRC support. Using a randomized cluster (stepped wedged) design, usual staff&#xD;
      support will be compared to that of PRC. PRC operates largely at the level of the clinical&#xD;
      units and groups, and so a randomized cluster design is preferable to a randomized controlled&#xD;
      trial. The stepped wedge design allows clusters of hospital staff/volunteers to receive the&#xD;
      PRC intervention in a random sequence until the resource is available to all areas of the&#xD;
      hospital.&#xD;
&#xD;
      This intervention will take place at Sinai Health System, including the Mount Sinai&#xD;
      (approximately 4500 employees), Bridgepoint (approximately 1200 staff), and&#xD;
      Lunenfeld-Tanenbaum Research Institute (LTRI) (approximately 1200 staff).&#xD;
&#xD;
      Five clusters of clinical units and departments will be constructed that are approximately&#xD;
      balanced between hospital units and staff groups with (i) high COVID patient acuity (ICU,&#xD;
      Emergency, medical units with negative pressure rooms) or high exposure to patients from&#xD;
      community with unknown COVID status (Family Medicine, Labour and Delivery), (ii) all other&#xD;
      clinical patient care areas, (iii) non-patient care areas, and (iv) areas in which most or&#xD;
      all staff are/were temporarily restricted from attending the hospital (e.g. LTRI,&#xD;
      volunteers).&#xD;
&#xD;
      After survey participants (and their disciplines and clinical units) are identified (T0&#xD;
      survey), their corresponding units, will be grouped into one of the five clusters in order to&#xD;
      meet the above goals. These clusters will then be randomized in order to determine the order&#xD;
      of intervention implementation. Each cluster will either receive support as usual or PRC for&#xD;
      a period of three months, followed by the completion of a survey questionnaire given at seven&#xD;
      different time points (T1-T7) spaced by three months.&#xD;
&#xD;
      NOTE - justification for choosing a non-blind comparison: Since the Express Survey is shorter&#xD;
      than the Enriched Survey, participants are not blind to survey cohort assignment. Nor does&#xD;
      the design control for time spent on an online activity. It would be possible to control for&#xD;
      the duration of the survey by expanding the length of the control condition and this would&#xD;
      also allow for the possibility of a blind comparison. However, a longer control survey would&#xD;
      increase the risk of drop-out among participants in the control condition because completing&#xD;
      surveys without interaction or feedback is not interesting. Since maximizing continued&#xD;
      participation in serial surveys is critical to testing the PRC intervention hypothesis, a&#xD;
      non-blind test of the Enriched Survey intervention hypothesis is preferable to increasing the&#xD;
      risk of being underpowered to test the PRC hypothesis.&#xD;
&#xD;
      Feedback Surveys Immediately after consenting, participants will be asked to complete the T0&#xD;
      survey that asks about identifying information, and the characteristics of the participant's&#xD;
      work at Sinai Health. The T0 survey also collects an email address, to which all subsequent&#xD;
      surveys (T1 to T7) are sent. Following receipt of the T0 survey, participants are randomized&#xD;
      to receive either the Express Survey (T1 to T7) or the Enriched survey (T1 to T7). In either&#xD;
      case, T1 is sent soon (~1-2 weeks) after T0. All subsequent surveys are sent at approximately&#xD;
      3-month intervals.&#xD;
&#xD;
      T0 survey - The initial survey collects identifying data (non-binary gender, discipline,&#xD;
      department, age, marital status), years of experience, SARS experience, number of people in&#xD;
      household and information about COVID-19 experience to date (exposure to patients, experience&#xD;
      with isolation of self or family members, testing etc.). Two free optional text write-in&#xD;
      questions provide allow participants to describe more about themselves or their experience&#xD;
      (past experience surveying healthcare workers post-SARS was that many were keen to write at&#xD;
      length about their experience, beyond data collected more formally, and that insights from&#xD;
      this open-ended reporting were valuable for placing quantitative results in experiential&#xD;
      context during analysis and knowledge dissemination phases). The T0 survey takes about 10&#xD;
      minutes to complete plus whatever time is spent providing optional free-text answers.&#xD;
&#xD;
      Express Survey: The express survey includes validated measures of the primary outcome, the&#xD;
      emotional exhaustion scale of the Maslach Burnout Inventory. The Express Survey also includes&#xD;
      measures of secondary outcomes: sleep, post-traumatic stress disorder symptoms, psychological&#xD;
      distress, occupational resilience, and COVID-19 prevention and control self-efficacy (using&#xD;
      an instrument revised from a measure of self-efficacy used in preparation for an expected&#xD;
      pandemic. The survey is the same each time it is completed (T1 to T7) at 3-month intervals.&#xD;
      The Express Survey takes about 10 minutes to complete.&#xD;
&#xD;
      Enriched Survey: The Enriched Survey contains all of the measures included in the Express&#xD;
      survey. No feedback is provided from any of these measures (i.e. this portion of the Enriched&#xD;
      survey is identical to the Express Survey). In addition to these core outcome measures, the&#xD;
      Enriched Survey includes measures of personality, interpersonal style and coping and provides&#xD;
      personalized feedback based on scores at time points T1 to T6. The interactive measures&#xD;
      included vary from one survey time point to the next in order to provide variety, and to&#xD;
      cover a larger number of participant characteristics within the limits of reasonable survey&#xD;
      time burden. State-dependent characteristics which may change over time (coping,&#xD;
      interpersonal problems) are measured twice. A measure of lifetime experience with moral&#xD;
      distress and a measurement of attachment, a stable trait, occur only once. The Enriched T1 to&#xD;
      T6 surveys take about 10-20 minutes.&#xD;
&#xD;
      Sample size This study is powered to test hypothesis 1, which is expected to require a larger&#xD;
      sample size than testing hypothesis 2. There are over 6000 staff at Sinai Health. Assuming a&#xD;
      starting proportion of 30.4% of staff with high burnout (based on previous studies), an 80%&#xD;
      power, and an alpha level of 0.05, five clusters of 200 staff providing measures per cluster&#xD;
      is sufficient to detect a drop of ≥ 9.4% (with an intracluster correlation coefficient [ICC]&#xD;
      of 0.01), ≥10.7% (ICC of 0.015), or ≥ 11.9% (ICC of 0.2). These ICC estimates are congruent&#xD;
      with previous studies. These differences are consistent with a post-SARS study that found&#xD;
      high burnout in 30.4% of exposed and 19.2% of unexposed HCWs. Five clusters of 200 staff&#xD;
      (n=1000) would require &lt;17% of staff to consent to participate and complete the measures.&#xD;
    </textblock>
  </detailed_description>
  <overall_status>Active, not recruiting</overall_status>
  <start_date type="Actual">July 27, 2020</start_date>
  <completion_date type="Anticipated">February 2022</completion_date>
  <primary_completion_date type="Anticipated">February 2022</primary_completion_date>
  <phase>N/A</phase>
  <study_type>Interventional</study_type>
  <has_expanded_access>No</has_expanded_access>
  <study_design_info>
    <allocation>Randomized</allocation>
    <intervention_model>Crossover Assignment</intervention_model>
    <intervention_model_description>Hospital staff will receive support from Peer Resilience Champions, whose activities will, in part, be modelled on the role that psychiatrists acting as support coaches have played in during the acute phase of the pandemic. These include support, identification of needs, education, advocacy and resource navigation. In doing so, they follow evidence-based principles and guidelines.&#xD;
A randomized cluster stepped wedge design will be used, with five clusters of clinical units and departments constructed in order to approximate the following goals: similar number of staff, comparable COVID-19 exposure, similar mix of staff by discipline and gender, number of clusters small enough to allow for the PRC intervention to be provided with at least six months of implementation within the two-year study after cross-over occurs. (Two arms).&#xD;
The Enriched survey intervention will be a randomized controlled trial design with equal allocation (1:1) to both the express and enriched surveys. (Two arms).</intervention_model_description>
    <primary_purpose>Prevention</primary_purpose>
    <masking>None (Open Label)</masking>
  </study_design_info>
  <primary_outcome>
    <measure>Change in instances of burnout for hospital staff due to the Peer Resilience Champion intervention</measure>
    <time_frame>21 months</time_frame>
    <description>Impact of the Peer Resilience Champion intervention as determined by a high outcome (defined as a cutoff of ≥27 on the Maslach Burnout Inventory: Emotional Exhaustion subscale)</description>
  </primary_outcome>
  <primary_outcome>
    <measure>Change in instances of burnout for hospital staff due to the Enriched Feedback Survey intervention</measure>
    <time_frame>21 months</time_frame>
    <description>Impact of the Enriched survey feedback intervention as determined by a high outcome (defined as a cutoff of ≥27 on the Maslach Burnout Inventory: Emotional Exhaustion subscale)</description>
  </primary_outcome>
  <number_of_arms>4</number_of_arms>
  <enrollment type="Actual">882</enrollment>
  <condition>Burnout</condition>
  <arm_group>
    <arm_group_label>Peer Resilience Champion Support</arm_group_label>
    <arm_group_type>Experimental</arm_group_type>
    <description>The clusters that receive this intervention will receive support from a Peer Resilience Champion.</description>
  </arm_group>
  <arm_group>
    <arm_group_label>No Peer Resilience Champion Support</arm_group_label>
    <arm_group_type>No Intervention</arm_group_type>
    <description>The clusters in this arm of the study will not receive the Peer Resilience Champion support until they cross-over into the Peer Resilience Champion support arm.</description>
  </arm_group>
  <arm_group>
    <arm_group_label>Enriched Feedback</arm_group_label>
    <arm_group_type>Experimental</arm_group_type>
    <description>This arm of the study encompasses individuals who will receive feedback from the survey that will hopefully help provoke self-reflection.</description>
  </arm_group>
  <arm_group>
    <arm_group_label>Express Feedback</arm_group_label>
    <arm_group_type>No Intervention</arm_group_type>
    <description>This arm of the study encompasses individuals who will not receive feedback from the survey.</description>
  </arm_group>
  <intervention>
    <intervention_type>Behavioral</intervention_type>
    <intervention_name>Peer Resilience Champion</intervention_name>
    <description>PRC is supplied to everyone and provides support to hospital staff during the COVID-19 pandemic in a stepped-wedge design.</description>
    <arm_group_label>Peer Resilience Champion Support</arm_group_label>
  </intervention>
  <intervention>
    <intervention_type>Behavioral</intervention_type>
    <intervention_name>Enriched Survey Feedback</intervention_name>
    <description>This intervention provides feedback based on answers to questionnaires to those in the Enriched Feedback arm of the study.</description>
    <arm_group_label>Enriched Feedback</arm_group_label>
  </intervention>
  <eligibility>
    <criteria>
      <textblock>
        Inclusion Criteria:&#xD;
&#xD;
          -  An employee, physician, scientist, employee of a contractor or retail business,&#xD;
             learning, or volunteer of Sinai Health at time of recruitment. Must be able to read&#xD;
             and respond to a survey in English. Need to have access to a computer or device&#xD;
             connected to the internet and be able to use said device.&#xD;
&#xD;
        Exclusion Criteria:&#xD;
&#xD;
          -  Failure to meet inclusion criteria.&#xD;
      </textblock>
    </criteria>
    <gender>All</gender>
    <minimum_age>18 Years</minimum_age>
    <maximum_age>N/A</maximum_age>
    <healthy_volunteers>Accepts Healthy Volunteers</healthy_volunteers>
  </eligibility>
  <overall_official>
    <last_name>Robert G Maunder</last_name>
    <role>Principal Investigator</role>
    <affiliation>Sinai Health</affiliation>
  </overall_official>
  <location>
    <facility>
      <name>Sinai Health System</name>
      <address>
        <city>Toronto</city>
        <state>Ontario</state>
        <zip>M5G1X5</zip>
        <country>Canada</country>
      </address>
    </facility>
  </location>
  <location_countries>
    <country>Canada</country>
  </location_countries>
  <reference>
    <citation>Maunder RG, Lancee WJ, Balderson KE, Bennett JP, Borgundvaag B, Evans S, Fernandes CM, Goldbloom DS, Gupta M, Hunter JJ, McGillis Hall L, Nagle LM, Pain C, Peczeniuk SS, Raymond G, Read N, Rourke SB, Steinberg RJ, Stewart TE, VanDeVelde-Coke S, Veldhorst GG, Wasylenki DA. Long-term psychological and occupational effects of providing hospital healthcare during SARS outbreak. Emerg Infect Dis. 2006 Dec;12(12):1924-32.</citation>
    <PMID>17326946</PMID>
  </reference>
  <reference>
    <citation>Maunder R. The experience of the 2003 SARS outbreak as a traumatic stress among frontline healthcare workers in Toronto: lessons learned. Philos Trans R Soc Lond B Biol Sci. 2004 Jul 29;359(1447):1117-25.</citation>
    <PMID>15306398</PMID>
  </reference>
  <reference>
    <citation>Salyers MP, Bonfils KA, Luther L, Firmin RL, White DA, Adams EL, Rollins AL. The Relationship Between Professional Burnout and Quality and Safety in Healthcare: A Meta-Analysis. J Gen Intern Med. 2017 Apr;32(4):475-482. doi: 10.1007/s11606-016-3886-9. Epub 2016 Oct 26.</citation>
    <PMID>27785668</PMID>
  </reference>
  <reference>
    <citation>Edmondson AC, Higgins M, Singer S &amp; Weiner J. Understanding Psychological Safety in Health Care and Education Organizations: A Comparative Perspective. Research in Human Development. 2016; 13(1): 65-83.</citation>
  </reference>
  <reference>
    <citation>Maunder RG, Lancee WJ, Mae R, Vincent L, Peladeau N, Beduz MA, Hunter JJ, Leszcz M. Computer-assisted resilience training to prepare healthcare workers for pandemic influenza: a randomized trial of the optimal dose of training. BMC Health Serv Res. 2010 Mar 22;10:72. doi: 10.1186/1472-6963-10-72.</citation>
    <PMID>20307302</PMID>
  </reference>
  <reference>
    <citation>Aiello A, Khayeri MY, Raja S, Peladeau N, Romano D, Leszcz M, Maunder RG, Rose M, Adam MA, Pain C, Moore A, Savage D, Schulman RB. Resilience training for hospital workers in anticipation of an influenza pandemic. J Contin Educ Health Prof. 2011 Winter;31(1):15-20. doi: 10.1002/chp.20096.</citation>
    <PMID>21425355</PMID>
  </reference>
  <verification_date>November 2020</verification_date>
  <study_first_submitted>April 30, 2020</study_first_submitted>
  <study_first_submitted_qc>April 30, 2020</study_first_submitted_qc>
  <study_first_posted type="Actual">May 4, 2020</study_first_posted>
  <last_update_submitted>November 3, 2020</last_update_submitted>
  <last_update_submitted_qc>November 3, 2020</last_update_submitted_qc>
  <last_update_posted type="Actual">November 5, 2020</last_update_posted>
  <responsible_party>
    <responsible_party_type>Principal Investigator</responsible_party_type>
    <investigator_affiliation>Mount Sinai Hospital, Canada</investigator_affiliation>
    <investigator_full_name>Robert Maunder</investigator_full_name>
    <investigator_title>Professor</investigator_title>
  </responsible_party>
  <keyword>healthcare workers</keyword>
  <keyword>resilience</keyword>
  <keyword>infectious disease</keyword>
  <keyword>COVID-19</keyword>
  <keyword>burnout</keyword>
  <condition_browse>
    <!-- CAUTION:  The following MeSH terms are assigned with an imperfect algorithm            -->
    <mesh_term>Burnout, Psychological</mesh_term>
  </condition_browse>
  <patient_data>
    <sharing_ipd>No</sharing_ipd>
  </patient_data>
  <!-- Results have not yet been posted for this study                                          -->
</clinical_study>

