<?xml version="1.0" encoding="UTF-8"?>
<clinical_study rank="76">
  <!-- This xml conforms to an XML Schema at:
    https://clinicaltrials.gov/ct2/html/images/info/public.xsd -->
  <required_header>
    <download_date>ClinicalTrials.gov processed this data on February 18, 2021</download_date>
    <link_text>Link to the current ClinicalTrials.gov record.</link_text>
    <url>https://clinicaltrials.gov/show/NCT04628039</url>
  </required_header>
  <id_info>
    <org_study_id>F3666-R</org_study_id>
    <secondary_id>1I01RX003666-01</secondary_id>
    <nct_id>NCT04628039</nct_id>
  </id_info>
  <brief_title>Chronic Lung Disease and COVID-19: Understanding Severity, Recovery and Rehabilitation Needs</brief_title>
  <acronym>LAUREL</acronym>
  <official_title>Chronic Lung Disease and COVID-19: Understanding Severity, Recovery and Rehabilitation Needs (LAUREL Study)</official_title>
  <sponsors>
    <lead_sponsor>
      <agency>VA Office of Research and Development</agency>
      <agency_class>U.S. Fed</agency_class>
    </lead_sponsor>
  </sponsors>
  <source>VA Office of Research and Development</source>
  <oversight_info>
    <has_dmc>No</has_dmc>
    <is_fda_regulated_drug>No</is_fda_regulated_drug>
    <is_fda_regulated_device>No</is_fda_regulated_device>
    <is_us_export>No</is_us_export>
  </oversight_info>
  <brief_summary>
    <textblock>
      This is study is comprised of three approaches. First, the investigators will conduct a&#xD;
      retrospective cohort study to provide rapid initial guidance for rehabilitation programs to&#xD;
      anticipate care needs of COVID-19 survivors. The investigators will also conduct a&#xD;
      mixed-methods study and follow COVID-19 patients with repeated surveys to determine&#xD;
      patient-reported functional outcomes, health recovery and rehabilitation needs after&#xD;
      COVID-19. The investigators will recruit patients and their informal caregivers for&#xD;
      interviews to assess their function and rehabilitation needs. Lastly, the investigators will&#xD;
      examine the feasibility and acceptability of a virtually delivered, home-based rehabilitation&#xD;
      intervention for survivors of COVID-19, with components based on an individual patient's&#xD;
      need.&#xD;
    </textblock>
  </brief_summary>
  <detailed_description>
    <textblock>
      The long-term consequences of COVID 19 are not well understood, particularly in the Veteran&#xD;
      population. This study will describe and quantify the long-term consequences of COVID-19,&#xD;
      including impairment in physical and psychosocial function and health-related quality of&#xD;
      life. Additionally, it will determine the impact of chronic lung disease (CLD) and other&#xD;
      comorbidities on severity and recovery after COVID-19 infection and the association of social&#xD;
      determinants of health with severity and recovery.&#xD;
&#xD;
      Initially, a retrospective national cohort of VA patients who test positive with SARS2 will&#xD;
      be identified. Baseline clinical history will be analyzed with outcomes that include severity&#xD;
      of COVID 19, all-cause mortality, and post-discharge events.&#xD;
&#xD;
      Subsequently, a mixed methods, prospective cohort study will include both qualitative&#xD;
      (interview) and quantitative components (surveys). The investigators will identify patients&#xD;
      with COVID-19 and recruited for qualitative interviews following hospital discharge or&#xD;
      diagnosis. Patient caregivers will also be eligible to participate in study interviews.&#xD;
      Interviews will occur once at various times ranging 2 weeks to 1 year since a patient's&#xD;
      COVID-19 diagnosis. Surveys will be completed at 3 time points, 3-8 weeks after diagnosis or&#xD;
      discharge to home, and then 6 months and 12 months later. Surveys will include the EQ-5D-5L&#xD;
      profile for health-related quality of life, and the WHODAS 2.0 score for a global assessment&#xD;
      of overall physical and psychosocial function.&#xD;
&#xD;
      Finally, the investigators will conduct a single-arm pilot feasibility trial to develop an&#xD;
      initial feasibility testing of a rehabilitation-focused program to improve physical and&#xD;
      psychosocial functioning. This will involve patients with COVID-19 who were discharged home&#xD;
      or 2 weeks after diagnosis if not hospitalized.&#xD;
    </textblock>
  </detailed_description>
  <overall_status>Not yet recruiting</overall_status>
  <start_date type="Anticipated">March 1, 2021</start_date>
  <completion_date type="Anticipated">October 31, 2024</completion_date>
  <primary_completion_date type="Anticipated">August 1, 2024</primary_completion_date>
  <phase>N/A</phase>
  <study_type>Interventional</study_type>
  <has_expanded_access>No</has_expanded_access>
  <study_design_info>
    <allocation>N/A</allocation>
    <intervention_model>Single Group Assignment</intervention_model>
    <intervention_model_description>Evaluation of Rehabilitation-focused program</intervention_model_description>
    <primary_purpose>Health Services Research</primary_purpose>
    <masking>None (Open Label)</masking>
  </study_design_info>
  <primary_outcome>
    <measure>EuroQol 5 Dimension 5 Level (EQ-5D-5L) visual analog score</measure>
    <time_frame>Change in score from 3-8 weeks (after diagnosis or discharge to home) to months 6 and 12</time_frame>
    <description>Profile for health-related quality of life. The investigators will summarize this measure with a visual analog score (VAS). The VAS ranges from 0 to 100mm (where 0=&quot;the worst health you can imagine&quot;; 100=&quot;the best health you can imagine&quot;).</description>
  </primary_outcome>
  <primary_outcome>
    <measure>WHO Disability Assessment Schedule 2.0 (WHODAS 2.0)</measure>
    <time_frame>Change in score from 3-8 weeks (after diagnosis or discharge to home) to months 6 and 12</time_frame>
    <description>Global assessment of overall physical and psychosocial function. The overall score for disability will be calculated using item-response-theory (IRT) based scoring. This scale ranges from 0 to 100 (where 0 = no disability; 100 = full disability).</description>
  </primary_outcome>
  <primary_outcome>
    <measure>EuroQol 5 Dimension 5 Level (EQ-5D-5L) overall utility index</measure>
    <time_frame>Change in score from 3-8 weeks (after diagnosis or discharge to home) to months 6 and 12</time_frame>
    <description>Profile for health-related quality of life. We will summarize this measure with an overall utility index. The utility index ranges from less than 0 to 1(where &lt;0=&quot;worse than death&quot;;1=full health).</description>
  </primary_outcome>
  <number_of_arms>1</number_of_arms>
  <enrollment type="Anticipated">506</enrollment>
  <condition>COVID-19</condition>
  <arm_group>
    <arm_group_label>Rehabilitation-focused program</arm_group_label>
    <arm_group_type>Other</arm_group_type>
    <description>Subjects will receive multiple services in a rehabilitation-focused program</description>
  </arm_group>
  <intervention>
    <intervention_type>Other</intervention_type>
    <intervention_name>Rehabilitation-focused program</intervention_name>
    <description>Subjects will receive 1) an initial assessment and personalized plan by a nurse care coordinator, 2) a CORE program consisting of upper and lower body exercises, and basic dyspnea management, and 3) individual symptom- and problem-focused modules identified in the initial assessment and then selected by participants as part of a personalized plan.</description>
    <arm_group_label>Rehabilitation-focused program</arm_group_label>
  </intervention>
  <eligibility>
    <criteria>
      <textblock>
        Inclusion Criteria:&#xD;
&#xD;
          -  (Patients) VA patients diagnosed with COVID-19&#xD;
&#xD;
          -  (Caregivers) Providing caregiving to VA patients diagnosed with COVID-19&#xD;
&#xD;
        Exclusion Criteria:&#xD;
&#xD;
          -  Significant cognitive dysfunction&#xD;
&#xD;
          -  Language barriers&#xD;
&#xD;
          -  Severe psychiatric disorder impairing ability to participate in surveys and interviews&#xD;
      </textblock>
    </criteria>
    <gender>All</gender>
    <minimum_age>18 Years</minimum_age>
    <maximum_age>89 Years</maximum_age>
    <healthy_volunteers>No</healthy_volunteers>
  </eligibility>
  <overall_official>
    <last_name>Kristina A Crothers, MD</last_name>
    <role>Principal Investigator</role>
    <affiliation>VA Puget Sound Health Care System Seattle Division, Seattle, WA</affiliation>
  </overall_official>
  <overall_contact>
    <last_name>Lisa A Batten, MD MHA MPH</last_name>
    <phone>(206) 277-1780</phone>
    <email>lisa.batten@va.gov</email>
  </overall_contact>
  <overall_contact_backup>
    <last_name>John R Kundzins, BS</last_name>
    <phone>(206) 277-1515</phone>
    <email>John.Kundzins@va.gov</email>
  </overall_contact_backup>
  <location>
    <facility>
      <name>VA Puget Sound Health Care System Seattle Division, Seattle, WA</name>
      <address>
        <city>Seattle</city>
        <state>Washington</state>
        <zip>98108</zip>
        <country>United States</country>
      </address>
    </facility>
    <contact>
      <last_name>Lisa A Batten, MD MHA MPH</last_name>
      <phone>206-277-1780</phone>
      <email>lisa.batten@va.gov</email>
    </contact>
    <investigator>
      <last_name>Kristina A Crothers, MD</last_name>
      <role>Principal Investigator</role>
    </investigator>
  </location>
  <location_countries>
    <country>United States</country>
  </location_countries>
  <verification_date>February 2021</verification_date>
  <study_first_submitted>November 9, 2020</study_first_submitted>
  <study_first_submitted_qc>November 12, 2020</study_first_submitted_qc>
  <study_first_posted type="Actual">November 13, 2020</study_first_posted>
  <last_update_submitted>February 5, 2021</last_update_submitted>
  <last_update_submitted_qc>February 5, 2021</last_update_submitted_qc>
  <last_update_posted type="Actual">February 8, 2021</last_update_posted>
  <responsible_party>
    <responsible_party_type>Sponsor</responsible_party_type>
  </responsible_party>
  <keyword>Chronic Lung Disease</keyword>
  <keyword>COVID-19</keyword>
  <condition_browse>
    <!-- CAUTION:  The following MeSH terms are assigned with an imperfect algorithm            -->
    <mesh_term>Lung Diseases</mesh_term>
  </condition_browse>
  <patient_data>
    <sharing_ipd>No</sharing_ipd>
  </patient_data>
  <!-- Results have not yet been posted for this study                                          -->
</clinical_study>

