<?xml version="1.0" encoding="UTF-8"?>
<clinical_study rank="761">
  <!-- This xml conforms to an XML Schema at:
    https://clinicaltrials.gov/ct2/html/images/info/public.xsd -->
  <required_header>
    <download_date>ClinicalTrials.gov processed this data on February 18, 2021</download_date>
    <link_text>Link to the current ClinicalTrials.gov record.</link_text>
    <url>https://clinicaltrials.gov/show/NCT04591613</url>
  </required_header>
  <id_info>
    <org_study_id>RIPH_2020_09</org_study_id>
    <nct_id>NCT04591613</nct_id>
  </id_info>
  <brief_title>Late Clinical Events Associated With COVID-19 Infection</brief_title>
  <acronym>COCO-LATE</acronym>
  <official_title>Late Clinical Events Associated With COVID-19 Infection: Multicenter Cohort</official_title>
  <sponsors>
    <lead_sponsor>
      <agency>Tourcoing Hospital</agency>
      <agency_class>Other</agency_class>
    </lead_sponsor>
  </sponsors>
  <source>Tourcoing Hospital</source>
  <oversight_info>
    <has_dmc>No</has_dmc>
    <is_fda_regulated_drug>No</is_fda_regulated_drug>
    <is_fda_regulated_device>No</is_fda_regulated_device>
  </oversight_info>
  <brief_summary>
    <textblock>
      Several publications document the occurrence of symptoms that persist or occur late.&#xD;
&#xD;
      The identification of the observed clinical manifestations and their clinical and&#xD;
      paraclinical description are essential to better understand the natural evolution of&#xD;
      COVID-19, to clarify the pathophysiological mechanism of these possible late manifestations,&#xD;
      and to identify potential management options for patients.&#xD;
&#xD;
      Since this type of event is infrequent, a large-scale national multicenter cohort study&#xD;
      focusing on symptomatic patients is needed.&#xD;
    </textblock>
  </brief_summary>
  <detailed_description>
    <textblock>
      Several publications document the occurrence of symptoms that persist or occur late, more&#xD;
      than 3 weeks after the first clinical manifestations of an SARS-COV2 infection. These&#xD;
      manifestations may be related to thromboembolic or inflammatory complications,&#xD;
      superinfections, or other mechanisms not yet well understood, including potentially related&#xD;
      to the persistence of SARS-COV2. The identification of the observed clinical manifestations&#xD;
      and their clinical and paraclinical description are essential to better understand the&#xD;
      natural evolution of COVID-19, to clarify the pathophysiological mechanism of these possible&#xD;
      late manifestations, and to identify potential management options for patients.&#xD;
&#xD;
      Since this type of event is infrequent, a large-scale national multicenter cohort study&#xD;
      focusing on symptomatic patients is needed. In parallel, the prevalence of the main symptoms&#xD;
      observed more than 3 weeks after the onset of a COVID-19 will be estimated through&#xD;
      partnerships with existing cohort studies in the general population or in the population&#xD;
      followed for COVID-19, still symptomatic or not at 3 weeks of infection.&#xD;
&#xD;
      Longitudinal implementation of bio-libraries will allow this cohort to also constitute a&#xD;
      bridge between clinicians and researchers.&#xD;
    </textblock>
  </detailed_description>
  <overall_status>Recruiting</overall_status>
  <start_date type="Actual">December 31, 2020</start_date>
  <completion_date type="Anticipated">August 2022</completion_date>
  <primary_completion_date type="Anticipated">August 2022</primary_completion_date>
  <phase>N/A</phase>
  <study_type>Interventional</study_type>
  <has_expanded_access>No</has_expanded_access>
  <study_design_info>
    <allocation>N/A</allocation>
    <intervention_model>Single Group Assignment</intervention_model>
    <primary_purpose>Other</primary_purpose>
    <masking>None (Open Label)</masking>
  </study_design_info>
  <primary_outcome>
    <measure>Clinical description of asthenia</measure>
    <time_frame>At the end od the study, an average of 22 months</time_frame>
    <description>Describe the frequence of asthenia between its onset and its disappearance. Assessment at baseline, then 4, 6 and 12 months.</description>
  </primary_outcome>
  <primary_outcome>
    <measure>Clinical description of dyspnea</measure>
    <time_frame>At the end od the study, an average of 22 months</time_frame>
    <description>Frequence of dyspnea between its onset and its disappearance. Assessment at baseline, then 4, 6 and 12 months. Assessment at baseline, then 4, 6 and 12 months.</description>
  </primary_outcome>
  <primary_outcome>
    <measure>Clinical description of thoracic disorders</measure>
    <time_frame>At the end od the study, an average of 22 months</time_frame>
    <description>Frequence of thoracic disorders between its onset and its disappearance. Assessment at baseline, then 4, 6 and 12 months. Assessment at baseline, then 4, 6 and 12 months.</description>
  </primary_outcome>
  <primary_outcome>
    <measure>Clinical description of neurological disorders</measure>
    <time_frame>At the end od the study, an average of 22 months</time_frame>
    <description>Frequence of neurological disorders between its onset and its disappearance. Assessment at baseline, then 4, 6 and 12 months. Assessment at baseline, then 4, 6 and 12 months.</description>
  </primary_outcome>
  <primary_outcome>
    <measure>Clinical description of anosmia</measure>
    <time_frame>At the end od the study, an average of 22 months</time_frame>
    <description>Frequence of anosmia disorders between its onset and its disappearance. Assessment at baseline, then 4, 6 and 12 months. Assessment at baseline, then 4, 6 and 12 months.</description>
  </primary_outcome>
  <number_of_arms>1</number_of_arms>
  <enrollment type="Anticipated">1000</enrollment>
  <condition>Covid19</condition>
  <arm_group>
    <arm_group_label>Standardized clinical and paraclinical follow-up</arm_group_label>
    <arm_group_type>Other</arm_group_type>
    <description>Standardized clinical and paraclinical follow-up will be offered in one of the referring investigator centers. Patients will be able to benefit from additional biological samples. Questionnaires will be completed by the patient or with the help of clinical research staff in paper format.&#xD;
All patients will make an inclusion visit (IV), then a clinical follow-up will be organized for the study at M4, M6, M12 from the day of the onset of the 1st symptoms of COVID.&#xD;
Quality of life and chronic disease impact scales will be completed at inclusion and follow-up visits.&#xD;
Total serum, plasma and naso-paaryngeal samples will be collected.</description>
  </arm_group>
  <intervention>
    <intervention_type>Other</intervention_type>
    <intervention_name>Questionnaire</intervention_name>
    <description>Quality of life and chronic disease impact scales will be completed at inclusion and follow-up visits.</description>
    <arm_group_label>Standardized clinical and paraclinical follow-up</arm_group_label>
  </intervention>
  <intervention>
    <intervention_type>Other</intervention_type>
    <intervention_name>Biocollection</intervention_name>
    <description>Total serum, plasma samples will be collected</description>
    <arm_group_label>Standardized clinical and paraclinical follow-up</arm_group_label>
  </intervention>
  <intervention>
    <intervention_type>Other</intervention_type>
    <intervention_name>Follow-up visit</intervention_name>
    <description>All patients will make an inclusion visit (IV), then a clinical follow-up will be organized for the study at M4, M6, M12 from the day of the onset of the 1st symptoms of COVID.</description>
    <arm_group_label>Standardized clinical and paraclinical follow-up</arm_group_label>
  </intervention>
  <eligibility>
    <criteria>
      <textblock>
        Inclusion Criteria:&#xD;
&#xD;
          -  History of symptomatic CoV-2-SARS infection as defined by :&#xD;
&#xD;
             o Positive RT-PCR SARS-CoV-2 RT-PCR result OR positive SARS-CoV-2 serology&#xD;
&#xD;
             o Associated with at least one event : x Anosmia occurring after February 2020 x OR&#xD;
             COVID 19 evocative scanner x OR ≥ 2 contemporary symptoms of the virological sample&#xD;
             from: asthenia, cough, dyspnea, fever, myalgia, dysgeusia, diarrhea AND not present&#xD;
             prior to diagnosis&#xD;
&#xD;
          -  AND persistence of at least one symptom present in the first 3 weeks of a COVID-19,&#xD;
             more than 8 weeks away from the first symptoms of COVID-19. OR late onset of at least&#xD;
             one new symptom a minimum of 3 weeks and a maximum of 6 months after the first&#xD;
             symptoms of a CoV-2 SARS infection.&#xD;
&#xD;
          -  First symptoms less than 6 months old on the day of inclusion&#xD;
&#xD;
          -  To benefit from a State Health Insurance or Medical Aid plan&#xD;
&#xD;
          -  Have signed an informed consent for inclusion.&#xD;
&#xD;
        Exclusion Criteria:&#xD;
&#xD;
          -  Minor patient&#xD;
&#xD;
          -  Patient under protection of justice&#xD;
&#xD;
          -  Patient who required intensive care management :&#xD;
&#xD;
               -  more than 5 days&#xD;
&#xD;
               -  OR requiring orotracheal intubation&#xD;
&#xD;
               -  OR having required high flow ventilation (optiflow)&#xD;
      </textblock>
    </criteria>
    <gender>All</gender>
    <minimum_age>18 Years</minimum_age>
    <maximum_age>N/A</maximum_age>
    <healthy_volunteers>No</healthy_volunteers>
  </eligibility>
  <overall_official>
    <last_name>Olivier ROBINEAU, MD PhD</last_name>
    <role>Principal Investigator</role>
    <affiliation>CH Tourcoing</affiliation>
  </overall_official>
  <overall_contact>
    <last_name>Olivier ROBINEAU, MD PhD</last_name>
    <phone>0320694949</phone>
    <email>orobineau@ch-tourcoing.fr</email>
  </overall_contact>
  <overall_contact_backup>
    <last_name>Solange TREHOUX, PhD</last_name>
    <phone>0320694280</phone>
    <email>strehoux@ch-tourcoing.fr</email>
  </overall_contact_backup>
  <location>
    <facility>
      <name>Ch Auxerre</name>
      <address>
        <city>Auxerre</city>
        <country>France</country>
      </address>
    </facility>
    <status>Recruiting</status>
  </location>
  <location>
    <facility>
      <name>CHU Caen</name>
      <address>
        <city>Caen</city>
        <country>France</country>
      </address>
    </facility>
    <status>Recruiting</status>
  </location>
  <location>
    <facility>
      <name>CHRU Lille</name>
      <address>
        <city>Lille</city>
        <country>France</country>
      </address>
    </facility>
    <status>Recruiting</status>
  </location>
  <location>
    <facility>
      <name>CH Melun Marc Jacquet</name>
      <address>
        <city>Melun</city>
        <country>France</country>
      </address>
    </facility>
    <status>Recruiting</status>
  </location>
  <location>
    <facility>
      <name>AP-HP Hôpital Hôtel-Dieu</name>
      <address>
        <city>Paris</city>
        <country>France</country>
      </address>
    </facility>
    <status>Not yet recruiting</status>
  </location>
  <location>
    <facility>
      <name>CHU de Saint-Etienne</name>
      <address>
        <city>Saint-Priest-en-Jarez</city>
        <country>France</country>
      </address>
    </facility>
    <status>Recruiting</status>
  </location>
  <location>
    <facility>
      <name>CH Tourcoing</name>
      <address>
        <city>Tourcoing</city>
        <country>France</country>
      </address>
    </facility>
    <status>Recruiting</status>
  </location>
  <location>
    <facility>
      <name>CHRU Tours</name>
      <address>
        <city>Tours</city>
        <country>France</country>
      </address>
    </facility>
    <status>Recruiting</status>
  </location>
  <location>
    <facility>
      <name>CHRU Nancy</name>
      <address>
        <city>Vandœuvre-lès-Nancy</city>
        <country>France</country>
      </address>
    </facility>
    <status>Recruiting</status>
  </location>
  <location>
    <facility>
      <name>Centre Hospitalier Bretagne Atlantique</name>
      <address>
        <city>Vannes</city>
        <country>France</country>
      </address>
    </facility>
    <status>Recruiting</status>
  </location>
  <location>
    <facility>
      <name>CH André Rosemon de Cayenne</name>
      <address>
        <city>Cayenne</city>
        <country>French Guiana</country>
      </address>
    </facility>
    <status>Recruiting</status>
  </location>
  <location_countries>
    <country>France</country>
    <country>French Guiana</country>
  </location_countries>
  <verification_date>January 2021</verification_date>
  <study_first_submitted>October 10, 2020</study_first_submitted>
  <study_first_submitted_qc>October 16, 2020</study_first_submitted_qc>
  <study_first_posted type="Actual">October 19, 2020</study_first_posted>
  <last_update_submitted>January 25, 2021</last_update_submitted>
  <last_update_submitted_qc>January 25, 2021</last_update_submitted_qc>
  <last_update_posted type="Actual">January 28, 2021</last_update_posted>
  <responsible_party>
    <responsible_party_type>Sponsor</responsible_party_type>
  </responsible_party>
  <condition_browse>
    <!-- CAUTION:  The following MeSH terms are assigned with an imperfect algorithm            -->
    <mesh_term>Infection</mesh_term>
  </condition_browse>
  <patient_data>
    <sharing_ipd>No</sharing_ipd>
  </patient_data>
  <!-- Results have not yet been posted for this study                                          -->
</clinical_study>

