<?xml version="1.0" encoding="UTF-8"?>
<clinical_study rank="3461">
  <!-- This xml conforms to an XML Schema at:
    https://clinicaltrials.gov/ct2/html/images/info/public.xsd -->
  <required_header>
    <download_date>ClinicalTrials.gov processed this data on February 18, 2021</download_date>
    <link_text>Link to the current ClinicalTrials.gov record.</link_text>
    <url>https://clinicaltrials.gov/show/NCT04374565</url>
  </required_header>
  <id_info>
    <org_study_id>200114</org_study_id>
    <nct_id>NCT04374565</nct_id>
  </id_info>
  <brief_title>Convalescent Plasma for Treatment of COVID-19 Patients With Pneumonia</brief_title>
  <official_title>Efficacy and Safety of High-Titer Anti-SARS-CoV-2 (COVID19) Convalescent Plasma for Hospitalized Patients With Infection Due to COVID-19 to Decrease Complications: A Phase II Trial</official_title>
  <sponsors>
    <lead_sponsor>
      <agency>University of Virginia</agency>
      <agency_class>Other</agency_class>
    </lead_sponsor>
  </sponsors>
  <source>University of Virginia</source>
  <oversight_info>
    <has_dmc>Yes</has_dmc>
    <is_fda_regulated_drug>Yes</is_fda_regulated_drug>
    <is_fda_regulated_device>No</is_fda_regulated_device>
  </oversight_info>
  <brief_summary>
    <textblock>
      This is a single arm phase II trial to assess efficacy and confirm safety of infusions of&#xD;
      anti-SARS-CoV-2 convalescent plasma in hospitalized patients with acute respiratory&#xD;
      symptoms,with or without confirmed interstitial COVID-19 pneumonia by chest Xray or CT. A&#xD;
      total of 29 eligible subjects will be enrolled to receive anti-SARS-CoV-2 plasma.Outcomes&#xD;
      will be compared to hospitalized controls with confirmed COVID-19 disease through&#xD;
      retrospective chart review.&#xD;
    </textblock>
  </brief_summary>
  <detailed_description>
    <textblock>
      There are no proven treatments for coronavirus disease (COVID-19) and associated pneumonia&#xD;
      caused by Severe Acute Respiratory Syndrome Coronavirus 2 (SARS-CoV-2). Recent experience in&#xD;
      China suggests that convalescent immune plasma(CIP)may be an effective treatment for&#xD;
      COVID-19. In the pandemic situation where there are no vaccines for COVID-19, specific&#xD;
      antibodies in convalescent plasma induced by infection may provide passive protective&#xD;
      immunity. Passive antibody therapy was the first immunotherapy dating back to the 1890's for&#xD;
      the treatment of infectious diseases before the development of antibiotics 1940's. Experience&#xD;
      from prior outbreaks with other coronaviruses, such as SARS-CoV-1 shows that such&#xD;
      convalescent plasma contains neutralizing antibodies to the relevant virus. In SARS-CoV-2,&#xD;
      passive antibody therapy from CIP probably provided protection by viral neutralization. CIP&#xD;
      was also used in the 2013 Ebola epidemic. A small non-randomized study in Sierra Leone&#xD;
      revealed a significant increase in survival for who received CIP4. CIP administration is the&#xD;
      only approach that provides immediate immunity to patients who have been exposed or who have&#xD;
      active disease.&#xD;
&#xD;
      This approach is immediately available from individuals who have recovered, are viral&#xD;
      free,and can donate immune plasma (IP) containing high titer neutralizing antibodies. Passive&#xD;
      antibody therapy can be given to a patient recently exposed or a patient who is developing an&#xD;
      infection with COVID-19 by obtaining plasma units from immune individuals by standard&#xD;
      plasmapheresis using FDA-approved blood banking procedures, cross matching the unit(s) to the&#xD;
      recipients and infusing the unit(s) using standard transfusion procedures for blood products.&#xD;
      Based on the safety and long-term experience with plasma infusions, plasma exchanges, and&#xD;
      other procedures involving plasma or plasma product, this protocol was designed as a phase II&#xD;
      single arm trial that involves the administration of antibodies to a given agent to a&#xD;
      susceptible individual for the purpose of preventing or treating an infectious disease due to&#xD;
      that agent.&#xD;
&#xD;
      The only antibody formulation that is available for emergent use is that found in&#xD;
      convalescent plasma. As more individuals contract COVID-19 and recover, the number of&#xD;
      potential donors will increase.&#xD;
&#xD;
      The principle of passive antibody therapy is that it is more effective when used for&#xD;
      prophylaxis than for treatment of disease. When used for therapy, antibody is most effective&#xD;
      when administered shortly after the onset of symptoms. The reason for temporal variation in&#xD;
      efficacy is not well understood but could reflect that passive antibody works by neutralizing&#xD;
      the initial inoculum, which is likely to be much smaller than that of established disease.&#xD;
      Alternatively, antibodies may dampen the early inflammatory response leaving the infected&#xD;
      individual asymptomatic. For example, antibody therapy for pneumococcal pneumonia was most&#xD;
      effective when given shortly after the onset of symptoms and was of no benefit if antibody&#xD;
      therapy was delayed beyond the third day of disease. For passive antibody therapy to be&#xD;
      effective, a sufficient amount of antibody must be infused. The antibody will circulate in&#xD;
      the blood, reach tissues,and provide protection against infection. Depending on the type of&#xD;
      antibody, amount, and composition, the half-life can vary from weeks to months. It is under&#xD;
      these circumstances, the investigators plan to treat patients who are sick enough to be&#xD;
      hospitalized before the onset of overwhelming disease involving a systemic inflammatory&#xD;
      response, sepsis, and/or ARDS.&#xD;
    </textblock>
  </detailed_description>
  <overall_status>Active, not recruiting</overall_status>
  <start_date type="Actual">May 5, 2020</start_date>
  <completion_date type="Anticipated">April 5, 2021</completion_date>
  <primary_completion_date type="Anticipated">April 5, 2021</primary_completion_date>
  <phase>Phase 2</phase>
  <study_type>Interventional</study_type>
  <has_expanded_access>No</has_expanded_access>
  <study_design_info>
    <allocation>N/A</allocation>
    <intervention_model>Single Group Assignment</intervention_model>
    <intervention_model_description>This is a single arm phase II trial to assess preliminary efficacy and confirm safety of infusions of antiSARS-CoV-2 convalescent plasma in hospitalized patients with acute respiratory symptoms with or without confirmed interstitial COVID-19 pneumonia by CXR or chest CT. A total of 29 eligible subjects will be enrolled to receive high titer anti-SARS-CoV-2 plasma. Participants will be compared to a historical control group via retrospective chart review.</intervention_model_description>
    <primary_purpose>Treatment</primary_purpose>
    <masking>None (Open Label)</masking>
  </study_design_info>
  <primary_outcome>
    <measure>Transfer to ICU</measure>
    <time_frame>Days 0 - 60</time_frame>
    <description>Will be done by comparing the admission rate to the ICU between patients who received convalescent plasma and a control group who did not enroll in the study, or receive another experimental therapy.</description>
  </primary_outcome>
  <primary_outcome>
    <measure>28 day mortality</measure>
    <time_frame>Days 0 - 60</time_frame>
    <description>Will be done by comparing the 28 day mortality rate between enrolled subjects and the control group.</description>
  </primary_outcome>
  <secondary_outcome>
    <measure>Cumulative incidence of serious adverse events</measure>
    <time_frame>Days 0 - 60</time_frame>
    <description>Will be collected from time of enrollment until completion of the study. The adverse events will be evaluated by CTCAE V5.0 and MedDRA.</description>
  </secondary_outcome>
  <secondary_outcome>
    <measure>Rates and duration of SARS-CoV-2</measure>
    <time_frame>Days 0, 7, 14, and 21</time_frame>
    <description>Will be done by collecting respiratory tract swabs and testing for SARS-CoV-2 positivity.</description>
  </secondary_outcome>
  <secondary_outcome>
    <measure>Serum of plasma antibody titer to SARS-CoV-2</measure>
    <time_frame>Days 0, 7, 14, and 28</time_frame>
    <description>Serum or plasma will be collected and analyzed for SARS-CoV-2 antibody.</description>
  </secondary_outcome>
  <secondary_outcome>
    <measure>Cellular and humoral immune response</measure>
    <time_frame>Days 0, 7, 14, 28</time_frame>
    <description>Blood will be collected and analyzed for cellular and humoral response.</description>
  </secondary_outcome>
  <secondary_outcome>
    <measure>Supplemental oxygen free days</measure>
    <time_frame>Days 0-28</time_frame>
    <description>All days where a supplemental oxygen is needed will be recorded as a concomitant medication and will be subtracted from total days the participant is alive and enrolled in the study up to day 28 to determine the supplemental oxygen free days.</description>
  </secondary_outcome>
  <secondary_outcome>
    <measure>Ventilator free days</measure>
    <time_frame>Days 0 - 28</time_frame>
    <description>All days where a ventilator is needed will be recorded as a concomitant procedure and will be subtracted from total days the participant is alive and enrolled in the study up to day 28 to determine the ventilator free days.</description>
  </secondary_outcome>
  <secondary_outcome>
    <measure>ICU free days</measure>
    <time_frame>Days 0 - 28</time_frame>
    <description>All days where the participant is admitted to the ICU will be recorded and subtracted from total days the participant is alive and enrolled in the study up to day 28 to determine the ICU free days.</description>
  </secondary_outcome>
  <secondary_outcome>
    <measure>Sequential organ failure assessment score</measure>
    <time_frame>days 0, 1, 4, 7, 14, 21, 28</time_frame>
    <description>The patient will be evaluated throughout their enrollment in the study. The score will be evaluated to see if the score improved or worsened throughout their admission.</description>
  </secondary_outcome>
  <secondary_outcome>
    <measure>Need for vasopressors</measure>
    <time_frame>Days 0 - 60</time_frame>
    <description>Concomitant medications will be recorded throughout the patients participation in the study and vasopressors will be recorded, if they are needed.</description>
  </secondary_outcome>
  <secondary_outcome>
    <measure>Need for renal replacement therapy</measure>
    <time_frame>Days 0 - 60</time_frame>
    <description>Renal function will be assessed throughout the patients participation in the study. If renal replacement therapy is needed, it will be captured as a concomitant procedure.</description>
  </secondary_outcome>
  <secondary_outcome>
    <measure>Need for extracorporeal membrane oxygenation (ECMO)</measure>
    <time_frame>Days 0 - 60</time_frame>
    <description>Respiratory function will be assessed throughout the patients participation in the study. If ECMO is needed, it will be captured as a concomitant procedure.</description>
  </secondary_outcome>
  <secondary_outcome>
    <measure>Hospital length of stay (LOS)</measure>
    <time_frame>Days 0-60</time_frame>
    <description>Will be calculated from the date the patient entered the hospital until they were discharged.</description>
  </secondary_outcome>
  <secondary_outcome>
    <measure>ICU LOS</measure>
    <time_frame>days 0 - 60</time_frame>
    <description>Will be calculated from the date the patient entered the ICU until they were discharged from the ICU.</description>
  </secondary_outcome>
  <secondary_outcome>
    <measure>Grade 3 or 4 Adverse Events (AEs)</measure>
    <time_frame>days 0 - 60</time_frame>
    <description>All adverse events will be recorded and evaluated by CTCAE v.5.0. All grade 3 and 4 AEs will be calculated to determine safety of convalescent plasma.</description>
  </secondary_outcome>
  <number_of_arms>1</number_of_arms>
  <enrollment type="Anticipated">29</enrollment>
  <condition>Corona Virus Infection</condition>
  <condition>SARS-CoV 2</condition>
  <condition>SARS Pneumonia</condition>
  <condition>Pneumonia</condition>
  <arm_group>
    <arm_group_label>Study participants</arm_group_label>
    <arm_group_type>Experimental</arm_group_type>
    <description>A total of 29 eligible subjects will be enrolled to receive high titer anti-SARS-CoV-2 plasma. Participants will be compared to a historical control group via retrospective chart review.</description>
  </arm_group>
  <intervention>
    <intervention_type>Drug</intervention_type>
    <intervention_name>High-Titer Anti-SARS-CoV-2 (COVID 19) Convalescent Plasma</intervention_name>
    <description>Pathogen reduced SARS-CoV-2 convalescent plasma (1-2 units; ~200 mL each for a total of 200-400mls) given preferably in one day, but allowable to be given over 2 days if clinical circumstances delay infusions in 1 day), with titer to be determined after the unit has been infused.</description>
    <arm_group_label>Study participants</arm_group_label>
  </intervention>
  <eligibility>
    <criteria>
      <textblock>
        Inclusion Criteria:&#xD;
&#xD;
          -  Patients must be 18 years of age or older&#xD;
&#xD;
          -  Patients hospitalized with COVID-19 respiratory symptoms within 72 hours of admission&#xD;
             to a&quot;floor&quot; bed (non-ICU bed) and confirmation via SARS-CoV-2 RT-PCR testing.&#xD;
&#xD;
          -  Patient and/or surrogate is willing and able to provide written informed consent and&#xD;
             comply with all protocol requirements.&#xD;
&#xD;
          -  Patients with hematologic malignancies or solid tumors are eligible.&#xD;
&#xD;
          -  Patients with autoimmune disorders are eligible.&#xD;
&#xD;
          -  Patients with immunodeficiency and organ or stem cell transplant recipients are&#xD;
             eligible.&#xD;
&#xD;
          -  Patients who have received or are receiving hydroxychloroquine or chloroquine are&#xD;
             eligible (but will be taken off the drug)&#xD;
&#xD;
          -  Prior use of IVIG is allowed but the investigator should consider the potential for a&#xD;
             hypercoagulable state.&#xD;
&#xD;
        Exclusion Criteria:&#xD;
&#xD;
          -  Patients requiring mechanical ventilation or &gt;6 liters per minute nasal cannula oxygen&#xD;
&#xD;
          -  Patients on other anti-COVID-19 trials being treated with tocilizumab (anti-IL-6&#xD;
             receptor), Siltuximab (anti-IL-2), Remdesivir, or other pharmacological trials that&#xD;
             may be initiated hereafter.&#xD;
&#xD;
          -  A pre-existing condition or use of a medication that, in the opinion of the site&#xD;
             investigator, may place the individual at a substantially increased risk of thrombosis&#xD;
             (e.g., cryoglobulinemia, severe refractory hypertriglyceridemia, or clinically&#xD;
             significant monoclonal gammopathy).&#xD;
&#xD;
          -  Contraindication to transfusion or history of prior reactions to transfusion blood&#xD;
             products.&#xD;
&#xD;
          -  Medical conditions for which receipt of 500-600 mL of intravenous fluid may be&#xD;
             dangerous to the subject (e.g., decompensated congestive heart failure).&#xD;
      </textblock>
    </criteria>
    <gender>All</gender>
    <minimum_age>18 Years</minimum_age>
    <maximum_age>N/A</maximum_age>
    <healthy_volunteers>No</healthy_volunteers>
  </eligibility>
  <location>
    <facility>
      <name>University of Virginia Medical Center</name>
      <address>
        <city>Charlottesville</city>
        <state>Virginia</state>
        <zip>22903</zip>
        <country>United States</country>
      </address>
    </facility>
  </location>
  <location>
    <facility>
      <name>University of Virginia</name>
      <address>
        <city>Charlottesville</city>
        <state>Virginia</state>
        <zip>22903</zip>
        <country>United States</country>
      </address>
    </facility>
  </location>
  <location_countries>
    <country>United States</country>
  </location_countries>
  <reference>
    <citation>Casadevall A, Scharff MD. Return to the past: the case for antibody-based therapies in infectious diseases. Clin Infect Dis. 1995 Jul;21(1):150-61. Review.</citation>
    <PMID>7578724</PMID>
  </reference>
  <reference>
    <citation>Casadevall A, Dadachova E, Pirofski LA. Passive antibody therapy for infectious diseases. Nat Rev Microbiol. 2004 Sep;2(9):695-703. Review.</citation>
    <PMID>15372080</PMID>
  </reference>
  <reference>
    <citation>Zhang JS, Chen JT, Liu YX, Zhang ZS, Gao H, Liu Y, Wang X, Ning Y, Liu YF, Gao Q, Xu JG, Qin C, Dong XP, Yin WD. A serological survey on neutralizing antibody titer of SARS convalescent sera. J Med Virol. 2005 Oct;77(2):147-50.</citation>
    <PMID>16121363</PMID>
  </reference>
  <reference>
    <citation>Sahr F, Ansumana R, Massaquoi TA, Idriss BR, Sesay FR, Lamin JM, Baker S, Nicol S, Conton B, Johnson W, Abiri OT, Kargbo O, Kamara P, Goba A, Russell JB, Gevao SM. Evaluation of convalescent whole blood for treating Ebola Virus Disease in Freetown, Sierra Leone. J Infect. 2017 Mar;74(3):302-309. doi: 10.1016/j.jinf.2016.11.009. Epub 2016 Nov 17.</citation>
    <PMID>27867062</PMID>
  </reference>
  <reference>
    <citation>Casadevall A, Pirofski LA. Antibody-mediated regulation of cellular immunity and the inflammatory response. Trends Immunol. 2003 Sep;24(9):474-8. Review.</citation>
    <PMID>12967670</PMID>
  </reference>
  <reference>
    <citation>Casadevall A, Scharff MD. Serum therapy revisited: animal models of infection and development of passive antibody therapy. Antimicrob Agents Chemother. 1994 Aug;38(8):1695-702. Review.</citation>
    <PMID>7985997</PMID>
  </reference>
  <reference>
    <citation>Cheng Y, Wong R, Soo YO, Wong WS, Lee CK, Ng MH, Chan P, Wong KC, Leung CB, Cheng G. Use of convalescent plasma therapy in SARS patients in Hong Kong. Eur J Clin Microbiol Infect Dis. 2005 Jan;24(1):44-6.</citation>
    <PMID>15616839</PMID>
  </reference>
  <reference>
    <citation>Yeh KM, Chiueh TS, Siu LK, Lin JC, Chan PK, Peng MY, Wan HL, Chen JH, Hu BS, Perng CL, Lu JJ, Chang FY. Experience of using convalescent plasma for severe acute respiratory syndrome among healthcare workers in a Taiwan hospital. J Antimicrob Chemother. 2005 Nov;56(5):919-22. Epub 2005 Sep 23.</citation>
    <PMID>16183666</PMID>
  </reference>
  <reference>
    <citation>Ko JH, Seok H, Cho SY, Ha YE, Baek JY, Kim SH, Kim YJ, Park JK, Chung CR, Kang ES, Cho D, Müller MA, Drosten C, Kang CI, Chung DR, Song JH, Peck KR. Challenges of convalescent plasma infusion therapy in Middle East respiratory coronavirus infection: a single centre experience. Antivir Ther. 2018;23(7):617-622. doi: 10.3851/IMP3243. Epub 2018 Jun 20.</citation>
    <PMID>29923831</PMID>
  </reference>
  <reference>
    <citation>Arabi YM, Hajeer AH, Luke T, Raviprakash K, Balkhy H, Johani S, Al-Dawood A, Al-Qahtani S, Al-Omari A, Al-Hameed F, Hayden FG, Fowler R, Bouchama A, Shindo N, Al-Khairy K, Carson G, Taha Y, Sadat M, Alahmadi M. Feasibility of Using Convalescent Plasma Immunotherapy for MERS-CoV Infection, Saudi Arabia. Emerg Infect Dis. 2016 Sep;22(9):1554-61. doi: 10.3201/eid2209.151164.</citation>
    <PMID>27532807</PMID>
  </reference>
  <reference>
    <citation>Wan Y, Shang J, Sun S, Tai W, Chen J, Geng Q, He L, Chen Y, Wu J, Shi Z, Zhou Y, Du L, Li F. Molecular Mechanism for Antibody-Dependent Enhancement of Coronavirus Entry. J Virol. 2020 Feb 14;94(5). pii: e02015-19. doi: 10.1128/JVI.02015-19. Print 2020 Feb 14.</citation>
    <PMID>31826992</PMID>
  </reference>
  <reference>
    <citation>Mair-Jenkins J, Saavedra-Campos M, Baillie JK, Cleary P, Khaw FM, Lim WS, Makki S, Rooney KD, Nguyen-Van-Tam JS, Beck CR; Convalescent Plasma Study Group. The effectiveness of convalescent plasma and hyperimmune immunoglobulin for the treatment of severe acute respiratory infections of viral etiology: a systematic review and exploratory meta-analysis. J Infect Dis. 2015 Jan 1;211(1):80-90. doi: 10.1093/infdis/jiu396. Epub 2014 Jul 16. Review.</citation>
    <PMID>25030060</PMID>
  </reference>
  <reference>
    <citation>China puts 245 COVID-19 patients on convalescent plasma therapy. In: Huaxia, (ed): XinhuaNet, 2020.</citation>
  </reference>
  <reference>
    <citation>Crowe JE Jr, Firestone CY, Murphy BR. Passively acquired antibodies suppress humoral but not cell-mediated immunity in mice immunized with live attenuated respiratory syncytial virus vaccines. J Immunol. 2001 Oct 1;167(7):3910-8.</citation>
    <PMID>11564809</PMID>
  </reference>
  <verification_date>August 2020</verification_date>
  <study_first_submitted>April 27, 2020</study_first_submitted>
  <study_first_submitted_qc>May 1, 2020</study_first_submitted_qc>
  <study_first_posted type="Actual">May 5, 2020</study_first_posted>
  <last_update_submitted>August 20, 2020</last_update_submitted>
  <last_update_submitted_qc>August 20, 2020</last_update_submitted_qc>
  <last_update_posted type="Actual">August 21, 2020</last_update_posted>
  <responsible_party>
    <responsible_party_type>Principal Investigator</responsible_party_type>
    <investigator_affiliation>University of Virginia</investigator_affiliation>
    <investigator_full_name>Jeffrey Sturek, MD, PhD</investigator_full_name>
    <investigator_title>Assistant Professor of Pulmonary and Critical Care Medicine</investigator_title>
  </responsible_party>
  <condition_browse>
    <!-- CAUTION:  The following MeSH terms are assigned with an imperfect algorithm            -->
    <mesh_term>Infection</mesh_term>
    <mesh_term>Coronavirus Infections</mesh_term>
    <mesh_term>Severe Acute Respiratory Syndrome</mesh_term>
    <mesh_term>Pneumonia</mesh_term>
  </condition_browse>
  <patient_data>
    <sharing_ipd>Undecided</sharing_ipd>
  </patient_data>
  <!-- Results have not yet been posted for this study                                          -->
</clinical_study>

