<?xml version="1.0" encoding="UTF-8"?>
<clinical_study rank="4233">
  <!-- This xml conforms to an XML Schema at:
    https://clinicaltrials.gov/ct2/html/images/info/public.xsd -->
  <required_header>
    <download_date>ClinicalTrials.gov processed this data on February 18, 2021</download_date>
    <link_text>Link to the current ClinicalTrials.gov record.</link_text>
    <url>https://clinicaltrials.gov/show/NCT04479345</url>
  </required_header>
  <id_info>
    <org_study_id>COVID endoscopy</org_study_id>
    <nct_id>NCT04479345</nct_id>
  </id_info>
  <brief_title>Knowledge, Attitude and Practice of Gastrointestinal Endoscopists Toward PPE in COVID-19 Era</brief_title>
  <official_title>Knowledge, Attitude and Practice of Gastrointestinal Endoscopists Toward PPE in COVID-19 Era</official_title>
  <sponsors>
    <lead_sponsor>
      <agency>Assiut University</agency>
      <agency_class>Other</agency_class>
    </lead_sponsor>
  </sponsors>
  <source>Assiut University</source>
  <oversight_info>
    <is_fda_regulated_drug>No</is_fda_regulated_drug>
    <is_fda_regulated_device>No</is_fda_regulated_device>
  </oversight_info>
  <brief_summary>
    <textblock>
      Assessing the knowledge and practice of GIT endoscopists toward the use of PPE.&#xD;
    </textblock>
  </brief_summary>
  <detailed_description>
    <textblock>
      An online questionnaire assessing the knowledge and practice of GIT endoscopists toward the&#xD;
      use of PPE will be used.&#xD;
    </textblock>
  </detailed_description>
  <overall_status>Not yet recruiting</overall_status>
  <start_date type="Anticipated">July 2020</start_date>
  <completion_date type="Anticipated">September 2020</completion_date>
  <primary_completion_date type="Anticipated">September 2020</primary_completion_date>
  <study_type>Observational</study_type>
  <has_expanded_access>No</has_expanded_access>
  <study_design_info>
    <observational_model>Cohort</observational_model>
    <time_perspective>Cross-Sectional</time_perspective>
  </study_design_info>
  <primary_outcome>
    <measure>The knowledge and attitude toward PPE during endoscopy</measure>
    <time_frame>2 months</time_frame>
    <description>Online questionnaire</description>
  </primary_outcome>
  <enrollment type="Anticipated">100</enrollment>
  <condition>Knowledge, Attitudes, Practice</condition>
  <intervention>
    <intervention_type>Other</intervention_type>
    <intervention_name>Questionnaire</intervention_name>
    <description>Online questionnaire</description>
  </intervention>
  <eligibility>
    <study_pop>
      <textblock>
        GIT endoscopists&#xD;
      </textblock>
    </study_pop>
    <sampling_method>Non-Probability Sample</sampling_method>
    <criteria>
      <textblock>
        Inclusion Criteria:&#xD;
&#xD;
          -  GIT endoscopists&#xD;
&#xD;
        Exclusion Criteria:&#xD;
&#xD;
          -  Refuse to participate&#xD;
      </textblock>
    </criteria>
    <gender>All</gender>
    <minimum_age>25 Years</minimum_age>
    <maximum_age>N/A</maximum_age>
    <healthy_volunteers>No</healthy_volunteers>
  </eligibility>
  <verification_date>July 2020</verification_date>
  <study_first_submitted>July 20, 2020</study_first_submitted>
  <study_first_submitted_qc>July 20, 2020</study_first_submitted_qc>
  <study_first_posted type="Actual">July 21, 2020</study_first_posted>
  <last_update_submitted>July 20, 2020</last_update_submitted>
  <last_update_submitted_qc>July 20, 2020</last_update_submitted_qc>
  <last_update_posted type="Actual">July 21, 2020</last_update_posted>
  <responsible_party>
    <responsible_party_type>Principal Investigator</responsible_party_type>
    <investigator_affiliation>Assiut University</investigator_affiliation>
    <investigator_full_name>Haidi Karam</investigator_full_name>
    <investigator_title>Lecturer of Tropical Medicine and Gastroenterology</investigator_title>
  </responsible_party>
  <patient_data>
    <sharing_ipd>No</sharing_ipd>
  </patient_data>
  <!-- Results have not yet been posted for this study                                          -->
</clinical_study>

