<?xml version="1.0" encoding="UTF-8"?>
<clinical_study rank="4527">
  <!-- This xml conforms to an XML Schema at:
    https://clinicaltrials.gov/ct2/html/images/info/public.xsd -->
  <required_header>
    <download_date>ClinicalTrials.gov processed this data on February 18, 2021</download_date>
    <link_text>Link to the current ClinicalTrials.gov record.</link_text>
    <url>https://clinicaltrials.gov/show/NCT04245631</url>
  </required_header>
  <id_info>
    <org_study_id>DTXY022</org_study_id>
    <nct_id>NCT04245631</nct_id>
  </id_info>
  <brief_title>Development of a Simple, Fast and Portable Recombinase Aided Amplification Assay for 2019-nCoV</brief_title>
  <official_title>Development of a Simple, Fast and Portable Recombinase Aided Amplification (RAA) Assay for 2019-nCoV</official_title>
  <sponsors>
    <lead_sponsor>
      <agency>Beijing Ditan Hospital</agency>
      <agency_class>Other</agency_class>
    </lead_sponsor>
  </sponsors>
  <source>Beijing Ditan Hospital</source>
  <oversight_info>
    <is_fda_regulated_drug>No</is_fda_regulated_drug>
    <is_fda_regulated_device>No</is_fda_regulated_device>
  </oversight_info>
  <brief_summary>
    <textblock>
      In late December 2019, several local health facilities reported clusters of patients with&#xD;
      pneumonia of unknown cause that were epidemiologically linked to a seafood and wet animal&#xD;
      wholesale market in Wuhan, Hubei Province, China. It is now confirmed that the etiology of&#xD;
      this outbreak is a novel coronavirus, namely, 2019-nCoV. Of critical importance is rapid and&#xD;
      simple diagnostic method to be used in clinical settings to timely inform and refine&#xD;
      strategies that can prevent, control, and stop the spread of 2019-nCoV. Recombinase aided&#xD;
      amplification (RAA) assay is a novel isothermal nucleic acid amplification technique in&#xD;
      recent years, which has a variety of the advantages including high specificity and&#xD;
      sensitivity, rapid detection (30 min), low cost, low equipment requirements and simple&#xD;
      operation. The has successfully detected a variety of pathogens using this technique. To&#xD;
      develop a RAA assay for 2019-nCoV with the advantages of high speed, simple operation and low&#xD;
      cost, and overcomes the shortcomings of the existing molecular detection methods. The&#xD;
      investigators established a real time reverse-transcription RAA (RT-RAA) assay for detection&#xD;
      of 2019-nCoV. This assay was performed at 42°C within 30min using a portable real-time&#xD;
      fluorescence detector, Recombinant plasmids containing conserved ORF1ab genes was used to&#xD;
      analyze the specificity and sensitivity. Clinical specimens from patients who were suspected&#xD;
      of being infected with 2019-nCoV were used to evaluate the performance of the assay. In&#xD;
      parallel, The investigators also used the commercial RT-qPCR assay kit for 2019-nCoV as a&#xD;
      reference.&#xD;
    </textblock>
  </brief_summary>
  <detailed_description>
    <textblock>
      In late December 2019, several local health facilities reported clusters of patients with&#xD;
      pneumonia of unknown cause that were epidemiologically linked to a seafood and wet animal&#xD;
      wholesale market in Wuhan, Hubei Province, China. It is now confirmed that the etiology of&#xD;
      this outbreak is a novel coronavirus, namely, 2019-nCoV. Of critical importance is rapid and&#xD;
      simple diagnostic method to be used in clinical settings to timely inform and refine&#xD;
      strategies that can prevent, control, and stop the spread of 2019-nCoV. Recombinase aided&#xD;
      amplification (RAA) assay is a novel isothermal nucleic acid amplification technique in&#xD;
      recent years, which has a variety of the advantages including high specificity and&#xD;
      sensitivity, rapid detection (30 min), low cost, low equipment requirements and simple&#xD;
      operation. The investigators has successfully detected a variety of pathogens using this&#xD;
      technique. To develop a RAA assay for 2019-nCoV with the advantages of high speed, simple&#xD;
      operation and low cost, and overcomes the shortcomings of the existing molecular detection&#xD;
      methods. The investigators established a real time reverse-transcription RAA (RT-RAA) assay&#xD;
      for detection of 2019-nCoV. This assay was performed at 42°C within 30min using a portable&#xD;
      real-time fluorescence detector, Recombinant plasmids containing conserved ORF1ab genes was&#xD;
      used to analyze the specificity and sensitivity. Clinical specimens from patients who were&#xD;
      suspected of being infected with 2019-nCoV were used to evaluate the performance of the&#xD;
      assay. In parallel, The investigators also used the commercial RT-qPCR assay kit for&#xD;
      2019-nCoV as a reference. Patients who were suspected of being infected with 2019-nCoV in the&#xD;
      hospital.&#xD;
    </textblock>
  </detailed_description>
  <overall_status>Recruiting</overall_status>
  <start_date type="Actual">January 1, 2020</start_date>
  <completion_date type="Anticipated">December 31, 2020</completion_date>
  <primary_completion_date type="Anticipated">December 31, 2020</primary_completion_date>
  <study_type>Observational</study_type>
  <has_expanded_access>No</has_expanded_access>
  <study_design_info>
    <observational_model>Cohort</observational_model>
    <time_perspective>Prospective</time_perspective>
  </study_design_info>
  <primary_outcome>
    <measure>Detection sensitivity is greater than 95%</measure>
    <time_frame>at baseline</time_frame>
    <description>Detection sensitivity is greater than 95%</description>
  </primary_outcome>
  <primary_outcome>
    <measure>Detection specificity is greater than 95%</measure>
    <time_frame>at baseline</time_frame>
    <description>Detection specificity is greater than 95%</description>
  </primary_outcome>
  <secondary_outcome>
    <measure>Consistent with existing universal reagent detection rates greater than 95%</measure>
    <time_frame>at baseline</time_frame>
    <description>Consistent with existing universal reagent detection rates greater than 95%</description>
  </secondary_outcome>
  <number_of_groups>1</number_of_groups>
  <enrollment type="Anticipated">50</enrollment>
  <condition>New Coronavirus</condition>
  <arm_group>
    <arm_group_label>RAA assay for 2019-nCoV</arm_group_label>
    <description>a simple, fast and portable recombinase aided amplification (RAA) assay for 2019-nCoV</description>
  </arm_group>
  <intervention>
    <intervention_type>Diagnostic Test</intervention_type>
    <intervention_name>Recombinase aided amplification (RAA) assay</intervention_name>
    <description>We established a real time reverse-transcription RAA (RT-RAA) assay for detection of 2019-nCoV. This assay was performed at 42°C within 30min using a portable real-time fluorescence detector, Recombinant plasmids containing conserved ORF1ab genes was used to analyze the specificity and sensitivity. Clinical specimens from patients who were suspected of being infected with 2019-nCoV were used to evaluate the performance of the assay. In parallel, we also used the commercial RT-qPCR assay kit for 2019-nCoV as a reference. Sample types include either of nasal swab, oral swab, bronchoalveolar-lavage fluid, urea, blood, fecal.</description>
    <arm_group_label>RAA assay for 2019-nCoV</arm_group_label>
  </intervention>
  <eligibility>
    <study_pop>
      <textblock>
        Patients who were suspected of being infected with 2019-nCoV in the hospital.&#xD;
      </textblock>
    </study_pop>
    <sampling_method>Probability Sample</sampling_method>
    <criteria>
      <textblock>
        Inclusion Criteria:&#xD;
&#xD;
          -  1. Suspected cases (formerly observed cases)&#xD;
&#xD;
        Meet the following 2 at the same time:&#xD;
&#xD;
        Epidemiological history There was a history of travel or residence in Wuhan within two&#xD;
        weeks before the onset of illness; or patients who had had fever from Wuhan with&#xD;
        respiratory symptoms within 14 days before the onset of illness, or had clustered onset.&#xD;
&#xD;
        Clinical manifestations&#xD;
&#xD;
          1. fever;&#xD;
&#xD;
          2. It has the imaging characteristics of pneumonia mentioned above;&#xD;
&#xD;
          3. The total number of white blood cells is normal or decreased, or the lymphocyte count&#xD;
             is decreased in the early stage of onset.&#xD;
&#xD;
               -  2. confirmed cases On the basis of meeting the criteria for suspected cases,&#xD;
                  sputum, throat swabs, lower respiratory tract secretions, and other specimens&#xD;
                  were tested by real-time fluorescent RT-PCR for positive nucleic acid detection&#xD;
                  of new coronavirus; or viral gene sequencing was highly homologous with known new&#xD;
                  coronaviruses.&#xD;
&#xD;
        Exclusion Criteria:&#xD;
&#xD;
          -  1. Influenza virus, parainfluenza virus, adenovirus, respiratory syncytial virus,&#xD;
             rhinovirus, human metapneumovirus, SARS coronavirus, and other known other viral&#xD;
             pneumonia;&#xD;
&#xD;
          -  2. Mycoplasma pneumoniae, chlamydia pneumonia, and bacterial pneumonia; non-infectious&#xD;
             diseases such as vasculitis, dermatomyositis, and organizing pneumonia.&#xD;
      </textblock>
    </criteria>
    <gender>All</gender>
    <minimum_age>1 Year</minimum_age>
    <maximum_age>90 Years</maximum_age>
    <healthy_volunteers>No</healthy_volunteers>
  </eligibility>
  <overall_official>
    <last_name>Yao Xie, Doctor</last_name>
    <role>Principal Investigator</role>
    <affiliation>Department of Hepatology, Division 2, Beijing Ditan Hospital</affiliation>
  </overall_official>
  <overall_contact>
    <last_name>Yao Xie, Doctor</last_name>
    <phone>8610-84322200</phone>
    <phone_ext>2489</phone_ext>
    <email>xieyao00120184@sina.com</email>
  </overall_contact>
  <overall_contact_backup>
    <last_name>Xuejun Ma, phD</last_name>
    <phone>+86 10 58900810</phone>
    <email>maxj2004@aliyun.com</email>
  </overall_contact_backup>
  <location>
    <facility>
      <name>Department of Hepatology Division 2, Beijing Ditan Hospital</name>
      <address>
        <city>Beijing</city>
        <state>Beijing</state>
        <zip>100015</zip>
        <country>China</country>
      </address>
    </facility>
    <status>Recruiting</status>
    <contact>
      <last_name>Yao Xie, Doctor</last_name>
      <phone>8610-84322200</phone>
      <phone_ext>2489</phone_ext>
      <email>xieyao00120184@sina.com</email>
    </contact>
    <contact_backup>
      <last_name>Xuejun Ma, phD</last_name>
      <phone>+86 10 58900810</phone>
      <email>maxj2004@aliyun.com</email>
    </contact_backup>
  </location>
  <location_countries>
    <country>China</country>
  </location_countries>
  <verification_date>April 2020</verification_date>
  <study_first_submitted>January 26, 2020</study_first_submitted>
  <study_first_submitted_qc>January 26, 2020</study_first_submitted_qc>
  <study_first_posted type="Actual">January 29, 2020</study_first_posted>
  <last_update_submitted>April 9, 2020</last_update_submitted>
  <last_update_submitted_qc>April 9, 2020</last_update_submitted_qc>
  <last_update_posted type="Actual">April 10, 2020</last_update_posted>
  <responsible_party>
    <responsible_party_type>Principal Investigator</responsible_party_type>
    <investigator_affiliation>Beijing Ditan Hospital</investigator_affiliation>
    <investigator_full_name>Yao Xie</investigator_full_name>
    <investigator_title>Director of the Second Division of Liver Diseases</investigator_title>
  </responsible_party>
  <keyword>recombinase aided amplification assay</keyword>
  <keyword>2019-nCoV</keyword>
  <keyword>diagnosis</keyword>
  <keyword>Specificity</keyword>
  <keyword>Sensitivity</keyword>
  <condition_browse>
    <!-- CAUTION:  The following MeSH terms are assigned with an imperfect algorithm            -->
    <mesh_term>Coronavirus Infections</mesh_term>
  </condition_browse>
  <!-- Results have not yet been posted for this study                                          -->
</clinical_study>

