<?xml version="1.0" encoding="UTF-8"?>
<clinical_study rank="1052">
  <!-- This xml conforms to an XML Schema at:
    https://clinicaltrials.gov/ct2/html/images/info/public.xsd -->
  <required_header>
    <download_date>ClinicalTrials.gov processed this data on February 18, 2021</download_date>
    <link_text>Link to the current ClinicalTrials.gov record.</link_text>
    <url>https://clinicaltrials.gov/show/NCT04656444</url>
  </required_header>
  <id_info>
    <org_study_id>20-HPNCL-03</org_study_id>
    <nct_id>NCT04656444</nct_id>
  </id_info>
  <brief_title>Parental Compliance After Telephone Triage Advice During and After Confinement During the COVID-19 Epidemic in France</brief_title>
  <acronym>COVIDTEL</acronym>
  <official_title>Parental Compliance After Telephone Triage Advice During and After Confinement During the COVID-19 Epidemic in France</official_title>
  <sponsors>
    <lead_sponsor>
      <agency>Fondation Lenval</agency>
      <agency_class>Other</agency_class>
    </lead_sponsor>
  </sponsors>
  <source>Fondation Lenval</source>
  <oversight_info>
    <has_dmc>No</has_dmc>
    <is_fda_regulated_drug>No</is_fda_regulated_drug>
    <is_fda_regulated_device>No</is_fda_regulated_device>
  </oversight_info>
  <brief_summary>
    <textblock>
      Novel Coronavirus disease 2019 (COVID-19) outbreak seriously challenges worldwide health care&#xD;
      systems. The current climate of anxiety due to COVID-19 and home confinement limiting access&#xD;
      to emergency departments (ED) have induced an increase of phone calls to the emergency call&#xD;
      center &quot;15&quot; medical advices.&#xD;
&#xD;
      To determine if a pediatric telephone triage protocol may improve patient's pathways during&#xD;
      COVID-19 outbreak, parental compliance is assessed after telephone advice, during and after&#xD;
      home confinement (the end of home confinement in France was on May 11th 2020).&#xD;
&#xD;
      From 14th April 2020 to 7th June 2020, all calls received by the platform of telephone calls&#xD;
      at Children's Lenval Hospital during open hours and open days are collected. For each call,&#xD;
      symptoms are recorded by trained physicians and trained residents using a telephonic triage&#xD;
      tool through a directed interview. A medical orientation is recommended to parents at the end&#xD;
      of their call. Follow-up are conducted 2 to 4 days after with their consent by telephone&#xD;
      interview in order to evaluate their compliance&#xD;
    </textblock>
  </brief_summary>
  <detailed_description>
    <textblock>
      Novel Coronavirus disease 2019 (COVID-19) outbreak seriously challenges worldwide health care&#xD;
      systems. The current climate of anxiety due to COVID-19 and home confinement limiting access&#xD;
      to emergency departments (ED) have induced an increase of phone calls to the emergency call&#xD;
      center &quot;15&quot; for medical advices.&#xD;
&#xD;
      So far, Lenval Hospital pediatric ED didn't have a standardized telephonic triage protocol&#xD;
      fitted to COVID-19 epidemic. Therefore, a telephonic triage tool is created as a decision&#xD;
      support system in order to help physicians in regulating patient's pathways and in providing&#xD;
      standardized medical advices.&#xD;
&#xD;
      To determine whether a pediatric telephone triage protocol may improve patient's orientation&#xD;
      during COVID outbreak, parental compliance is assessed after telephone advice, during and&#xD;
      after home confinement (the date of end of home confinement in France is 11th May 2020).&#xD;
&#xD;
      From 14th April 2020 to 7th June 2020, all calls received by the platform of telephone calls&#xD;
      at Children's Lenval Hospital during open hours and open days are collected. For each call,&#xD;
      symptoms are recorded by trained physicians and trained residents of the pediatric emergency&#xD;
      department (PED) using a telephonic triage tool through a directed interview. A medical&#xD;
      orientation is recommended to parents at the end of their call. Follow-up are conducted 2 to&#xD;
      4 days after with their consent by telephone interview in order to evaluate their compliance.&#xD;
      Whatever the medical orientation given to parents, the investigators were able to visit PED&#xD;
      in case of worsening of their child's condition or whenever they would feel the need a&#xD;
      physical examination&#xD;
&#xD;
      Questioning parents about clinical condition of their child without a clinical look is&#xD;
      challenging: on the one hand, clinical status of any sick child may change quickly; In the&#xD;
      other hand, parents may not be reliable in evaluating their child's condition according to&#xD;
      their level of concern. COVID-19 outbreak context may exacerbate parental anxiety and&#xD;
      therefore induce inappropriate behavior.&#xD;
&#xD;
      Parents was considered as &quot;non compliant&quot; if they haven't followed the orientation initially&#xD;
      given by the physician after telephone triage. They was considered as &quot;compliant&quot; (1) if they&#xD;
      have respected the recommended orientation or (2) if they have had to bring their child at&#xD;
      pediatric emergencies because of a worsening of his condition in the next 48 hours of the&#xD;
      first call. In this specific case, to determine if the consultation at pediatric ED was&#xD;
      necessary, the investigators recorded all resources utilization used and final orientation&#xD;
      decided after visiting the ED. Thus, worsening of a child condition was defined as&#xD;
      prescription of any diagnostic act and/or on-site therapeutic and/or hospitalization.&#xD;
&#xD;
      This study would allow to evaluate the applicability and the utility of a formalized&#xD;
      telephone triage protocol fitted to COVID-19 epidemic, performed by trained medical staff in&#xD;
      a Children's Hospital. Consequently, the investigators would be able to extend its use after&#xD;
      the COVID outbreak period&#xD;
    </textblock>
  </detailed_description>
  <overall_status>Not yet recruiting</overall_status>
  <start_date type="Anticipated">April 2021</start_date>
  <completion_date type="Anticipated">June 2021</completion_date>
  <primary_completion_date type="Anticipated">June 2021</primary_completion_date>
  <study_type>Observational [Patient Registry]</study_type>
  <has_expanded_access>No</has_expanded_access>
  <study_design_info>
    <observational_model>Cohort</observational_model>
    <time_perspective>Prospective</time_perspective>
  </study_design_info>
  <target_duration>4 Days</target_duration>
  <primary_outcome>
    <measure>parental compliance</measure>
    <time_frame>at 24 hours post inclusion</time_frame>
    <description>Compliance will be assessed by comparing the path defined by the doctor during the phone call and the orientation actually decided by the parents within 24 hours of the first phone call.</description>
  </primary_outcome>
  <secondary_outcome>
    <measure>parental anxiety</measure>
    <time_frame>at 24 hours post inclusion</time_frame>
    <description>The impact of advice given during a phone call on parental anxiety is assessed by comparing the level of anxiety between the first and second call (scale of 1, (not worried) to 5 (worried) )</description>
  </secondary_outcome>
  <number_of_groups>1</number_of_groups>
  <enrollment type="Anticipated">250</enrollment>
  <condition>Covid19</condition>
  <arm_group>
    <arm_group_label>phone call to emergency department</arm_group_label>
  </arm_group>
  <eligibility>
    <study_pop>
      <textblock>
        patients calling the emergency department during working hours and days: Monday to Friday&#xD;
        from 8:30 a.m. to 6:30 p.m. and Saturday morning between 8:30 a.m. and 12:30 p.m.&#xD;
      </textblock>
    </study_pop>
    <sampling_method>Non-Probability Sample</sampling_method>
    <criteria>
      <textblock>
        Inclusion Criteria:&#xD;
&#xD;
        Calls received by the platform of telephone calls at Children's Lenval Hospital on working&#xD;
        days during working hours: Monday to Friday, 08h30-18h30, and Saturday 08h30-12h30&#xD;
&#xD;
        Exclusion Criteria:&#xD;
&#xD;
        Calls received during the weekends or holidays. Calls received outside working hours.&#xD;
      </textblock>
    </criteria>
    <gender>All</gender>
    <minimum_age>N/A</minimum_age>
    <maximum_age>17 Years</maximum_age>
    <healthy_volunteers>No</healthy_volunteers>
  </eligibility>
  <overall_contact>
    <last_name>Antoine TRAN, MD</last_name>
    <phone>492030442</phone>
    <phone_ext>+33</phone_ext>
    <email>tran.a@pediatrie-chulenval-nice.fr</email>
  </overall_contact>
  <location>
    <facility>
      <name>Hôpitaux Pédiatrique de Nice CHU Lenval</name>
      <address>
        <city>Nice</city>
        <country>France</country>
      </address>
    </facility>
    <contact>
      <last_name>Antoine TRAN, MD</last_name>
      <phone>492030442</phone>
      <phone_ext>+33</phone_ext>
      <email>tran.a@pediatrie-chulenval-nice.fr</email>
    </contact>
    <investigator>
      <last_name>Antoine TRAN</last_name>
      <role>Principal Investigator</role>
    </investigator>
  </location>
  <location_countries>
    <country>France</country>
  </location_countries>
  <verification_date>February 2021</verification_date>
  <study_first_submitted>December 4, 2020</study_first_submitted>
  <study_first_submitted_qc>December 4, 2020</study_first_submitted_qc>
  <study_first_posted type="Actual">December 7, 2020</study_first_posted>
  <last_update_submitted>February 2, 2021</last_update_submitted>
  <last_update_submitted_qc>February 2, 2021</last_update_submitted_qc>
  <last_update_posted type="Actual">February 5, 2021</last_update_posted>
  <responsible_party>
    <responsible_party_type>Sponsor</responsible_party_type>
  </responsible_party>
  <!-- Results have not yet been posted for this study                                          -->
</clinical_study>

