<?xml version="1.0" encoding="UTF-8"?>
<clinical_study rank="4438">
  <!-- This xml conforms to an XML Schema at:
    https://clinicaltrials.gov/ct2/html/images/info/public.xsd -->
  <required_header>
    <download_date>ClinicalTrials.gov processed this data on February 18, 2021</download_date>
    <link_text>Link to the current ClinicalTrials.gov record.</link_text>
    <url>https://clinicaltrials.gov/show/NCT04615741</url>
  </required_header>
  <id_info>
    <org_study_id>2020-096</org_study_id>
    <nct_id>NCT04615741</nct_id>
  </id_info>
  <brief_title>Finding Wellness in the Pandemic</brief_title>
  <official_title>Improving Health and Wellness During COVID-19</official_title>
  <sponsors>
    <lead_sponsor>
      <agency>University of Lethbridge</agency>
      <agency_class>Other</agency_class>
    </lead_sponsor>
  </sponsors>
  <source>University of Lethbridge</source>
  <oversight_info>
    <has_dmc>No</has_dmc>
    <is_fda_regulated_drug>No</is_fda_regulated_drug>
    <is_fda_regulated_device>No</is_fda_regulated_device>
  </oversight_info>
  <brief_summary>
    <textblock>
      There is an immediate need for population-level intervention research to address the impacts&#xD;
      of the coronavirus disease 2019 (COVID-19) pandemic and its containment measures on mental&#xD;
      health and substance use (MHSU). While online programs are available to address these issues,&#xD;
      they are often delivered in an asynchronous format with relatively low therapist or health&#xD;
      coaching guidance. As highlighted by a recent systematic review, positive outcomes for online&#xD;
      mental health programs are tied to the intensity of therapist or coaching guidance, which&#xD;
      increases cost and reduces population access to more effective online options. A way to&#xD;
      offset cost while maintaining effectiveness is to offer MHSU programs to groups online,&#xD;
      rather than individually. In 2019, the investigators launched an RCT to test&#xD;
      gender-stratified group interventions to address MHSU among community-based Indigenous and&#xD;
      non-Indigenous adults in southern Alberta. The investigators implemented the interventions&#xD;
      with more than 200 adults before the study was paused due to COVID-19.&#xD;
    </textblock>
  </brief_summary>
  <detailed_description>
    <textblock>
      The primary objective of this project is to adapt two existing mental health and substance&#xD;
      use interventions and RCT for online delivery, COVID-19 impacts, and province-wide spread.&#xD;
      The second objective is to test if an online group body-oriented intervention&#xD;
      (trauma-sensitive yoga) that has been designed to increase awareness of physical sensations,&#xD;
      is superior to an online group verbal narrative intervention (mental wellness talking&#xD;
      circle), and to control group. The investigators theorize that the body-oriented intervention&#xD;
      may offer the opportunity to reprogram automatic physiologic hyperarousal in response to&#xD;
      COVID-19 triggers and increase positive body awareness, and mindful attention to the ways in&#xD;
      which habitual self-protective behaviours like substance use may be impacting health. The&#xD;
      third objective is to examine the impacts of the interventions on adults with pre-existing&#xD;
      MHSU issues, and those with previous experiences that may make them more susceptible to MHSU&#xD;
      problems during COVID-19. The investigators will track other supports the participants engage&#xD;
      during the study and the perceived impacts of these supports on the outcomes with the goal of&#xD;
      shedding light on how to best match COVID-19 related services to adults who need them the&#xD;
      most.&#xD;
    </textblock>
  </detailed_description>
  <overall_status>Recruiting</overall_status>
  <start_date type="Anticipated">November 1, 2020</start_date>
  <completion_date type="Anticipated">April 30, 2021</completion_date>
  <primary_completion_date type="Anticipated">February 28, 2021</primary_completion_date>
  <phase>N/A</phase>
  <study_type>Interventional</study_type>
  <has_expanded_access>No</has_expanded_access>
  <study_design_info>
    <allocation>Randomized</allocation>
    <intervention_model>Parallel Assignment</intervention_model>
    <primary_purpose>Treatment</primary_purpose>
    <masking>None (Open Label)</masking>
  </study_design_info>
  <primary_outcome>
    <measure>Changes in Tobacco Use</measure>
    <time_frame>Baseline, Mid-point (4-weeks), Post-intervention (8-weeks), 3-month Follow Up</time_frame>
    <description>Participants will be asked to self-report if tobacco use has changed during the pandemic via a 5-point likert. Options range from increased a lot to decreased a lot. If participants indicate their tobacco use has changed, they will be asked to identify the primary reason for this change. Changes in tobacco use will be re-assessed at each time point.</description>
  </primary_outcome>
  <primary_outcome>
    <measure>Changes in Alcohol Use</measure>
    <time_frame>Baseline, Mid-point (4-weeks), Post-intervention (8-weeks), 3-month Follow Up</time_frame>
    <description>Past year alcohol consumption will be assessed through the Alcohol Use Disorder Identification Test (AUDIT). Scores on the AUDIT range from 0 to 40; a score over 8 is indicative of problematic or hazardous alcohol use. Changes in alcohol consumption since the beginning of the pandemic will be identified through a 5-point likert. Changes in alcohol use will be re-assessed at each time point.</description>
  </primary_outcome>
  <primary_outcome>
    <measure>Changes in Drug Use</measure>
    <time_frame>Baseline, Mid-point (4-weeks), Post-intervention (8-weeks), 3-month Follow Up</time_frame>
    <description>Past year drug use will be assessed through the Drug Use Disorders Identification Test (DUDIT). Possible scores on the DUDIT range from 0 to 44; scores greater than 2 or 6 are indicative of risky or harmful drug habits for women and men, respectively. A score of 25 or more suggests the individual is probably heavily dependent on drugs. Participants will also be asked to identify which drugs they currently use, the main reasons for using drugs, and whether their drug use has changed during the pandemic. Changes in drug use will be re-assessed at each time point.</description>
  </primary_outcome>
  <primary_outcome>
    <measure>Changes in Gambling</measure>
    <time_frame>Baseline, Mid-point (4-weeks), Post-intervention (8-weeks), 3-month Follow Up</time_frame>
    <description>Gambling will be assessed via the 9-item Problem Gambling Severity Index (PGSI). The items are measured on a 5-point likert with frequencies from &quot;less than once a month&quot; to &quot;daily or almost daily&quot;. A cut-score ≥5 will be used (lower scores indicative of non-problem gambling); the PGSI has a high internal consistency (α = 0.86) and is considered the measure of choice for non-clinical use.</description>
  </primary_outcome>
  <primary_outcome>
    <measure>Changes in Post-Traumatic Stress Symptoms</measure>
    <time_frame>Baseline, Mid-point (4-weeks), Post-intervention (8-weeks), 3-month Follow Up</time_frame>
    <description>A revised version of the Primary Care - Post Traumatic Stress Disorder - 5 (PC-PTSD-5) scale will be assessed to determine experiences of trauma in relation to COVID-19. The scale was revised to specifically ask about COVID-19. Scores range from 0 (no risk) to 5 (high risk). A cut-score of 3 will be used to differentiate high- and low-risk scores. The PC-PTSD has good sensitivity (r = 0.78) and sensitivity (r = 0.87).</description>
  </primary_outcome>
  <primary_outcome>
    <measure>Changes in Depression Symptoms</measure>
    <time_frame>Baseline, Mid-point (4-weeks), Post-intervention (8-weeks), 3-month Follow Up</time_frame>
    <description>Depression will be screened using the 10-item Centre for Epidemiological Studies Depression Scale (CES-D-10). The CES-D-10 is a short self-report scale to measure depressive symptoms in a general population. Psychometric evaluation has shown the CES-D-10 to have high internal consistency, though with variability across populations (Cronbach's α = 0.71 to 0.90) and good construct validity (r = 0.78).</description>
  </primary_outcome>
  <primary_outcome>
    <measure>Changes in Anxiety Symptoms</measure>
    <time_frame>Baseline, Mid-point (4-weeks), Post-intervention (8-weeks), 3-month Follow Up</time_frame>
    <description>The 6-item State-Trait Anxiety Inventory (STAI-6) will be used to measure anxiety reflective of both adverse situations (state anxiety) and personality traits associated with higher levels of anxiety (trait anxiety). STAI-6 produces scores like its longer 20-item version, showing good reliability (Cronbach's α = 0.82) with sensitivity to differing degrees of anxiety. Possible scores range from 20 to 80; &quot;normal scores&quot; range from 34 to 36. Higher scores represent higher amount of anxiety.</description>
  </primary_outcome>
  <secondary_outcome>
    <measure>Changes in Eating Behaviour</measure>
    <time_frame>Baseline, Mid-point (4-weeks), Post-intervention (8-weeks), 3-month Follow Up</time_frame>
    <description>Changes in eating behaviours will be assessed by questions asking if food consumption and unhealthy food consumption have changed since the onset of the pandemic via a 5-point likert scale (increased a lot to decreased a lot). If participants indicate they have changed their food consumption, a qualitative question will ask them to describe why they think their behaviour has changed.</description>
  </secondary_outcome>
  <secondary_outcome>
    <measure>Changes in Sleeping Behaviour</measure>
    <time_frame>Baseline, Mid-point (4-weeks), Post-intervention (8-weeks), 3-month Follow Up</time_frame>
    <description>Participants will be asked to rate how the quantity and quality of their sleep has changed since the pandemic started via 5-point likert scales (increased a lot to decreased a lot).</description>
  </secondary_outcome>
  <secondary_outcome>
    <measure>Changes in Physical Activity</measure>
    <time_frame>Baseline, Mid-point (4-weeks), Post-intervention (8-weeks), 3-month Follow Up</time_frame>
    <description>Physical activity will be assessed through the International Physical Activity Questionnaire - Short Form. The questionnaire asks about frequency and duration of vigorous (VPA) and moderate physical activity (MPA) over the past 7 days. Weekly Metabolic Equivalents (MET) minutes will be calculated based on responses. Participants will be categorized into high (&gt;1500 MET min/week with 3+ days of VPA or &gt;3000 METmin/week with 7+ days of MVPA); medium (5+ days of 20+ minutes of VPA per day, 5+ days with 30+ minutes of MPA per day, or 5+ days of MVPA that achieves 600+ MET min/week); low (participant does not meet other cut points).&#xD;
Frequency and duration of walking and sitting time are also assessed. The IPAQ has good reliability and criterion validity. Participants will also be asked if their PA and sedentary behaviour levels have changed during the pandemic (5-point likert; options: increased a lot to decreased a lot).</description>
  </secondary_outcome>
  <secondary_outcome>
    <measure>Changes in Resilience</measure>
    <time_frame>Baseline, Mid-point (4-weeks), Post-intervention (8-weeks), 3-month Follow Up</time_frame>
    <description>The 10-item Connor-Davidson Resilience Scale (CD-RISC 10) is a widely used measure to assess self-perceived resilience. Evaluations of the CD-RISC 10 have shown good internal consistency (Cronbach's α = 0.85), a strong positive association with the longer 25-item CD-RISC (r = 0.92). Scores range from 0 to 40; a higher score is indicative of higher resilience.</description>
  </secondary_outcome>
  <secondary_outcome>
    <measure>Changes in Self-Esteem</measure>
    <time_frame>Baseline, Mid-point (4-weeks), Post-intervention (8-weeks), 3-month Follow Up</time_frame>
    <description>Self-esteem will be measured using the 10-item Rosenberg Self Esteem Scale. The scale is a widely used measure that correlates well with other measures of self-esteem and has strong internal consistency (0.92) and test-retest reliability (0.88). Scores range from 4 to 40; a higher score indicates higher self esteem. Participants will also be asked how their self-esteem has changed since the beginning of the pandemic.</description>
  </secondary_outcome>
  <secondary_outcome>
    <measure>Changes in Loneliness</measure>
    <time_frame>Baseline, Mid-point (4-weeks), Post-intervention (8-weeks), 3-month Follow Up</time_frame>
    <description>Loneliness will be evaluated using a shortened (3 item) version of the UCLA Loneliness Scale. This scale asks about feelings of companionship, being left out, and being isolated from others in the last month, with a 3-item list of answer options (hardly ever, some of the time, often). This scale has good reliability (r = 0.73), validity, and internal consistency (Cronbach's α = 0.84-0.94). The scale also showed convergent validity with other commonly used measures of loneliness. Scores range from 1 to 9; higher scores indicate higher levels of loneliness.</description>
  </secondary_outcome>
  <secondary_outcome>
    <measure>Changes in Dissociative Experiences</measure>
    <time_frame>Baseline, Mid-point (4-weeks), Post-intervention (8-weeks), 3-month Follow Up</time_frame>
    <description>The Brief Dissociative Experiences Scale is an 8-item tool that assesses the severity of dissociative experiences in adults. The scale items are summed and averaged to describe the severity of dissociative experiences as none (0), mild (1), moderate (2), severe (3), or extreme (4). The brief scale was found to be reliable, easy to use, and clinically useful in the DSM-5 Field Trials. Scores range from 0 to 32; a higher score indicates a greater severity of dissociative experiences.</description>
  </secondary_outcome>
  <other_outcome>
    <measure>Changes in Coping Strategies</measure>
    <time_frame>Baseline, Mid-point (4-weeks), Post-intervention (8-weeks), 3-month Follow Up</time_frame>
    <description>Coping strategies and perceived ability to cope during the pandemic will be assessed through four self-reported questions. Participants will be asked how well they are coping with the pandemic on a 5-point likert, options will range from 'excellent' to 'poor'. Participants will be asked to identify things that are helping them to cope from a list of 18 items. Current life satisfaction will be assessed with a single question with options ranging from &quot;very satisfied&quot; to &quot;very dissatisfied&quot;. Participants will also be asked to identify up to 3 things they wish they could change right now in their life.</description>
  </other_outcome>
  <other_outcome>
    <measure>Changes in Relationships and Belonging</measure>
    <time_frame>Baseline, Mid-point (4-weeks), Post-intervention (8-weeks), 3-month Follow Up</time_frame>
    <description>Participants will be asked to self-report feelings of belonging to their local and work communities. They will also be asked to self-report changes to the quality or stress associated with their romantic relationships and the presence of abuse.</description>
  </other_outcome>
  <number_of_arms>3</number_of_arms>
  <enrollment type="Anticipated">200</enrollment>
  <condition>Mental Health Wellness 1</condition>
  <condition>Addiction</condition>
  <condition>Stress, Psychological</condition>
  <condition>Covid19</condition>
  <arm_group>
    <arm_group_label>Trauma Informed Yoga</arm_group_label>
    <arm_group_type>Experimental</arm_group_type>
    <description>Participants will receive 8 x 60 min group-based yoga sessions, delivered synchronously over Zoom.</description>
  </arm_group>
  <arm_group>
    <arm_group_label>Trauma Informed Psychotherapy</arm_group_label>
    <arm_group_type>Experimental</arm_group_type>
    <description>Participants will receive 8 x 90 min group-based psychotherapy sessions, delivered synchronously over Zoom.</description>
  </arm_group>
  <arm_group>
    <arm_group_label>Control</arm_group_label>
    <arm_group_type>No Intervention</arm_group_type>
    <description>These participants will not receive an intervention.</description>
  </arm_group>
  <intervention>
    <intervention_type>Behavioral</intervention_type>
    <intervention_name>Trauma Informed Yoga</intervention_name>
    <description>One licensed yoga instructor, trained in trauma-informed yoga delivery, will lead the online sessions. Participants will be instructed to engage in the class from a mat or chair in their home or move between them as the class unfolds. The instructor will begin the class by introducing the week's theme (e.g. grounding and safety, non-attachment, imprints of the past and impacts on our reactions to COVID-19, connection to nature), followed by a breath practice (10 min), a yoga practice (50 min), a meditation practice (10 min), and closing words (10 min).</description>
    <arm_group_label>Trauma Informed Yoga</arm_group_label>
  </intervention>
  <intervention>
    <intervention_type>Behavioral</intervention_type>
    <intervention_name>Trauma Informed Psychotherapy</intervention_name>
    <description>Two licensed counsellors (MSW-trained) will co-facilitate the online version of this program. Facilitators will begin the session by introducing the week's theme (e.g. setting goals while working from home, being mindful, health coping) (10 min), followed by a lecture and activity to integrate learning (e.g. large and small group discussion using Zoom break out rooms, journaling) (70 min), and closing words (10 min).</description>
    <arm_group_label>Trauma Informed Psychotherapy</arm_group_label>
  </intervention>
  <eligibility>
    <criteria>
      <textblock>
        Inclusion Criteria:&#xD;
&#xD;
          -  Women between 18-75 years living in Alberta, Canada&#xD;
&#xD;
          -  Need to have reliable access to the internet, a device with a webcam for the next 2&#xD;
             months&#xD;
&#xD;
          -  Need to self-identify that they are currently struggling with at least one of: stress&#xD;
             eating, alcohol use, drug use, tobacco use, or gambling during the pandemic&#xD;
&#xD;
        Exclusion Criteria:&#xD;
&#xD;
          -  Non-community dwelling&#xD;
&#xD;
          -  Do not currently reside within Alberta, Canada&#xD;
      </textblock>
    </criteria>
    <gender>Female</gender>
    <minimum_age>18 Years</minimum_age>
    <maximum_age>75 Years</maximum_age>
    <healthy_volunteers>Accepts Healthy Volunteers</healthy_volunteers>
  </eligibility>
  <overall_official>
    <last_name>Cheryl Currie, PhD</last_name>
    <role>Principal Investigator</role>
    <affiliation>University of Lethbridge</affiliation>
  </overall_official>
  <overall_contact>
    <last_name>Cheryl Currie, PhD</last_name>
    <phone>403-332-4060</phone>
    <email>cheryl.currie@uleth.ca</email>
  </overall_contact>
  <location>
    <facility>
      <name>University of Lethbridge</name>
      <address>
        <city>Lethbridge</city>
        <state>Alberta</state>
        <zip>T1K 3M4</zip>
        <country>Canada</country>
      </address>
    </facility>
    <status>Recruiting</status>
    <contact>
      <last_name>Cheryl Currie, PhD</last_name>
      <phone>4033324060</phone>
      <email>cheryl.currie@uleth.ca</email>
    </contact>
  </location>
  <location_countries>
    <country>Canada</country>
  </location_countries>
  <verification_date>November 2020</verification_date>
  <study_first_submitted>October 29, 2020</study_first_submitted>
  <study_first_submitted_qc>October 29, 2020</study_first_submitted_qc>
  <study_first_posted type="Actual">November 4, 2020</study_first_posted>
  <last_update_submitted>November 6, 2020</last_update_submitted>
  <last_update_submitted_qc>November 6, 2020</last_update_submitted_qc>
  <last_update_posted type="Actual">November 10, 2020</last_update_posted>
  <responsible_party>
    <responsible_party_type>Principal Investigator</responsible_party_type>
    <investigator_affiliation>University of Lethbridge</investigator_affiliation>
    <investigator_full_name>Cheryl Currie</investigator_full_name>
    <investigator_title>Associate Professor</investigator_title>
  </responsible_party>
  <condition_browse>
    <!-- CAUTION:  The following MeSH terms are assigned with an imperfect algorithm            -->
    <mesh_term>Stress, Psychological</mesh_term>
  </condition_browse>
  <patient_data>
    <sharing_ipd>Yes</sharing_ipd>
    <ipd_description>De-identified data relevant to the researcher's research question may be shared upon a reasonable request</ipd_description>
    <ipd_time_frame>After April 2021, for up to 10 years</ipd_time_frame>
    <ipd_access_criteria>Researchers must make a reasonable request to the PI</ipd_access_criteria>
  </patient_data>
  <!-- Results have not yet been posted for this study                                          -->
</clinical_study>

