<?xml version="1.0" encoding="UTF-8"?>
<clinical_study rank="1351">
  <!-- This xml conforms to an XML Schema at:
    https://clinicaltrials.gov/ct2/html/images/info/public.xsd -->
  <required_header>
    <download_date>ClinicalTrials.gov processed this data on February 18, 2021</download_date>
    <link_text>Link to the current ClinicalTrials.gov record.</link_text>
    <url>https://clinicaltrials.gov/show/NCT04415060</url>
  </required_header>
  <id_info>
    <org_study_id>2149</org_study_id>
    <nct_id>NCT04415060</nct_id>
  </id_info>
  <brief_title>SedAting With Volatile Anesthetics Critically Ill COVID-19 Patients in ICU: Effects On Ventilatory Parameters And Survival</brief_title>
  <acronym>SAVE-ICU</acronym>
  <official_title>SedAting With Volatile Anesthetics Critically Ill COVID-19 Patients in ICU: Effects On Ventilatory Parameters And Survival. Multicentre Open-label, Pragmatic, Randomized Controlled Trial and a Parallel Prospective (Non-randomized) Cohort Study</official_title>
  <sponsors>
    <lead_sponsor>
      <agency>Sunnybrook Health Sciences Centre</agency>
      <agency_class>Other</agency_class>
    </lead_sponsor>
  </sponsors>
  <source>Sunnybrook Health Sciences Centre</source>
  <oversight_info>
    <has_dmc>Yes</has_dmc>
    <is_fda_regulated_drug>No</is_fda_regulated_drug>
    <is_fda_regulated_device>No</is_fda_regulated_device>
  </oversight_info>
  <brief_summary>
    <textblock>
      Patients suffering lung failure, possibly from COVID-19 or hypoxic lung failure, will need&#xD;
      life-saving support from a breathing machine. Any patient needing this support requires drugs&#xD;
      to keep them sleepy, or &quot;sedated&quot; to be comfortable on this machine. Sedation is made&#xD;
      possible by using drugs given through a vein. Unfortunately, these drugs are in short supply&#xD;
      worldwide due to the high number of COVID-19 patients needing these machines.&#xD;
&#xD;
      Another way to provide sleep is by using gases that are breathed in. These are used every day&#xD;
      in operating rooms to perform surgery. These gases, also called &quot;inhaled agents&quot; can also be&#xD;
      used in intensive care units and may have several important benefits for patients and the&#xD;
      hospital. Research shows they may reduce swelling in the lung and increase oxygen levels,&#xD;
      which allows patients to recover faster and reduce the time spent on a breathing machine. In&#xD;
      turn, this allows the breathing machine to be used again for the next sick patient. These&#xD;
      drugs may also increase the number of patients who live through their illness. Inhaled agents&#xD;
      are widely available and their use could dramatically lesson the pressure on limited drug&#xD;
      supplies.&#xD;
&#xD;
      This research is a study being carried out in a number of hospitals that will compare how&#xD;
      well patients recover from these illnesses depending on which type of sedation drug they&#xD;
      receive. The plan is to evaluate the number who survive, their time spent on a breathing&#xD;
      machine and time in the hospital. This study may show immediate benefits and may provide a&#xD;
      cost effective and practical solution to the current challenges caring for patients and the&#xD;
      hospital space, equipment and drugs to the greatest benefit. Finally, this trial will be a&#xD;
      team of experts in sedation drugs who care for patients with proven or suspected COVID-19 who&#xD;
      need lifesaving treatments.&#xD;
    </textblock>
  </brief_summary>
  <detailed_description>
    <textblock>
      Multicentre open-label, pragmatic, randomized controlled trial and a parallel prospective&#xD;
      (non-randomized) cohort study conducted in ICUs and ICU enabled environments caring in&#xD;
      critically ill COVID-19 patients.&#xD;
&#xD;
      Participants will be adults who are mechanically ventilated with proven or suspected COVID-19&#xD;
      disease or suffering from hypoxic lung failure. All centres will be required to randomize&#xD;
      every available patient, as non-randomized participants can be entered into a parallel&#xD;
      prospective cohort study to try to obtain the maximum amount of information available from&#xD;
      the patients present to our ICUs.&#xD;
&#xD;
      There will be variable randomized ratios of 2:1 or 1:2 to either an intravenous based&#xD;
      sedation arm or an inhaled volatile-based sedation arm. This randomization will be dependent&#xD;
      on availability of sedative drugs for both arms. Patients who cannot be randomized (secondary&#xD;
      to technical or resource issues in some areas of the hospital) will receive intravenous or&#xD;
      inhaled sedation as able in their designated unit. Sedation will be administered according to&#xD;
      standard sedation practice and in keeping with current guidelines.&#xD;
&#xD;
      Participants will remain within their sedation arms until the primary care team decides to&#xD;
      stop sedation. Participants will be followed daily throughout their ICU stay for 30 days&#xD;
      after enrollment and then at death or hospital discharge (whichever occurs first).&#xD;
&#xD;
      Clinical information during ICU stay will be obtained from the patient chart, electronic&#xD;
      medical records, or hospital databases. Participants will be followed using a provincial or&#xD;
      hospital healthcare database to obtain survival, and hospital-free days at 60 days, 90 days&#xD;
      and 365 days after enrollment.&#xD;
&#xD;
      After hospital discharge, participants will be followed up at; 3 and 12 months to assess&#xD;
      quality of life using the EQ-5D; and to assess disability using the WHODAS 2.0.&#xD;
    </textblock>
  </detailed_description>
  <overall_status>Recruiting</overall_status>
  <start_date type="Actual">June 15, 2020</start_date>
  <completion_date type="Anticipated">June 15, 2023</completion_date>
  <primary_completion_date type="Anticipated">June 15, 2023</primary_completion_date>
  <phase>Phase 3</phase>
  <study_type>Interventional</study_type>
  <has_expanded_access>No</has_expanded_access>
  <study_design_info>
    <allocation>Randomized</allocation>
    <intervention_model>Parallel Assignment</intervention_model>
    <intervention_model_description>Multicentre open-label, pragmatic, randomized controlled trial and a parallel prospective (non-randomized) cohort study</intervention_model_description>
    <primary_purpose>Treatment</primary_purpose>
    <masking>None (Open Label)</masking>
  </study_design_info>
  <primary_outcome>
    <measure>Hospital Mortality</measure>
    <time_frame>2 years</time_frame>
    <description>Does the use of inhaled volatile anesthetic-based sedation regimen improve participant hospital mortality as compared to standard intravenous sedation regimen with a 10% difference between groups for 752 participants.</description>
  </primary_outcome>
  <primary_outcome>
    <measure>Ventilator-Free Days</measure>
    <time_frame>30 days</time_frame>
    <description>Does the use of inhaled volatile anesthetic-based sedation regimen improve participant ventilation outcomes after 30 days post enrollment, as compared to standard intravenous sedation regimen for 200 participants</description>
  </primary_outcome>
  <primary_outcome>
    <measure>ICU-Free Days</measure>
    <time_frame>30 days</time_frame>
    <description>Does the use of inhaled volatile anesthetic-based sedation regimen improve participant time spent in ICU, 30 days post enrollment, as compared to standard intravenous sedation regimen for 128 participants</description>
  </primary_outcome>
  <primary_outcome>
    <measure>Participant Quality of Life at 3 and 12 months after discharge</measure>
    <time_frame>365 days</time_frame>
    <description>Does the use of inhaled volatile anesthetic-based sedation regimen improve participant quality of life outcomes at 3 and 12 months post discharge as compared to standard intravenous sedation regimen for 144 participants. The EQ-5D questionnaire will be completed at both time points</description>
  </primary_outcome>
  <secondary_outcome>
    <measure>Median Daily Oxygenation</measure>
    <time_frame>3 days</time_frame>
    <description>To evaluate participant median daily oxygenation (PaO2/FiO2) at 3 days post enrollment</description>
  </secondary_outcome>
  <secondary_outcome>
    <measure>Delirium and Coma Free Days</measure>
    <time_frame>14 days</time_frame>
    <description>To evaluate the days alive and free from delirium and coma while in ICU for 14 days after enrollment</description>
  </secondary_outcome>
  <secondary_outcome>
    <measure>Adjunctive ARDS therapies</measure>
    <time_frame>30 days</time_frame>
    <description>To evaluate participant need for adjunctive ARDS therapies (prone, nitric oxide, paralysis, ECMO) during ICU stay</description>
  </secondary_outcome>
  <secondary_outcome>
    <measure>Hospital-Free Days</measure>
    <time_frame>60 days</time_frame>
    <description>To evaluate the number of hospital-free days for participants, 60 days after enrollment</description>
  </secondary_outcome>
  <secondary_outcome>
    <measure>Disability</measure>
    <time_frame>365 days</time_frame>
    <description>To evaluate participant disability at 3 and 12 months post discharge. The World Health Organization Disabiltity Assessment Score (WHODAS 2.0) will be completed at both timepoints. The scores assigned to each of the items - &quot;none&quot; (0), &quot;mild&quot; (1) &quot;moderate&quot; (2), &quot;severe&quot; (3) and &quot;extreme&quot; (4) - are summed. This method is referred to as simple scoring because the scores from each of the items are simply added up without recoding or collapsing of response categories; thus, there is no weighting of individual items.</description>
  </secondary_outcome>
  <secondary_outcome>
    <measure>Cost Utility Analysis</measure>
    <time_frame>365 days</time_frame>
    <description>Quality of Life (QALY) assessment to be calculated using the EQ-5D, comparison costs at 3 and 12 months post discharge, costs associated with hospital stay, devices and sedative costs</description>
  </secondary_outcome>
  <number_of_arms>3</number_of_arms>
  <enrollment type="Anticipated">752</enrollment>
  <condition>Covid19</condition>
  <arm_group>
    <arm_group_label>Inhaled - volatile anesthetic</arm_group_label>
    <arm_group_type>Experimental</arm_group_type>
    <description>The ICU patient will be randomized to either Isoflurane or Sevoflurane, whichever is available at the hospital. Dosage will be modified as per health care team guidance for the best treatment of the participant.</description>
  </arm_group>
  <arm_group>
    <arm_group_label>Standard Care</arm_group_label>
    <arm_group_type>No Intervention</arm_group_type>
    <description>The ICU patient will be randomized to standard of care, which is any IV sedation supplied by the hospital. Dosage will be modified as per health care team guidance for the best treatment of the participant.</description>
  </arm_group>
  <arm_group>
    <arm_group_label>Non-randomized</arm_group_label>
    <arm_group_type>No Intervention</arm_group_type>
    <description>In this arm, ICU patients who cannot be randomized will receive inhaled or IV sedation as per available in their unit. This is done to try to obtain the maximum amount of information available from the patients present to our ICUs.</description>
  </arm_group>
  <intervention>
    <intervention_type>Drug</intervention_type>
    <intervention_name>Isoflurane Inhalant Product</intervention_name>
    <description>Isoflurane will be administered using an inhalation device</description>
    <arm_group_label>Inhaled - volatile anesthetic</arm_group_label>
  </intervention>
  <intervention>
    <intervention_type>Drug</intervention_type>
    <intervention_name>Sevoflurane inhalant product</intervention_name>
    <description>Sevoflurane will be administered using an inhalation device</description>
    <arm_group_label>Inhaled - volatile anesthetic</arm_group_label>
  </intervention>
  <eligibility>
    <criteria>
      <textblock>
        Inclusion Criteria:&#xD;
&#xD;
          1. ≥ 18 years of age;&#xD;
&#xD;
          2. Mechanically ventilated and expected to remain mechanically ventilated at the end of&#xD;
             the next day;&#xD;
&#xD;
          3. Receiving IV sedation by infusion or bolus for ≤72 hours to facilitate mechanical&#xD;
             ventilation. Note: Intravenous sedation required to support mechanical ventilation&#xD;
             includes use of one or more of the following agents: benzodiazepines, propofol,&#xD;
             ketamine, barbiturates, alpha-2 agonist, opioids. Patients receiving intravenous&#xD;
             opioids only i.e., fentanyl ≥ 50mcg/hour, hydromorphone ≥ 0.4mg/hour (or bolus q1h)&#xD;
             for analgesia and sedation or agitation to assist mechanical ventilation are eligible&#xD;
             for inclusion.&#xD;
&#xD;
          4. a) Proven or suspected (under investigation) COVID-19, or b) COVID-19 negative&#xD;
             patients who have a PaO2FiO2 ratio ≤300 measured with arterial blood gas at least once&#xD;
             during the 12 hours prior to enrollment.&#xD;
&#xD;
        Exclusion Criteria:&#xD;
&#xD;
          1. Contraindications to sedatives, such as propofol infusion syndrome or malignant&#xD;
             hyperthermia;&#xD;
&#xD;
          2. Known allergy to any of the ingredients or components of the investigational products;&#xD;
             sevoflurane or isoflurane;&#xD;
&#xD;
          3. Suspect or evidence of high intracranial pressure;&#xD;
&#xD;
          4. Severe brain injury that is likely to lead to sustained very low conscious levels or&#xD;
             vegetative state;&#xD;
&#xD;
          5. Severe neuromuscular disorder for example amyotrophic lateral sclerosis, Gullian Barre&#xD;
             Syndrome that are the primary cause of needing ICU admission and mechanical&#xD;
             ventilation;&#xD;
&#xD;
          6. One-lung ventilation or pneumonectomy;&#xD;
&#xD;
          7. Ideal estimated tidal volume too low for delivery of inhaled agents. Target (6ml/kg) &lt;&#xD;
             200ml;&#xD;
&#xD;
          8. Use of inhaled prostacyclin which is contraindicated in the presence of a miniature&#xD;
             vaporizer (i.e., Anesthesia Conserving Device). This agent has a high viscosity that&#xD;
             leads to poor vaporization of the volatile agent. Note: Other inhaled pulmonary&#xD;
             vasodilators such as nitric oxide can be safely administered in the presence of&#xD;
             miniature vaporizers. Use of prostacyclin is permissible with an anesthesia machine&#xD;
             and MADM;&#xD;
&#xD;
          9. Known pregnancy&#xD;
      </textblock>
    </criteria>
    <gender>All</gender>
    <minimum_age>18 Years</minimum_age>
    <maximum_age>N/A</maximum_age>
    <healthy_volunteers>No</healthy_volunteers>
  </eligibility>
  <overall_contact>
    <last_name>Angela Jerath, MD</last_name>
    <phone>416.480.6100</phone>
    <email>angela.jerath@sunnybrook.ca</email>
  </overall_contact>
  <location>
    <facility>
      <name>University of Alberta Hospital</name>
      <address>
        <city>Edmonton</city>
        <state>Alberta</state>
        <zip>T6G 2B7</zip>
        <country>Canada</country>
      </address>
    </facility>
    <status>Not yet recruiting</status>
    <contact>
      <last_name>Oleksa Rewa, MD</last_name>
      <email>rewa@ualberta.ca</email>
    </contact>
    <investigator>
      <last_name>Oleksa Rewa, MD</last_name>
      <role>Principal Investigator</role>
    </investigator>
  </location>
  <location>
    <facility>
      <name>London Health Sciences Centre - University Hospital</name>
      <address>
        <city>London</city>
        <state>Ontario</state>
        <zip>N6A 5A5</zip>
        <country>Canada</country>
      </address>
    </facility>
    <status>Not yet recruiting</status>
    <contact>
      <last_name>Marat Slessarev, MD</last_name>
      <email>Marat.Slessarev@lhsc.on.ca</email>
    </contact>
    <investigator>
      <last_name>Marat Slessarev, MD</last_name>
      <role>Principal Investigator</role>
    </investigator>
  </location>
  <location>
    <facility>
      <name>London Health Sciences Centre - Victoria Hospital</name>
      <address>
        <city>London</city>
        <state>Ontario</state>
        <country>Canada</country>
      </address>
    </facility>
    <status>Recruiting</status>
    <contact>
      <last_name>Marat Slessarev, MD</last_name>
      <email>Marat.Slessarev@lhsc.on.ca</email>
    </contact>
    <investigator>
      <last_name>Marat Slessarav, MD</last_name>
      <role>Principal Investigator</role>
    </investigator>
    <investigator>
      <last_name>Claudio Martin, MD</last_name>
      <role>Sub-Investigator</role>
    </investigator>
  </location>
  <location>
    <facility>
      <name>Sunnybrook Health Sciences Centre</name>
      <address>
        <city>Toronto</city>
        <state>Ontario</state>
        <zip>M4N3M5</zip>
        <country>Canada</country>
      </address>
    </facility>
    <status>Recruiting</status>
    <contact>
      <last_name>Angela Jerath, MD</last_name>
      <phone>416.480.6100</phone>
      <email>angela.jerath@sunnybrook.ca</email>
    </contact>
    <investigator>
      <last_name>Brian Cuthbertson, MD</last_name>
      <role>Sub-Investigator</role>
    </investigator>
    <investigator>
      <last_name>Angela Jerath, MD</last_name>
      <role>Principal Investigator</role>
    </investigator>
  </location>
  <location>
    <facility>
      <name>University Health Network - Toronto General Hospital</name>
      <address>
        <city>Toronto</city>
        <state>Ontario</state>
        <zip>M5G 2C4</zip>
        <country>Canada</country>
      </address>
    </facility>
    <status>Recruiting</status>
    <contact>
      <last_name>Ewan Goligher, MD</last_name>
      <email>Ewan.Goligher@uhn.ca</email>
    </contact>
    <investigator>
      <last_name>Ewan Goligher, MD</last_name>
      <role>Principal Investigator</role>
    </investigator>
  </location>
  <location>
    <facility>
      <name>University Health Network - Toronto Western Hopsital</name>
      <address>
        <city>Toronto</city>
        <state>Ontario</state>
        <zip>M5T 2S8</zip>
        <country>Canada</country>
      </address>
    </facility>
    <status>Not yet recruiting</status>
    <contact>
      <last_name>Ian Randall, MD</last_name>
      <email>ian.randall@uhn.ca</email>
    </contact>
  </location>
  <location>
    <facility>
      <name>Centre hospitalier de l'Université de Montréal</name>
      <address>
        <city>Montréal</city>
        <state>Quebec</state>
        <zip>H2X 3E4</zip>
        <country>Canada</country>
      </address>
    </facility>
    <status>Recruiting</status>
    <contact>
      <last_name>Francois-Martin Carrier, MD</last_name>
      <email>francois-martin.carrier.chum@ssss.gouv.qc.ca</email>
    </contact>
    <investigator>
      <last_name>Francois-Martin Carrier, MD</last_name>
      <role>Principal Investigator</role>
    </investigator>
  </location>
  <location>
    <facility>
      <name>Hôpital Sacré-Coeur de Montréal</name>
      <address>
        <city>Montréal</city>
        <state>Quebec</state>
        <zip>H4J1C5</zip>
        <country>Canada</country>
      </address>
    </facility>
    <status>Not yet recruiting</status>
    <contact>
      <last_name>Alexandros Cavayas, MD</last_name>
      <email>yiorgos.alexandros.cavayas@umontreal.ca</email>
    </contact>
    <investigator>
      <last_name>Alexandros Cavayas, MD</last_name>
      <role>Principal Investigator</role>
    </investigator>
  </location>
  <location>
    <facility>
      <name>Institut Universitaire de Cardiologie et de Pneumologie de Quebec (IUCPQ)</name>
      <address>
        <city>Québec</city>
        <state>Quebec</state>
        <zip>G1V 4G5</zip>
        <country>Canada</country>
      </address>
    </facility>
    <status>Not yet recruiting</status>
    <contact>
      <last_name>Johane Lepage</last_name>
      <email>Johane.Lepage@criucpq.ulaval.ca</email>
    </contact>
    <investigator>
      <last_name>Etienne Couture, MD</last_name>
      <role>Principal Investigator</role>
    </investigator>
    <investigator>
      <last_name>Andreanne Cote, MD</last_name>
      <role>Sub-Investigator</role>
    </investigator>
  </location>
  <location>
    <facility>
      <name>Universite de Sherbrooke</name>
      <address>
        <city>Sherbrooke</city>
        <state>Quebec</state>
        <zip>J1K 2R1</zip>
        <country>Canada</country>
      </address>
    </facility>
    <status>Not yet recruiting</status>
    <contact>
      <last_name>Francois Lamontange, MD</last_name>
      <email>Francois.Lamontagne@USherbrooke.ca</email>
    </contact>
    <investigator>
      <last_name>Francois Lamontange, MD</last_name>
      <role>Principal Investigator</role>
    </investigator>
  </location>
  <location_countries>
    <country>Canada</country>
  </location_countries>
  <verification_date>December 2020</verification_date>
  <study_first_submitted>June 2, 2020</study_first_submitted>
  <study_first_submitted_qc>June 2, 2020</study_first_submitted_qc>
  <study_first_posted type="Actual">June 4, 2020</study_first_posted>
  <last_update_submitted>December 15, 2020</last_update_submitted>
  <last_update_submitted_qc>December 15, 2020</last_update_submitted_qc>
  <last_update_posted type="Actual">December 17, 2020</last_update_posted>
  <responsible_party>
    <responsible_party_type>Sponsor</responsible_party_type>
  </responsible_party>
  <keyword>sedation</keyword>
  <keyword>ICU</keyword>
  <keyword>volatile anesthetics</keyword>
  <condition_browse>
    <!-- CAUTION:  The following MeSH terms are assigned with an imperfect algorithm            -->
    <mesh_term>Critical Illness</mesh_term>
  </condition_browse>
  <intervention_browse>
    <!-- CAUTION:  The following MeSH terms are assigned with an imperfect algorithm            -->
    <mesh_term>Sevoflurane</mesh_term>
    <mesh_term>Isoflurane</mesh_term>
  </intervention_browse>
  <patient_data>
    <sharing_ipd>No</sharing_ipd>
  </patient_data>
  <!-- Results have not yet been posted for this study                                          -->
</clinical_study>

