<?xml version="1.0" encoding="UTF-8"?>
<clinical_study rank="2429">
  <!-- This xml conforms to an XML Schema at:
    https://clinicaltrials.gov/ct2/html/images/info/public.xsd -->
  <required_header>
    <download_date>ClinicalTrials.gov processed this data on February 18, 2021</download_date>
    <link_text>Link to the current ClinicalTrials.gov record.</link_text>
    <url>https://clinicaltrials.gov/show/NCT04392427</url>
  </required_header>
  <id_info>
    <org_study_id>20.05.69</org_study_id>
    <nct_id>NCT04392427</nct_id>
  </id_info>
  <brief_title>New Antiviral Drugs for Treatment of COVID-19</brief_title>
  <official_title>Effect of a Combination of Nitazoxanide, Ribavirin and Ivermectin Plus Zinc Supplement on the Clearance of COVID-19: a Pilot Sequential Clinical Trial</official_title>
  <sponsors>
    <lead_sponsor>
      <agency>Mansoura University</agency>
      <agency_class>Other</agency_class>
    </lead_sponsor>
  </sponsors>
  <source>Mansoura University</source>
  <oversight_info>
    <is_fda_regulated_drug>No</is_fda_regulated_drug>
    <is_fda_regulated_device>No</is_fda_regulated_device>
  </oversight_info>
  <brief_summary>
    <textblock>
      Background: In December 2019, SARS-CoV-2 was isolated on Vero E6 and Huh7 cell lines after an&#xD;
      outbreak of pneumonia of unknown origin in Wuhan, Hubei Province, China. Since the basis for&#xD;
      pathogenesis of this virus and its proliferation is unclear, there is still no definitive&#xD;
      treatment or vaccine against it. Thus, medications used against SARS-CoV-2 are mainly based&#xD;
      on their effectiveness on in vitro studies, virtual screenings and records of their effects&#xD;
      on earlier strains of coronavirus, SARS and MERS. Therefore, the immediate introduction of&#xD;
      potential COVID-19 treatments can be essential and salvaging. Aim: to compare the rate and&#xD;
      time of viral clearance in subjects receiving the combination of Nitazoxanide, Ribavirin and&#xD;
      Ivermectin vs. those control group (without any intervention). Methods: a sequential clinical&#xD;
      trial in this design sample size is not fixed in advance. Instead data will be evaluated as&#xD;
      they are collected, and further sampling is will be stopped in accordance with a pre-defined&#xD;
      stopping rule as soon as significant results are observed. After &quot;n&quot; (10 subjects in each&#xD;
      group) subjects in each group are available an interim analysis will be conducted. A&#xD;
      statistical test will be performed to compare the two groups and if the null hypothesis is&#xD;
      rejected the trial is terminated; otherwise, the trial continues, another n subjects per&#xD;
      group will be recruited, and the statistical test is performed again, including all subjects.&#xD;
      If the null is rejected, the trial is terminated, and otherwise it continues with periodic&#xD;
      evaluations until a maximum number of interim analyses have been performed, at which point&#xD;
      the last statistical test is conducted and the trial is discontinued [25]. Outcome: The&#xD;
      combination of Nitazoxanide, Ribavirin, Ivermectin and Zinc could be effective in clearance&#xD;
      of COVID 19.&#xD;
&#xD;
      KEY WOARD: COVID-19; clinical trial; corona virus&#xD;
    </textblock>
  </brief_summary>
  <detailed_description>
    <textblock>
      -  Research Design and Methodologies:&#xD;
&#xD;
      This search will focus on patients with COVID 19 infection this study is a prospective cohort&#xD;
      study based on the analysis of response in comparative panel between two arm Nitazoxanide,&#xD;
      Ribavirin and Ivermectin plus Zinc arm and other arm without any intervention as regards the&#xD;
      safety and efficacy and cost effective result. Two years duration of the project would be&#xD;
      enough to cover the stages of the work as shown below in the time plan. Initial stage of&#xD;
      collecting materials and patients' clinical data, each patient will undergoes strict follow&#xD;
      up period to reveal the clinical, laboratory and radiological response. The procedures are to&#xD;
      be approved by the institutional ethical committee.&#xD;
&#xD;
      Study Design:&#xD;
&#xD;
      After obtaining informed consent from the subjects and IRB approval from Mansoura Faculty of&#xD;
      Medicine.&#xD;
&#xD;
      Technical Design:&#xD;
&#xD;
      The proposed study will be hospital- based cross- sectional study.&#xD;
&#xD;
      Data collection tools and techniques:&#xD;
&#xD;
      1-Clinical work package: The aim of the Tropical Department in Mansoura University within WP1&#xD;
      is to implement surveillance, diagnostic and monitoring models for the disease management of&#xD;
      patients with COVID 19 infection according to the current scientific evidence. They will&#xD;
      evaluate the clinical usefulness of the application of therapeutic clinical trial, to improve&#xD;
      the disease outcomes and reduce the costs of the disease burdens.&#xD;
&#xD;
      In brief, the approach will consist of the following steps:&#xD;
&#xD;
        1. Diagnosis of patient with COVID 19 infection by swab and PCR testing&#xD;
&#xD;
        2. Tailored therapeutic strategy in patients with COVID 19 infection undergoing treatment&#xD;
           by nitazoxanide, Ribavirin and Ivermectin plus Zinc (this done in collaboration with&#xD;
           biochemical department and Clinical Pathology department in Mansoura University).&#xD;
&#xD;
        3. Patients with the other group will not undergoes any intervention.&#xD;
&#xD;
        4. Specific laboratory analysis for COVID 19 RNA by Polymerase Chain Reaction in&#xD;
           nasopharyngeal and oropharyngeal swabs will be don't to both groups.&#xD;
&#xD;
        5. Monitoring the treatment response in the follow up periods.&#xD;
&#xD;
      Description of work and role of participants:&#xD;
&#xD;
      Rationale of study: COVID-19 is an emerging infection with relatively high transmission rate&#xD;
      from healthy carriers to their contacts. There is no known drug that eliminate the virus from&#xD;
      the nasopharynx.&#xD;
&#xD;
      Study objectives: to compare the rate and time of viral clearance in subjects receiving the&#xD;
      combination of Nitazoxanide, Ribavirin and Ivermectin vs. those control group (without any&#xD;
      intervention) Study hypothesis: The combination of Nitazoxanide, Ribavirin, Ivermectin plus&#xD;
      zinc supplement have higher rate of viral clearance at earlier time than the control group&#xD;
&#xD;
      Population and methods:&#xD;
&#xD;
        -  Study locality: subject with proven COVID-infection admitted to quarantine centers of&#xD;
           Mansoura University Hospitals&#xD;
&#xD;
        -  Study design: a sequential clinical trial in this design sample size is not fixed in&#xD;
           advance. Instead data will be evaluated as they are collected, and further sampling is&#xD;
           will be stopped in accordance with a pre-defined stopping rule as soon as significant&#xD;
           results are observed. After &quot;n&quot; (10 subjects in each group) subjects in each group are&#xD;
           available an interim analysis will be conducted. A statistical test will be performed to&#xD;
           compare the two groups and if the null hypothesis is rejected the trial is terminated;&#xD;
           otherwise, the trial continues, another n subjects per group will be recruited, and the&#xD;
           statistical test is performed again, including all subjects. If the null is rejected,&#xD;
           the trial is terminated, and otherwise it continues with periodic evaluations until a&#xD;
           maximum number of interim analyses have been performed, at which point the last&#xD;
           statistical test is conducted and the trial is discontinued [25].&#xD;
&#xD;
        -  Target population: any subject with COVID-19 PCR positive pharyngeal swab and referred&#xD;
           to the above-mentioned quarantine without any comorbidities and no sensitivity or&#xD;
           contraindication to the three drugs.&#xD;
&#xD;
        -  Sample size: will depends on sequential analysis until a significant effect will be&#xD;
           detected with a maximum of 100 subjects in each arm.&#xD;
&#xD;
        -  Randomization: subjects will be allocated to either arm by block randomization method&#xD;
           with sealed opaque envelops. Each block will include 10 subjects (to be allocated&#xD;
           randomly as 5 in each group)&#xD;
&#xD;
        -  Intervention:&#xD;
&#xD;
      A) Treatment group: will receive a combination of Nitazoxanide, Ribavirin and Ivermectin B)&#xD;
      Control group: will not receive nothing&#xD;
&#xD;
        -  Data collection will include: sociodemographic data, clinical history, results of follow&#xD;
           up (daily or according to clinical situation )&#xD;
&#xD;
        -  Follow-up: to record any side effects of drugs, swab will be taken for PCR&#xD;
&#xD;
           2-Laboratory and investigational work package:&#xD;
&#xD;
      The patients are subjected to following laboratory workup:&#xD;
&#xD;
      Task 2-1: basic laboratory serum analysis for the following parameters: transaminases (AST,&#xD;
      ALT), albumin, bilirubin, prothrombin time, complete blood picture, renal assessment&#xD;
      (creatinine or clearance if needed), CRP, Oxygen saturation&#xD;
&#xD;
      Task 2-2: specific laboratory analysis ( if available case by case ):&#xD;
&#xD;
      Serum samples from each patient are collected for analysis at different time for detection of&#xD;
      ferritin, triglycerides, LDH,&#xD;
&#xD;
      3-Invetigational radiology work package:&#xD;
&#xD;
      This package includes chest x ray and /or high resolution CT&#xD;
    </textblock>
  </detailed_description>
  <overall_status>Not yet recruiting</overall_status>
  <start_date type="Anticipated">October 2020</start_date>
  <completion_date type="Anticipated">May 2022</completion_date>
  <primary_completion_date type="Anticipated">May 2022</primary_completion_date>
  <phase>Phase 3</phase>
  <study_type>Interventional</study_type>
  <has_expanded_access>No</has_expanded_access>
  <study_design_info>
    <allocation>Randomized</allocation>
    <intervention_model>Sequential Assignment</intervention_model>
    <intervention_model_description>a sequential clinical trial in this design sample size is not fixed in advance. Instead data will be evaluated as they are collected, and further sampling is will be stopped in accordance with a pre-defined stopping rule as soon as significant results are observed. After &quot;n&quot; (10 subjects in each group) subjects in each group are available an interim analysis will be conducted. A statistical test will be performed to compare the two groups and if the null hypothesis is rejected the trial is terminated; otherwise, the trial continues, another n subjects per group will be recruited, and the statistical test is performed again, including all subjects. If the null is rejected, the trial is terminated, and otherwise it continues with periodic evaluations until a maximum number of interim analyses have been performed, at which point the last statistical test is conducted and the trial is discontinued</intervention_model_description>
    <primary_purpose>Treatment</primary_purpose>
    <masking>Single (Outcomes Assessor)</masking>
    <masking_description>This search will focus on patients with COVID 19 infection this study is a prospective cohort study based on the analysis of response in comparative panel between two arm Nitazoxanide, Ribavirin and Ivermectin plus Zinc arm and other arm without any intervention as regards the safety and efficacy and cost effective result. Two years duration of the project would be enough to cover the stages of the work as shown below in the time plan. Initial stage of collecting materials and patients' clinical data, each patient will undergoes strict follow up period to reveal the clinical, laboratory and radiological response. The procedures are to be approved by the institutional ethical committee.</masking_description>
  </study_design_info>
  <primary_outcome>
    <measure>negative test result for COVID-19</measure>
    <time_frame>2 YEARS</time_frame>
    <description>PCR FOR COVID-19 will be done on serial visits till turn to negative, first after 5 day then serial every 48 hours till become negative for two consecutive samples.</description>
  </primary_outcome>
  <number_of_arms>2</number_of_arms>
  <enrollment type="Anticipated">100</enrollment>
  <condition>COVID</condition>
  <condition>Drug Effect</condition>
  <arm_group>
    <arm_group_label>INTERVENTION</arm_group_label>
    <arm_group_type>Active Comparator</arm_group_type>
    <description>*Intervention:&#xD;
A) Treatment group: will receive a combination of Nitazoxanide, Ribavirin and Ivermectin for a duration of seven days :</description>
  </arm_group>
  <arm_group>
    <arm_group_label>CONTROL</arm_group_label>
    <arm_group_type>No Intervention</arm_group_type>
    <description>B) Control group: will not receive nothing&#xD;
Data collection will include: sociodemographic data, clinical history, results of follow up (daily or according to clinical situation )&#xD;
Follow-up: to record any side effects of drugs, swab will be taken for PCR</description>
  </arm_group>
  <intervention>
    <intervention_type>Drug</intervention_type>
    <intervention_name>Treatment group: will receive a combination of Nitazoxanide, Ribavirin and Ivermectin for a duration of seven days :</intervention_name>
    <description>Target population: any subject with COVID-19 PCR positive pharyngeal swab and referred to the above-mentioned quarantine without any comorbidities and no sensitivity or contraindication to the three drugs.&#xD;
Sample size: will depends on sequential analysis until a significant effect will be detected with a maximum of 100 subjects in each arm.&#xD;
Randomization: subjects will be allocated to either arm by block randomization method with sealed opaque envelops. Each block will include 10 subjects (to be allocated randomly as 5 in each group)&#xD;
Intervention:&#xD;
A) Treatment group: will receive a combination of Nitazoxanide, Ribavirin and Ivermectin for a duration of seven days</description>
    <arm_group_label>INTERVENTION</arm_group_label>
    <other_name>Nanozoxide, ivermectin and ribavirin 200 mg or 400 mg</other_name>
  </intervention>
  <eligibility>
    <criteria>
      <textblock>
        Inclusion Criteria:&#xD;
&#xD;
          -  any subject with COVID-19 PCR positive pharyngeal swab and referred to the&#xD;
             above-mentioned quarantine without any comorbidities and no sensitivity or&#xD;
             contraindication to the three drugs.&#xD;
&#xD;
        Exclusion Criteria:&#xD;
&#xD;
          -  PATIENTS WITH COMORBIDITY :ISCHEMIC HEART DISEASES,OR KNOWN HYPERSENSITIVITY TO THE&#xD;
             DRUGS&#xD;
      </textblock>
    </criteria>
    <gender>All</gender>
    <minimum_age>12 Years</minimum_age>
    <maximum_age>N/A</maximum_age>
    <healthy_volunteers>No</healthy_volunteers>
  </eligibility>
  <overall_official>
    <last_name>HATEM ELALFY, MD</last_name>
    <role>Principal Investigator</role>
    <affiliation>PROFESSOR OF ENDEMIC MEDICINE DEPARTMENT</affiliation>
  </overall_official>
  <overall_official>
    <last_name>HATEM ELALFY, MD</last_name>
    <role>Principal Investigator</role>
    <affiliation>Mansoura University</affiliation>
  </overall_official>
  <overall_contact>
    <last_name>HATEM ELALFY, MD</last_name>
    <phone>+201224790518</phone>
    <email>ELALFY2004@MANS.EDU.EG</email>
  </overall_contact>
  <overall_contact_backup>
    <last_name>TAREK BESHEER, MD</last_name>
    <phone>0122797705</phone>
    <email>TAREKBESHEER@YAHOO.COM</email>
  </overall_contact_backup>
  <location>
    <facility>
      <name>Mansoura University</name>
      <address>
        <city>Mansoura</city>
        <state>Select A State Or Province</state>
        <zip>35516</zip>
        <country>Egypt</country>
      </address>
    </facility>
    <contact>
      <last_name>HATEM ELALFY</last_name>
      <phone>01224790518</phone>
      <email>elalfy_hatem66@yahoo.com</email>
    </contact>
  </location>
  <location_countries>
    <country>Egypt</country>
  </location_countries>
  <results_reference>
    <citation>Zhu N, Zhang D, Wang W, Li X, Yang B, Song J, Zhao X, Huang B, Shi W, Lu R, Niu P, Zhan F, Ma X, Wang D, Xu W, Wu G, Gao GF, Tan W; China Novel Coronavirus Investigating and Research Team. A Novel Coronavirus from Patients with Pneumonia in China, 2019. N Engl J Med. 2020 Feb 20;382(8):727-733. doi: 10.1056/NEJMoa2001017. Epub 2020 Jan 24.</citation>
    <PMID>31978945</PMID>
  </results_reference>
  <results_reference>
    <citation>Cui J, Li F, Shi ZL. Origin and evolution of pathogenic coronaviruses. Nat Rev Microbiol. 2019 Mar;17(3):181-192. doi: 10.1038/s41579-018-0118-9. Review.</citation>
    <PMID>30531947</PMID>
  </results_reference>
  <results_reference>
    <citation>Rossignol JF. Nitazoxanide: a first-in-class broad-spectrum antiviral agent. Antiviral Res. 2014 Oct;110:94-103. doi: 10.1016/j.antiviral.2014.07.014. Epub 2014 Aug 7. Review.</citation>
    <PMID>25108173</PMID>
  </results_reference>
  <results_reference>
    <citation>Graci JD, Cameron CE. Mechanisms of action of ribavirin against distinct viruses. Rev Med Virol. 2006 Jan-Feb;16(1):37-48. Review.</citation>
    <PMID>16287208</PMID>
  </results_reference>
  <results_reference>
    <citation>Caly L, Druce JD, Catton MG, Jans DA, Wagstaff KM. The FDA-approved drug ivermectin inhibits the replication of SARS-CoV-2 in vitro. Antiviral Res. 2020 Jun;178:104787. doi: 10.1016/j.antiviral.2020.104787. Epub 2020 Apr 3.</citation>
    <PMID>32251768</PMID>
  </results_reference>
  <verification_date>September 2020</verification_date>
  <study_first_submitted>May 12, 2020</study_first_submitted>
  <study_first_submitted_qc>May 14, 2020</study_first_submitted_qc>
  <study_first_posted type="Actual">May 18, 2020</study_first_posted>
  <last_update_submitted>September 1, 2020</last_update_submitted>
  <last_update_submitted_qc>September 1, 2020</last_update_submitted_qc>
  <last_update_posted type="Actual">September 3, 2020</last_update_posted>
  <responsible_party>
    <responsible_party_type>Principal Investigator</responsible_party_type>
    <investigator_affiliation>Mansoura University</investigator_affiliation>
    <investigator_full_name>Hatem Elalfy</investigator_full_name>
    <investigator_title>Professor of Tropical Medicine and Hepatogastroenterology</investigator_title>
  </responsible_party>
  <keyword>COVID-19;</keyword>
  <keyword>clinical trial</keyword>
  <keyword>corona virus</keyword>
  <intervention_browse>
    <!-- CAUTION:  The following MeSH terms are assigned with an imperfect algorithm            -->
    <mesh_term>Ribavirin</mesh_term>
    <mesh_term>Ivermectin</mesh_term>
    <mesh_term>Nitazoxanide</mesh_term>
  </intervention_browse>
  <patient_data>
    <sharing_ipd>No</sharing_ipd>
  </patient_data>
  <!-- Results have not yet been posted for this study                                          -->
</clinical_study>

