<?xml version="1.0" encoding="UTF-8"?>
<clinical_study rank="3422">
  <!-- This xml conforms to an XML Schema at:
    https://clinicaltrials.gov/ct2/html/images/info/public.xsd -->
  <required_header>
    <download_date>ClinicalTrials.gov processed this data on February 18, 2021</download_date>
    <link_text>Link to the current ClinicalTrials.gov record.</link_text>
    <url>https://clinicaltrials.gov/show/NCT04601090</url>
  </required_header>
  <id_info>
    <org_study_id>135310</org_study_id>
    <nct_id>NCT04601090</nct_id>
  </id_info>
  <brief_title>Survival Rates and Longterm Outcomes After COVID-19</brief_title>
  <official_title>Survival Rates and Long-term Outcomes for Patients With COVID-19 Admitted to Norwegian ICUs</official_title>
  <sponsors>
    <lead_sponsor>
      <agency>Oslo University Hospital</agency>
      <agency_class>Other</agency_class>
    </lead_sponsor>
    <collaborator>
      <agency>The Research Council of Norway</agency>
      <agency_class>Other</agency_class>
    </collaborator>
  </sponsors>
  <source>Oslo University Hospital</source>
  <oversight_info>
    <has_dmc>No</has_dmc>
    <is_fda_regulated_drug>No</is_fda_regulated_drug>
    <is_fda_regulated_device>No</is_fda_regulated_device>
  </oversight_info>
  <brief_summary>
    <textblock>
      The study 'Survival rates and long-term outcomes for patients with COVID-19 admitted to&#xD;
      Norwegian ICUs' is a national observational study, including patients admitted to a Norwegian&#xD;
      ICU between March 2020 and March 2021. The study will describe survival rates, clinical&#xD;
      characteristics and health challenges experienced by survivors the first year after ICU&#xD;
      admission caused by COVID-19 disease.&#xD;
    </textblock>
  </brief_summary>
  <detailed_description>
    <textblock>
      The study 'Survival rates and long-term outcomes for patients with COVID-19 admitted to&#xD;
      Norwegian ICUS' has two different aims. The first aim is to synthesis data from a National&#xD;
      register (Norwegian Intensive care register-NIR) on all COVID-19 patients in Norway admitted&#xD;
      to an ICU. These results are of great public interest for many reasons. First of all, it will&#xD;
      give us information on the severity of this novel virus, but also how the health care system&#xD;
      has coped in treating the severe cases that was admitted to an ICU. The results will&#xD;
      potentially be compared to other patient populations with viral pneumonia, but most&#xD;
      interestingly to survival rates from other countries. In addition, the data will give us a&#xD;
      description on how the distribution of severe cases of COVID-19 have been within Norway&#xD;
      (e.g., gender, age, health regions etc.) The second aim of this study is to measure and&#xD;
      describe health related challenges COVID-19 patients may experience during their first year&#xD;
      from ICU admission. The health-related domains that will be investigated will capture both&#xD;
      mental, physical and cognitive health. Knowledge from other patient population admitted to an&#xD;
      ICU with acute respiratory failure, indicates that these are the main domains that negatively&#xD;
      affect the activity of daily living. Physical, mental and cognitive health challenges will be&#xD;
      investigated for the Norwegian COVID -19 population admitted to ICU, and will give important&#xD;
      insight to the impact COVID-19 can have on survivors of severe cases, as well as the need for&#xD;
      rehabilitation.&#xD;
    </textblock>
  </detailed_description>
  <overall_status>Recruiting</overall_status>
  <start_date type="Actual">September 16, 2020</start_date>
  <completion_date type="Anticipated">September 2022</completion_date>
  <primary_completion_date type="Anticipated">September 2022</primary_completion_date>
  <study_type>Observational [Patient Registry]</study_type>
  <has_expanded_access>No</has_expanded_access>
  <study_design_info>
    <observational_model>Cohort</observational_model>
    <time_perspective>Prospective</time_perspective>
  </study_design_info>
  <target_duration>1 Year</target_duration>
  <primary_outcome>
    <measure>ICU Survival rate</measure>
    <time_frame>up to 30 days</time_frame>
    <description>Time to survival</description>
  </primary_outcome>
  <primary_outcome>
    <measure>Change in Functional Status</measure>
    <time_frame>6 and 12 months after ICU admission</time_frame>
    <description>Measured by self-reporting using Lawton Instrumental activity of daily living. Higher score indicates better function, and ranges from 0-8.</description>
  </primary_outcome>
  <secondary_outcome>
    <measure>Change in Anxiety and Depression</measure>
    <time_frame>Measured 6 and 12 months after ICU admission</time_frame>
    <description>Measured by self-report using Hospital Anxiety and Depression Scale (HADS). Higher score indicates higher lever of anxiety and depression, scored on separate sub scales (0-21 for each).</description>
  </secondary_outcome>
  <secondary_outcome>
    <measure>Changes in Cognitive Status</measure>
    <time_frame>Measured at 6 and 12 months after ICU admission</time_frame>
    <description>Measured by telephone interview using the Mini Montreal Cognitive Assessment, score ranges from 0-15. Higher score indicates better cognitive function.</description>
  </secondary_outcome>
  <secondary_outcome>
    <measure>Change in Quality of Life 6 and 12 months after ICU admission</measure>
    <time_frame>Measured 6 and 12 months after ICU admission</time_frame>
    <description>Measured by self report using (Euroqual 5 dimensions) EQ-5D. Higher score indicates worse health (range 5-15).</description>
  </secondary_outcome>
  <enrollment type="Anticipated">250</enrollment>
  <condition>Covid19</condition>
  <condition>Acute Respiratory Failure</condition>
  <condition>Acute Respiratory Distress Syndrome</condition>
  <condition>Post Intensive Care Unit Syndrome</condition>
  <condition>Survivorship</condition>
  <intervention>
    <intervention_type>Other</intervention_type>
    <intervention_name>ICU treatment</intervention_name>
    <description>This is an observational study, so all patients will undergo a variation of ICU treatment, and we will record that information (e.g., time on ventilator, time in ICU, SAPS score at admission)</description>
  </intervention>
  <eligibility>
    <study_pop>
      <textblock>
        All patients that have been admitted to a Norwegian ICU with confirmed COVID-19, and not&#xD;
        reserved them against the national register, will be contacted for inclusion to the study.&#xD;
      </textblock>
    </study_pop>
    <sampling_method>Non-Probability Sample</sampling_method>
    <criteria>
      <textblock>
        Inclusion Criteria:&#xD;
&#xD;
          -  Patients registered in Norwegian Intensive Care Register, that are ≥ 18 years with&#xD;
             confirmed cases of COVID-19.&#xD;
&#xD;
        Exclusion Criteria:&#xD;
&#xD;
          -  Exclusion criteria only for follow-up study: Do not understand Norwegian.&#xD;
      </textblock>
    </criteria>
    <gender>All</gender>
    <minimum_age>18 Years</minimum_age>
    <maximum_age>N/A</maximum_age>
    <healthy_volunteers>No</healthy_volunteers>
  </eligibility>
  <overall_official>
    <last_name>Kristin Hofsø, PhD</last_name>
    <role>Principal Investigator</role>
    <affiliation>Oslo University Hospital</affiliation>
  </overall_official>
  <overall_contact>
    <last_name>Kristin Hofsø, PhD</last_name>
    <phone>+4799544509</phone>
    <email>kristin.hofso@ldh.no</email>
  </overall_contact>
  <location>
    <facility>
      <name>Oslo University Hospital</name>
      <address>
        <city>Oslo</city>
        <zip>0027</zip>
        <country>Norway</country>
      </address>
    </facility>
    <status>Recruiting</status>
    <contact>
      <last_name>Kristin Hofsø, PhD</last_name>
      <phone>+4799544509</phone>
      <email>kristin.hofso@ldh.no</email>
    </contact>
  </location>
  <location_countries>
    <country>Norway</country>
  </location_countries>
  <verification_date>October 2020</verification_date>
  <study_first_submitted>October 15, 2020</study_first_submitted>
  <study_first_submitted_qc>October 22, 2020</study_first_submitted_qc>
  <study_first_posted type="Actual">October 23, 2020</study_first_posted>
  <last_update_submitted>October 22, 2020</last_update_submitted>
  <last_update_submitted_qc>October 22, 2020</last_update_submitted_qc>
  <last_update_posted type="Actual">October 26, 2020</last_update_posted>
  <responsible_party>
    <responsible_party_type>Principal Investigator</responsible_party_type>
    <investigator_affiliation>Oslo University Hospital</investigator_affiliation>
    <investigator_full_name>Kristin Hofsø</investigator_full_name>
    <investigator_title>PhD</investigator_title>
  </responsible_party>
  <keyword>ICU treatment</keyword>
  <condition_browse>
    <!-- CAUTION:  The following MeSH terms are assigned with an imperfect algorithm            -->
    <mesh_term>Respiratory Distress Syndrome, Newborn</mesh_term>
    <mesh_term>Respiratory Distress Syndrome, Adult</mesh_term>
    <mesh_term>Respiratory Insufficiency</mesh_term>
    <mesh_term>Acute Lung Injury</mesh_term>
    <mesh_term>Syndrome</mesh_term>
  </condition_browse>
  <patient_data>
    <sharing_ipd>No</sharing_ipd>
  </patient_data>
  <!-- Results have not yet been posted for this study                                          -->
</clinical_study>

