<?xml version="1.0" encoding="UTF-8"?>
<clinical_study rank="1530">
  <!-- This xml conforms to an XML Schema at:
    https://clinicaltrials.gov/ct2/html/images/info/public.xsd -->
  <required_header>
    <download_date>ClinicalTrials.gov processed this data on February 18, 2021</download_date>
    <link_text>Link to the current ClinicalTrials.gov record.</link_text>
    <url>https://clinicaltrials.gov/show/NCT04595110</url>
  </required_header>
  <id_info>
    <org_study_id>EMO-COVID-ASSTPG23</org_study_id>
    <nct_id>NCT04595110</nct_id>
  </id_info>
  <brief_title>Hemostatic Profile in Patients Affected by COVID-19</brief_title>
  <acronym>EMO-COVID</acronym>
  <official_title>Extensive Investigation of the Hemostatic Profile in a Prospective Cohort of Patients Affected by COVID-19</official_title>
  <sponsors>
    <lead_sponsor>
      <agency>ANNA FALANGA</agency>
      <agency_class>Other</agency_class>
    </lead_sponsor>
  </sponsors>
  <source>A.O. Ospedale Papa Giovanni XXIII</source>
  <oversight_info>
    <has_dmc>Yes</has_dmc>
    <is_fda_regulated_drug>No</is_fda_regulated_drug>
    <is_fda_regulated_device>No</is_fda_regulated_device>
  </oversight_info>
  <brief_summary>
    <textblock>
      Coronavirus disease-2019 (COVID-19), a viral respiratory illness caused by the severe acute&#xD;
      respiratory syndrome-coronavirus-2 (SARS-CoV-2), has been associated with the occurrence of&#xD;
      cardiovascular adverse events including acute myocardial injury, acute heart failure, cardiac&#xD;
      arrhythmias, and thromboembolic disease. These complications represent an important issue in&#xD;
      COVID-19 patients accounting for the increased morbidity and mortality of this syndrome.&#xD;
      According to a scoping review, venous thromboembolism and stroke occurred in approximately&#xD;
      20% and 3% of patients, respectively, with higher frequency observed in severely ill patients&#xD;
      admitted to intensive care units. Despite the use of pharmacological thromboprophylaxis, the&#xD;
      thrombotic risk still remained elevated in severe COVID-19 patients, and the optimal doses&#xD;
      and timing of anticoagulation are not yet defined. The pathogenesis of COVID-19 associated&#xD;
      thrombosis recognizes a prominent role of endothelial damage induced by both direct viral&#xD;
      injury and an excessive and aberrant hyper-inflammatory host immune response associated to an&#xD;
      increase in infection-related cytokines and chemokines. The occurrence of a hypercoagulable&#xD;
      state in COVID-19 patients associated to a profound endothelial cell activation/dysfunction&#xD;
      can result in the pathological phenomenon of immunothrombosis.&#xD;
&#xD;
      In this study, in a prospective cohort of consecutive COVID-19 hospitalized patients, an&#xD;
      extensive characterization of the hemostatic alterations were performed, in order to: 1)&#xD;
      clarify mechanisms underlying the coagulopathy in these patients; 2) how and to what extent&#xD;
      the concomitant infection with SARS-CoV-2 affect this coagulopathy; and 3) identify&#xD;
      biomarkers potentially predictive of disease outcome (i.e. any thrombotic recurrence and&#xD;
      death).&#xD;
    </textblock>
  </brief_summary>
  <overall_status>Recruiting</overall_status>
  <start_date type="Actual">March 25, 2020</start_date>
  <completion_date type="Anticipated">May 10, 2021</completion_date>
  <primary_completion_date type="Anticipated">April 25, 2021</primary_completion_date>
  <study_type>Observational</study_type>
  <has_expanded_access>No</has_expanded_access>
  <study_design_info>
    <observational_model>Cohort</observational_model>
    <time_perspective>Prospective</time_perspective>
  </study_design_info>
  <primary_outcome>
    <measure>Incidence of mortality among enrolled COVID-19 patients</measure>
    <time_frame>up to 6 months from the date of the enrollment</time_frame>
    <description>Identification of variables for prediction of mortality derived from review of clinical records. Samples collected from identified participants with COVID19 diagnosis will be assessed to determine thrombotic and inflammatory biomarkers able to prediction of mortality.</description>
  </primary_outcome>
  <primary_outcome>
    <measure>Incidence of thrombosis among enrolled COVID patients</measure>
    <time_frame>up to 12 months from the date of the enrollment</time_frame>
    <description>Identification of COVID-19 patients with evidence of thrombotic event derived from review of clinical records. Samples collected from identified participants with COVID19 diagnosis will be assessed to determine thrombotic and inflammatory biomarkers.</description>
  </primary_outcome>
  <secondary_outcome>
    <measure>Evaluation the role of enoxaparin in the management of Covid-19-associated coagulopathy</measure>
    <time_frame>Samples collected from identified participants with COVID19 diagnosis will be assessed to determine the effect of thromboprophylaxis on thrombotic and inflammatory biomarkers</time_frame>
    <description>up to 12 months from the date of the enrollment</description>
  </secondary_outcome>
  <enrollment type="Anticipated">400</enrollment>
  <condition>Covid19</condition>
  <condition>Thrombosis</condition>
  <intervention>
    <intervention_type>Other</intervention_type>
    <intervention_name>Observational study</intervention_name>
    <description>Coagulation factors, Hypercoagulation biomarkers, Endothelial, Fibrinolysis and neutrophil activation biomarkers</description>
  </intervention>
  <biospec_retention>Samples Without DNA</biospec_retention>
  <biospec_descr>
    <textblock>
      Blood samples for hemostasis study are collected from all study subjects at admission. After&#xD;
      discarding the first 2-3 mL of blood, peripheral venous blood samples were collected into 6&#xD;
      mL vacuum tubes (BD, Vacutainer ™, Plymouth, UK) containing 3.2% citrate (0.109 mol/L, 1:9&#xD;
      vol./vol.) for coagulation studies, and K3-ethylenediamine tetraacetic acid (K3-EDTA) 7.2mg&#xD;
      for the complete blood cell count study.&#xD;
    </textblock>
  </biospec_descr>
  <eligibility>
    <study_pop>
      <textblock>
        The study involves the enrollment of ≥ 400 consecutive hospitalized patients diagnosed with&#xD;
        COVID-19, aged&gt; 18 years.&#xD;
      </textblock>
    </study_pop>
    <sampling_method>Non-Probability Sample</sampling_method>
    <criteria>
      <textblock>
        Inclusion Criteria:&#xD;
&#xD;
          -  Age&gt; 18 years&#xD;
&#xD;
          -  Adult patients admitted with severe acute respiratory syndrome coronavirus-2&#xD;
             (SARS-CoV-2) positivity (by real time-PCR) from nasal swab or deep respiratory&#xD;
             specimen or with clinical signs suggestive of SARS-Cov-2&#xD;
&#xD;
          -  Patients who have signed informed consent. If there is no possibility of obtaining&#xD;
             informed consent for the clinical picture (eg adult patients sedated and curarized for&#xD;
             acute respiratory failure and consequent mechanical ventilation), the patient's&#xD;
             consent will be assumed until the contrary will be manifested.&#xD;
&#xD;
        Exclusion Criteria:&#xD;
&#xD;
        -&#xD;
      </textblock>
    </criteria>
    <gender>All</gender>
    <minimum_age>18 Years</minimum_age>
    <maximum_age>N/A</maximum_age>
    <healthy_volunteers>No</healthy_volunteers>
  </eligibility>
  <location>
    <facility>
      <name>Papa Giovanni XXIII Hospital - S.I.M.T.</name>
      <address>
        <city>Bergamo</city>
        <zip>24127</zip>
        <country>Italy</country>
      </address>
    </facility>
    <status>Recruiting</status>
    <contact>
      <last_name>Anna Falanga, MD</last_name>
      <phone>+390352674776</phone>
      <email>annafalanga@icthic.com</email>
    </contact>
    <contact_backup>
      <last_name>Laura Russo, BSc</last_name>
      <email>laurarusso78@yahoo.it</email>
    </contact_backup>
  </location>
  <location_countries>
    <country>Italy</country>
  </location_countries>
  <verification_date>October 2020</verification_date>
  <study_first_submitted>September 14, 2020</study_first_submitted>
  <study_first_submitted_qc>October 19, 2020</study_first_submitted_qc>
  <study_first_posted type="Actual">October 20, 2020</study_first_posted>
  <last_update_submitted>October 19, 2020</last_update_submitted>
  <last_update_submitted_qc>October 19, 2020</last_update_submitted_qc>
  <last_update_posted type="Actual">October 20, 2020</last_update_posted>
  <responsible_party>
    <responsible_party_type>Sponsor-Investigator</responsible_party_type>
    <investigator_affiliation>A.O. Ospedale Papa Giovanni XXIII</investigator_affiliation>
    <investigator_full_name>ANNA FALANGA</investigator_full_name>
    <investigator_title>Principal Investigator</investigator_title>
  </responsible_party>
  <keyword>covid19</keyword>
  <keyword>Hospitalized patients</keyword>
  <keyword>coagulation</keyword>
  <condition_browse>
    <!-- CAUTION:  The following MeSH terms are assigned with an imperfect algorithm            -->
    <mesh_term>Thrombosis</mesh_term>
  </condition_browse>
  <patient_data>
    <sharing_ipd>No</sharing_ipd>
  </patient_data>
  <!-- Results have not yet been posted for this study                                          -->
</clinical_study>

