<?xml version="1.0" encoding="UTF-8"?>
<clinical_study rank="3222">
  <!-- This xml conforms to an XML Schema at:
    https://clinicaltrials.gov/ct2/html/images/info/public.xsd -->
  <required_header>
    <download_date>ClinicalTrials.gov processed this data on February 18, 2021</download_date>
    <link_text>Link to the current ClinicalTrials.gov record.</link_text>
    <url>https://clinicaltrials.gov/show/NCT04360538</url>
  </required_header>
  <id_info>
    <org_study_id>20-0538</org_study_id>
    <nct_id>NCT04360538</nct_id>
  </id_info>
  <brief_title>Long Term Outcomes of Patients With COVID-19</brief_title>
  <acronym>COVID19 LTFU</acronym>
  <official_title>Long Term Outcomes of Patients With COVID-19</official_title>
  <sponsors>
    <lead_sponsor>
      <agency>University of Chicago</agency>
      <agency_class>Other</agency_class>
    </lead_sponsor>
  </sponsors>
  <source>University of Chicago</source>
  <oversight_info>
    <has_dmc>No</has_dmc>
    <is_fda_regulated_drug>No</is_fda_regulated_drug>
    <is_fda_regulated_device>No</is_fda_regulated_device>
  </oversight_info>
  <brief_summary>
    <textblock>
      The investigators hypothesize that those with respiratory failure due to COVID-19 will have&#xD;
      different burdens of mental and physical disability than those with respiratory failure who&#xD;
      do not have COVID-19. Detecting these potential differences will lay an important foundation&#xD;
      for treating long term sequelae of respiratory failure in these two cohorts.&#xD;
    </textblock>
  </brief_summary>
  <detailed_description>
    <textblock>
      The aim of this proposal to is to understand the extent and degree of physical disability,&#xD;
      psychological sequelae, and cognitive dysfunction survivors of COVID-19 related critical&#xD;
      illness will have upon hospital discharge, 6 months, and up to one year post discharge. These&#xD;
      outcomes of interest will be evaluated prospectively. The investigators will perform these&#xD;
      measures in Covid-19 patients with respiratory failure and compare them to non-Covid-19&#xD;
      patients with respiratory failure. The investigators also seek to determine the risk factors&#xD;
      of these long-term complications in order to guide providers as to which patients should be&#xD;
      screened for these deficits. Finally, the investigators will examine the association of&#xD;
      various critical care interventions such as invasive versus noninvasive mechanical&#xD;
      ventilation or use of sedatives and their effects on disability and cognitive dysfunction.&#xD;
    </textblock>
  </detailed_description>
  <overall_status>Recruiting</overall_status>
  <start_date type="Actual">April 8, 2020</start_date>
  <completion_date type="Anticipated">December 30, 2021</completion_date>
  <primary_completion_date type="Anticipated">July 1, 2021</primary_completion_date>
  <study_type>Observational</study_type>
  <has_expanded_access>No</has_expanded_access>
  <study_design_info>
    <observational_model>Cohort</observational_model>
    <time_perspective>Prospective</time_perspective>
  </study_design_info>
  <primary_outcome>
    <measure>Quality of Life score</measure>
    <time_frame>up to 12 months after discharge</time_frame>
    <description>SF-36 score</description>
  </primary_outcome>
  <secondary_outcome>
    <measure>cognitive dysfunction</measure>
    <time_frame>up to 12 months after discharge</time_frame>
    <description>Montreal Cognitive Assessment (MoCA) score</description>
  </secondary_outcome>
  <secondary_outcome>
    <measure>Functional Status Score</measure>
    <time_frame>up to 12 months after discharge</time_frame>
    <description>(FSS-ICU)</description>
  </secondary_outcome>
  <secondary_outcome>
    <measure>Physical Disability</measure>
    <time_frame>up to 12 months after discharge</time_frame>
    <description>MRC neuromuscular Assessment</description>
  </secondary_outcome>
  <secondary_outcome>
    <measure>Psychological Sequelae</measure>
    <time_frame>up to 12 months after discharge</time_frame>
    <description>Impact Event Score</description>
  </secondary_outcome>
  <other_outcome>
    <measure>hospital anxiety and depression</measure>
    <time_frame>up to 12 months after discharge</time_frame>
    <description>hospital anxiety and depression scale</description>
  </other_outcome>
  <other_outcome>
    <measure>ICU related complications</measure>
    <time_frame>hospitalization up to 6 weeks</time_frame>
    <description>including ventilator associated pneumonia, GI hemorrhage, Deep Vein Thrombosis (DVT) /Pulmonary Embolus (PE), sacral decubitus ulcer, delirium, ICU acquired weakness</description>
  </other_outcome>
  <other_outcome>
    <measure>hospital discharge location</measure>
    <time_frame>hospital discharge up to 6 weeks</time_frame>
    <description>measure the location (home, rehabilitation center, nursing home</description>
  </other_outcome>
  <other_outcome>
    <measure>lCU length of stay</measure>
    <time_frame>hospitalization up to 6 weeks</time_frame>
    <description>number of days admitted to the ICU</description>
  </other_outcome>
  <other_outcome>
    <measure>hospital length of stay</measure>
    <time_frame>hospitalization up to 6 weeks</time_frame>
    <description>number of days admitted to the hospital</description>
  </other_outcome>
  <number_of_groups>2</number_of_groups>
  <enrollment type="Anticipated">500</enrollment>
  <condition>Critical Illness</condition>
  <condition>Corona Virus Infection</condition>
  <condition>Respiratory Failure</condition>
  <condition>Covid-19</condition>
  <arm_group>
    <arm_group_label>COVID19 positive</arm_group_label>
    <description>ICU patients coronavirus positive</description>
  </arm_group>
  <arm_group>
    <arm_group_label>non-COVID19</arm_group_label>
    <description>ICU patients without coronavirus</description>
  </arm_group>
  <intervention>
    <intervention_type>Other</intervention_type>
    <intervention_name>Quality of Life</intervention_name>
    <description>Physical disability assessment tool</description>
    <arm_group_label>COVID19 positive</arm_group_label>
    <arm_group_label>non-COVID19</arm_group_label>
    <other_name>SF-36</other_name>
  </intervention>
  <intervention>
    <intervention_type>Other</intervention_type>
    <intervention_name>Impact Event Score</intervention_name>
    <description>Psychological Sequelae assessment tool</description>
    <arm_group_label>COVID19 positive</arm_group_label>
    <other_name>IES-R</other_name>
  </intervention>
  <intervention>
    <intervention_type>Other</intervention_type>
    <intervention_name>Hospital anxiety and depression scale</intervention_name>
    <description>Psychological Sequelae assessment tool</description>
    <arm_group_label>COVID19 positive</arm_group_label>
  </intervention>
  <eligibility>
    <study_pop>
      <textblock>
        adult patients admitted to the intensive care unit&#xD;
      </textblock>
    </study_pop>
    <sampling_method>Probability Sample</sampling_method>
    <criteria>
      <textblock>
        Inclusion Criteria:&#xD;
&#xD;
          -  adult patients admitted to the ICU&#xD;
&#xD;
        Exclusion Criteria:&#xD;
&#xD;
          -  none&#xD;
      </textblock>
    </criteria>
    <gender>All</gender>
    <minimum_age>18 Years</minimum_age>
    <maximum_age>N/A</maximum_age>
    <healthy_volunteers>No</healthy_volunteers>
  </eligibility>
  <overall_contact>
    <last_name>Bhakti Patel, MD</last_name>
    <phone>773-702-6800</phone>
    <phone_ext>3349</phone_ext>
    <email>bpatel@medicine.bsd.uchicago.edu</email>
  </overall_contact>
  <overall_contact_backup>
    <last_name>Anne Pohlman, MSN</last_name>
    <phone>773-702-3804</phone>
    <email>apohlman@medicine.bsd.uchicago.edu</email>
  </overall_contact_backup>
  <location>
    <facility>
      <name>University of Chicago Medical Center</name>
      <address>
        <city>Chicago</city>
        <state>Illinois</state>
        <zip>60637</zip>
        <country>United States</country>
      </address>
    </facility>
    <status>Recruiting</status>
    <contact>
      <last_name>Bhakti Patel, MD</last_name>
      <phone>773-702-6800</phone>
      <phone_ext>3349</phone_ext>
      <email>bpatel@medicine.bsd.uchicago.edu</email>
    </contact>
    <contact_backup>
      <last_name>Anne Pohlman, MSN</last_name>
      <phone>773-702-3804</phone>
      <email>apohlman@medicine.bsd.uchicago.edu</email>
    </contact_backup>
    <investigator>
      <last_name>John Kress, MD</last_name>
      <role>Sub-Investigator</role>
    </investigator>
    <investigator>
      <last_name>Krysta Wolfe, MD</last_name>
      <role>Sub-Investigator</role>
    </investigator>
  </location>
  <location_countries>
    <country>United States</country>
  </location_countries>
  <verification_date>April 2020</verification_date>
  <study_first_submitted>April 16, 2020</study_first_submitted>
  <study_first_submitted_qc>April 22, 2020</study_first_submitted_qc>
  <study_first_posted type="Actual">April 24, 2020</study_first_posted>
  <last_update_submitted>April 22, 2020</last_update_submitted>
  <last_update_submitted_qc>April 22, 2020</last_update_submitted_qc>
  <last_update_posted type="Actual">April 24, 2020</last_update_posted>
  <responsible_party>
    <responsible_party_type>Sponsor</responsible_party_type>
  </responsible_party>
  <keyword>long term outcomes</keyword>
  <keyword>mechanical ventilation</keyword>
  <keyword>noninvasive ventilation</keyword>
  <condition_browse>
    <!-- CAUTION:  The following MeSH terms are assigned with an imperfect algorithm            -->
    <mesh_term>Coronavirus Infections</mesh_term>
    <mesh_term>Severe Acute Respiratory Syndrome</mesh_term>
    <mesh_term>Respiratory Insufficiency</mesh_term>
    <mesh_term>Critical Illness</mesh_term>
  </condition_browse>
  <patient_data>
    <sharing_ipd>No</sharing_ipd>
  </patient_data>
  <!-- Results have not yet been posted for this study                                          -->
</clinical_study>

