<?xml version="1.0" encoding="UTF-8"?>
<clinical_study rank="389">
  <!-- This xml conforms to an XML Schema at:
    https://clinicaltrials.gov/ct2/html/images/info/public.xsd -->
  <required_header>
    <download_date>ClinicalTrials.gov processed this data on February 18, 2021</download_date>
    <link_text>Link to the current ClinicalTrials.gov record.</link_text>
    <url>https://clinicaltrials.gov/show/NCT04542850</url>
  </required_header>
  <id_info>
    <org_study_id>68 / 02-Aug-2020</org_study_id>
    <nct_id>NCT04542850</nct_id>
  </id_info>
  <brief_title>Pilot Study to Evaluate the Safety, Tolerability, and Efficacy of 5-ALA-Phosphate + SFC in Subjects With COVID-19</brief_title>
  <official_title>An Open-Label, Pilot Study to Evaluate the Safety, Tolerability, and Efficacy of 5-Aminolevulinic Acid Phosphate and Sodium Ferrous Citrate (5-ALA-Phosphate + SFC) in Subjects With SARS-CoV-2 Infection (COVID-19)</official_title>
  <sponsors>
    <lead_sponsor>
      <agency>Royal College of Surgeons in Ireland - Medical University of Bahrain</agency>
      <agency_class>Other</agency_class>
    </lead_sponsor>
    <collaborator>
      <agency>Bahrain Defence Force Hospital</agency>
      <agency_class>Other</agency_class>
    </collaborator>
  </sponsors>
  <source>Royal College of Surgeons in Ireland - Medical University of Bahrain</source>
  <oversight_info>
    <has_dmc>Yes</has_dmc>
    <is_fda_regulated_drug>No</is_fda_regulated_drug>
    <is_fda_regulated_device>No</is_fda_regulated_device>
  </oversight_info>
  <brief_summary>
    <textblock>
      This is an open-label, interventional exploratory study to evaluate the safety and efficacy&#xD;
      of 5-ALA-Phosphate + SFC in subjects with acute moderate or severe respiratory illness&#xD;
      secondary to infection with SARS-CoV-2 virus (COVID-19) involving 40 subjects.&#xD;
&#xD;
      The primary objective is to evaluate the safety of 4-week oral administration of&#xD;
      5-ALAPhosphate + SFC. This study is expected to last for 4 weeks and will include follow-up&#xD;
      until day 28 in the hospital or in an outpatient setting if the subjects are discharged&#xD;
      earlier.&#xD;
    </textblock>
  </brief_summary>
  <detailed_description>
    <textblock>
      This is an open-label, interventional exploratory study to evaluate the safety and efficacy&#xD;
      of 5-ALA-Phosphate + SFC in subjects with acute moderate or severe respiratory illness&#xD;
      secondary to infection with SARS-CoV-2 virus (COVID-19).&#xD;
&#xD;
      Heme is critical for appropriate oxygen binding and delivery to remote site and without the&#xD;
      heme contained within the hemoglobin tetramer, multicellular organisms would be unable to&#xD;
      survive. Furthermore HO-1 degrades heme into biliverdin, carbon monoxide (CO), and iron, and&#xD;
      biliverdin is immediately reduced and turned into bilirubin by biliverdin reductase.&#xD;
      Biliverdin/bilirubin and CO both have anti-oxidative functions and they regulate important&#xD;
      biological processes like inflammation, apoptosis, cell proliferation, fibrosis, and&#xD;
      angiogenesis. Therefore, HO-1 is deemed to be a promising drug target (Ryter 2006). HO-1 is a&#xD;
      major anti-inflammatory enzyme and a key regulator that induces immune tolerance.&#xD;
      5-ALA-Phosphate + SFC increases heme metabolism and HO-1 via enhancement of porphyrin biology&#xD;
      and utilizes the HO-1 for endothelial pacification strategy.&#xD;
&#xD;
      The primary endpoints of this study is- all treatment emergent AEs and SAEs Grade III and IV&#xD;
      (CTC) with reasonable possibility of causal relationship to 5-ALA-Phosphate + SFC. 40&#xD;
      subjects with symptoms requiring hospitalization will be enrolled in thestudy, with 20&#xD;
      subjects enrolled in each group below:&#xD;
&#xD;
      Group 1: 20 Moderately ill hospitalized subjects not requiring assisted ventilation Group 2:&#xD;
      20 Severely ill hospitalized subjects requiring assisted ventilation&#xD;
&#xD;
      The duration of this clinical study will be 4 weeks, and follow-up will be performed until&#xD;
      Day 28 in hospital, or in an outpatient setting if subjects improve and are discharged home&#xD;
      or to alternative care facility.&#xD;
    </textblock>
  </detailed_description>
  <overall_status>Recruiting</overall_status>
  <start_date type="Actual">November 15, 2020</start_date>
  <completion_date type="Anticipated">September 15, 2021</completion_date>
  <primary_completion_date type="Anticipated">June 15, 2021</primary_completion_date>
  <phase>N/A</phase>
  <study_type>Interventional</study_type>
  <has_expanded_access>No</has_expanded_access>
  <study_design_info>
    <allocation>N/A</allocation>
    <intervention_model>Single Group Assignment</intervention_model>
    <intervention_model_description>This is an open label pilot study involving 40 patients with COVID-19 disease. Patients that are hospitalized due to confirmed SARS-CoV-2 infection will be assigned to two groups according o their severity grade (moderate or severe).</intervention_model_description>
    <primary_purpose>Treatment</primary_purpose>
    <masking>None (Open Label)</masking>
  </study_design_info>
  <primary_outcome>
    <measure>The incidence of treatment emergent Adverse Events (safety and tolerability) of 5-ALA-Phospate + SFC in patients with acute moderate or severe respiratory illness secondary to infection with SARS-CoV-2 virus (COVID-19).</measure>
    <time_frame>28 days</time_frame>
    <description>To describe the incidence of treatment-emergent Adverse Events (TEAEs) of CTC Grades III and IV within four weeks following base line dose.</description>
  </primary_outcome>
  <secondary_outcome>
    <measure>Sum COVID-19 Modified Ordinal Scale for Clinical Improvement maximum daily score over 28 days of dosing for Moderate group and for Severe group</measure>
    <time_frame>28 days</time_frame>
    <description>To describe patient's condition in Moderate and Severe group using average, median, minimum and maximum in COVID-19 Modified Ordinal Scale for Clinical Improvement score.</description>
  </secondary_outcome>
  <secondary_outcome>
    <measure>Rate of change in COVID-19 Modified Ordinal Scale for Clinical Improvement maximum daily score over 28 days of dosing for individual subjects in Moderate group and in Severe group</measure>
    <time_frame>28 days</time_frame>
    <description>To describe patient´s condition in Moderate and Severe Group using rate of change in COVID-19 Modified Ordinal Scale for Clinical Improvement score.</description>
  </secondary_outcome>
  <secondary_outcome>
    <measure>Patient and subgroup profile of COVID-19 Modified Ordinal Scale for Clinical Improvement score vs. days hospitalized</measure>
    <time_frame>28 days</time_frame>
    <description>To describe patient´s condition in Moderate and Severe Group using patient and subgroup profile of COVID-19 Modified Ordinal Scale for Clinical Improvement score vs. days hospitalized.</description>
  </secondary_outcome>
  <secondary_outcome>
    <measure>Overall survival</measure>
    <time_frame>day 14 and day 28</time_frame>
    <description>To describe time until death from any cause</description>
  </secondary_outcome>
  <secondary_outcome>
    <measure>Results of investigator´s assessment of patient´s oxygen therapy</measure>
    <time_frame>28 days</time_frame>
    <description>To describe patient´s blood oxygenation</description>
  </secondary_outcome>
  <secondary_outcome>
    <measure>Results of mechanical ventilation settings</measure>
    <time_frame>28 days</time_frame>
    <description>To describe mechanical ventilation settings course during study.</description>
  </secondary_outcome>
  <secondary_outcome>
    <measure>Results of duration of ventilation</measure>
    <time_frame>from date of enrolment until the extubation or until last 5-ALA- Phosphate -SFC administration on day 28</time_frame>
    <description>To describe duration of patient´s ventilation</description>
  </secondary_outcome>
  <secondary_outcome>
    <measure>The time to resolution of patient´s symptoms</measure>
    <time_frame>28 days</time_frame>
    <description>To describe patient´s specific symptoms course during study.</description>
  </secondary_outcome>
  <secondary_outcome>
    <measure>Results of patient´s oxygen saturation (respiratory parameters)</measure>
    <time_frame>28 days</time_frame>
    <description>To describe patient´s oxygen saturation course during study.</description>
  </secondary_outcome>
  <secondary_outcome>
    <measure>Length of hospitalization</measure>
    <time_frame>From date of enrolment until last 5-ALA- Phosphate -SFC administration at day 28</time_frame>
    <description>To describe duration of hospitalization in the patient groups.</description>
  </secondary_outcome>
  <secondary_outcome>
    <measure>The total time in ICU</measure>
    <time_frame>From date of enrolment until last 5-ALA- Phosphate -SFC administration at day 28</time_frame>
    <description>To describe duration of residence in ICU in the patient groups.</description>
  </secondary_outcome>
  <secondary_outcome>
    <measure>Results of investigator´s assessment of patient´s condition using (q)SOFA score</measure>
    <time_frame>day 0, 2, 3, 5, 7, 10, 14, 21, 28</time_frame>
    <description>To describe patient´s (q)SOFA score course during study.</description>
  </secondary_outcome>
  <secondary_outcome>
    <measure>Results of patient´s PT parameter</measure>
    <time_frame>day 0, 2, 3, 5, 7, 10, 14, 21, 28</time_frame>
    <description>To describe patient´s coagulation function course during study which by evaluating the PT value.</description>
  </secondary_outcome>
  <secondary_outcome>
    <measure>Results of patient´s D-Dimer parameter</measure>
    <time_frame>day 0, 2, 3, 5, 7, 10, 14, 21, 28</time_frame>
    <description>To describe patient´s coagulation function course during study which by evaluating the D-Dimer value.</description>
  </secondary_outcome>
  <secondary_outcome>
    <measure>Results of patient´s PTT parameter</measure>
    <time_frame>day 0, 2, 3, 5, 7, 10, 14, 21, 28</time_frame>
    <description>To describe patient´s coagulation function course during study which by evaluating the PTT value.</description>
  </secondary_outcome>
  <secondary_outcome>
    <measure>Results of patient´s SARS-CoV-2 viral load status (efficacy)</measure>
    <time_frame>day 7, 14 and 28</time_frame>
    <description>To describe patient's SARS-CoV-2 viral load course during study.</description>
  </secondary_outcome>
  <secondary_outcome>
    <measure>Results of patient´s Procalcitonin level.</measure>
    <time_frame>day 0, 2, 3, 5, 7, 10, 14, 21, 28</time_frame>
    <description>To describe infection parameter course of each patient during study by evaluating the Procalcitonin value.</description>
  </secondary_outcome>
  <secondary_outcome>
    <measure>Results of patient´s IL-6 level</measure>
    <time_frame>day 0, 2, 3, 5, 7, 10, 14, 21, 28</time_frame>
    <description>To describe infection parameter course of each patient during study by evaluating the IL-6 value.</description>
  </secondary_outcome>
  <secondary_outcome>
    <measure>Results of patient´s Serum Ferritin level</measure>
    <time_frame>day 0, 2, 3, 5, 7, 10, 14, 21, 28</time_frame>
    <description>To describe infection parameter course of each patient during study by evaluating the Serum ferritin value.</description>
  </secondary_outcome>
  <secondary_outcome>
    <measure>Results of patient´s C-Reactive protein (CRP) level</measure>
    <time_frame>day 0, 2, 3, 5, 7, 10, 14, 21, 28</time_frame>
    <description>To describe infection parameter course of each patient during study by evaluating the C-Reactive protein (CRP) value.</description>
  </secondary_outcome>
  <secondary_outcome>
    <measure>Results of patient´s T helper cells (CD4/CD8) level.</measure>
    <time_frame>day 0, 2, 3, 5, 7, 10, 14, 21, 28</time_frame>
    <description>To describe infection parameter course of each patient during study by evaluating the T helper cells (CD4/CD8) value.</description>
  </secondary_outcome>
  <secondary_outcome>
    <measure>Results of patient´s Bilirubin level.</measure>
    <time_frame>day 0, 2, 3, 5, 7, 10, 14, 21, 28</time_frame>
    <description>To describe infection parameter course of each patient during study by evaluating the Bilirubin value.</description>
  </secondary_outcome>
  <secondary_outcome>
    <measure>Results on patient´s Leucocytes</measure>
    <time_frame>day 0, 2, 3, 5, 7, 10, 14, 21, 28</time_frame>
    <description>To describe laboratory assessments course during study by evaluating Leucocytes value</description>
  </secondary_outcome>
  <secondary_outcome>
    <measure>Results on patient´s Neutrophils</measure>
    <time_frame>day 0, 2, 3, 5, 7, 10, 14, 21, 28</time_frame>
    <description>To describe laboratory assessments course during study by evaluating Neutrophils value</description>
  </secondary_outcome>
  <secondary_outcome>
    <measure>Results on patient´s Lymphocyte</measure>
    <time_frame>day 0, 2, 3, 5, 7, 10, 14, 21, 28</time_frame>
    <description>To describe laboratory assessments course during study by evaluating Lymphocyte value</description>
  </secondary_outcome>
  <secondary_outcome>
    <measure>Results on patient´s Platelets</measure>
    <time_frame>day 0, 2, 3, 5, 7, 10, 14, 21, 28</time_frame>
    <description>To describe laboratory assessments course during study by evaluating Platelets value</description>
  </secondary_outcome>
  <secondary_outcome>
    <measure>Results on patient´s Hemoglobin</measure>
    <time_frame>day 0, 2, 3, 5, 7, 10, 14, 21, 28</time_frame>
    <description>To describe laboratory assessments course during study by evaluating Hemoglobin value</description>
  </secondary_outcome>
  <secondary_outcome>
    <measure>Results on patient´s Albumin</measure>
    <time_frame>day 0, 2, 3, 5, 7, 10, 14, 21, 28</time_frame>
    <description>To describe laboratory assessments course during study by evaluating Albumin value</description>
  </secondary_outcome>
  <secondary_outcome>
    <measure>Results on patient´s AST</measure>
    <time_frame>day 0, 2, 3, 5, 7, 10, 14, 21, 28</time_frame>
    <description>To describe laboratory assessments course during study by evaluating AST value</description>
  </secondary_outcome>
  <secondary_outcome>
    <measure>Results on patient´s ALT</measure>
    <time_frame>day 0, 2, 3, 5, 7, 10, 14, 21, 28</time_frame>
    <description>To describe laboratory assessments course during study by evaluating ALT value</description>
  </secondary_outcome>
  <secondary_outcome>
    <measure>Results on patient´s Total bilirubin</measure>
    <time_frame>day 0, 2, 3, 5, 7, 10, 14, 21, 28</time_frame>
    <description>To describe laboratory assessments course during study by evaluating Total bilirubin value</description>
  </secondary_outcome>
  <secondary_outcome>
    <measure>Results on patient´s Blood urea nitrogen</measure>
    <time_frame>day 0, 2, 3, 5, 7, 10, 14, 21, 28</time_frame>
    <description>To describe laboratory assessments course during study by evaluating Blood urea nitrogen value</description>
  </secondary_outcome>
  <secondary_outcome>
    <measure>Results on patient´s Serum creatinine</measure>
    <time_frame>day 0, 2, 3, 5, 7, 10, 14, 21, 28</time_frame>
    <description>To describe laboratory assessments course during study by evaluating Serum creatinine value</description>
  </secondary_outcome>
  <secondary_outcome>
    <measure>Results on patient´s Creatinine kinase</measure>
    <time_frame>day 0, 2, 3, 5, 7, 10, 14, 21, 28</time_frame>
    <description>To describe laboratory assessments course during study by evaluating Creatinine kinase value</description>
  </secondary_outcome>
  <secondary_outcome>
    <measure>Results on patient´s LDH</measure>
    <time_frame>day 0, 2, 3, 5, 7, 10, 14, 21, 28</time_frame>
    <description>To describe laboratory assessments course during study by evaluating LDH value</description>
  </secondary_outcome>
  <secondary_outcome>
    <measure>Results on patient´s Myoglobin glucose</measure>
    <time_frame>day 0, 2, 3, 5, 7, 10, 14, 21, 28</time_frame>
    <description>To describe laboratory assessments course during study by evaluating Myoglobin glucose value</description>
  </secondary_outcome>
  <secondary_outcome>
    <measure>Results on patient´s aPTT</measure>
    <time_frame>day 0, 2, 3, 5, 7, 10, 14, 21, 28</time_frame>
    <description>To describe laboratory assessments course during study by evaluating aPTT value</description>
  </secondary_outcome>
  <secondary_outcome>
    <measure>Results on patient´s urine</measure>
    <time_frame>day 0, 2, 3, 5, 7, 10, 14, 21, 28</time_frame>
    <description>To describe laboratory assessments course during study by evaluating urinalysis (urine test strip)</description>
  </secondary_outcome>
  <secondary_outcome>
    <measure>Results on hepatic function</measure>
    <time_frame>day 0, 2, 3, 5, 7, 10, 14, 21, 28</time_frame>
    <description>To describe laboratory assessments course during study by evaluating hepatic function</description>
  </secondary_outcome>
  <secondary_outcome>
    <measure>Results on patient´s renal function</measure>
    <time_frame>day 0, 2, 3, 5, 7, 10, 14, 21, 28</time_frame>
    <description>To describe laboratory assessments course during study by evaluating renal function</description>
  </secondary_outcome>
  <secondary_outcome>
    <measure>Results on patient´s iron parameters</measure>
    <time_frame>day 0, 2, 3, 5, 7, 10, 14, 21, 28</time_frame>
    <description>To describe laboratory assessments course during study by evaluating iron parameters</description>
  </secondary_outcome>
  <secondary_outcome>
    <measure>Results on patient´s physical examination</measure>
    <time_frame>day 0, 2, 3, 5, 7, 10, 14, 21, 28</time_frame>
    <description>To describe patient´s conditions course during study using physical examination which include General Appearance, ENT, Respiratory, Cardiovascular, Musculoskeletal, Skin and Neurological.</description>
  </secondary_outcome>
  <secondary_outcome>
    <measure>Results on patient´s Co-infections</measure>
    <time_frame>28 days</time_frame>
    <description>To describe patient's Co-infections course during study.</description>
  </secondary_outcome>
  <secondary_outcome>
    <measure>Results on patient´s Care Level</measure>
    <time_frame>28 days</time_frame>
    <description>To describe patient´s care level course during study.</description>
  </secondary_outcome>
  <secondary_outcome>
    <measure>Results on patient´s Mean arterial pressure(MAP)</measure>
    <time_frame>28 days</time_frame>
    <description>To describe patient´s vital signs course during study by evaluating Mean arterial pressure(MAP)</description>
  </secondary_outcome>
  <secondary_outcome>
    <measure>Results on patient´s heart rate (HR)</measure>
    <time_frame>28 days</time_frame>
    <description>To describe patient´s vital signs course during study by evaluating heart rate (HR)</description>
  </secondary_outcome>
  <secondary_outcome>
    <measure>Results on patient´s respiratory rate (RR)</measure>
    <time_frame>28 days</time_frame>
    <description>To describe patient´s vital signs course during study by evaluating respiratory rate (RR)</description>
  </secondary_outcome>
  <secondary_outcome>
    <measure>Results on patient´s 12-lead ECG</measure>
    <time_frame>day 0, 7, 14 and 28</time_frame>
    <description>To describe patient´s 12-lead ECG result course during study.</description>
  </secondary_outcome>
  <secondary_outcome>
    <measure>Organ damage</measure>
    <time_frame>28 days</time_frame>
    <description>To describe patient´s organ damage status during the study</description>
  </secondary_outcome>
  <number_of_arms>1</number_of_arms>
  <enrollment type="Anticipated">40</enrollment>
  <condition>SARS-CoV 2</condition>
  <condition>COVID-19</condition>
  <arm_group>
    <arm_group_label>Moderate group and Severe Group</arm_group_label>
    <arm_group_type>Other</arm_group_type>
    <description>Moderate group - not requiring assisted ventilation and Severe group - requiring assisted ventilation. Both groups will be administered 5-aminolevulinic acid (5-ALA) is a natural delta amino acid widely present in nature that can be found in common food. 5-ALA combined with sodium ferrous citrate (SFC) produces the nutritional dietary supplement 5-ALA-Phosphate + SFC (5-ALA + SFC).</description>
  </arm_group>
  <intervention>
    <intervention_type>Dietary Supplement</intervention_type>
    <intervention_name>5-ALA-Phosphate + SFC (5-ALA + SFC)</intervention_name>
    <description>Moderately ill hospitalized patients (not requiring assisted ventilation) will receive:&#xD;
250 mg 5-ALA-Phosphate and 143.4 mg SFC (15.2 mg as Fe) two times daily (resulting in 500 mg 5-ALA-Phosphate and 286.8 mg SFC (30.4 mg as Fe) daily) for 7 days, then 250 mg 5-ALA-Phosphate and 143.4 mg SFC (15.2 mg as Fe) once daily for 21 days&#xD;
Severely ill hospitalized patients (requiring assisted ventilation) will receive:&#xD;
250 mg 5-ALA-Phosphate and 143.4 mg SFC (15.2 mg as Fe) three times daily (resulting in 750 mg 5-ALA-Phosphate and 430.2 mg SFC (45.6 mg as Fe) daily) for 7 days, then 250 mg 5-ALA-Phosphate and 143.4 mg SFC (15.2 mg as Fe) once daily for 21 days</description>
    <arm_group_label>Moderate group and Severe Group</arm_group_label>
  </intervention>
  <eligibility>
    <criteria>
      <textblock>
        Inclusion Criteria:&#xD;
&#xD;
          1. Willing and able to provide written informed consent, or with a legal representative&#xD;
             who can provide informed consent.&#xD;
&#xD;
          2. Aged ≥ 21 years (at all sites).&#xD;
&#xD;
          3. Severe Acute Respiratory Syndrome Coronavirus (SARS-CoV)-2 infection confirmed by&#xD;
             polymerase chain reaction (PCR) test ≤ 4 days before beginning dose regime.&#xD;
&#xD;
          4. qSOFA ≥ 1&#xD;
&#xD;
          5. Currently hospitalized&#xD;
&#xD;
          6. Peripheral capillary oxygen saturation (SpO2) &gt; 94% for moderate patients and &lt; 94%&#xD;
             for severe patients or requiring supplemental oxygen at screening.&#xD;
&#xD;
          7. Radiographic evidence (chest X-ray or chest CT scan) of pulmonary infiltrates.&#xD;
&#xD;
          8. Able to swallow 5 capsules of study product at dosing time points. If patient will be&#xD;
             nourished via a nasogastric tube, nasogastric administration of 5-ALA-Phosphate + SFC&#xD;
             will be allowed.&#xD;
&#xD;
        Exclusion Criteria:&#xD;
&#xD;
          1. Subject has acute or chronic type(s) of porphyria or a family history of porphyria.&#xD;
&#xD;
          2. Subject has demonstrated previous intolerance of 5-ALAPhosphate and/or SFC by topical&#xD;
             or oral administration (except for photosensitivity).&#xD;
&#xD;
          3. Pregnant or nursing women.&#xD;
&#xD;
          4. Males and females of reproductive potential who have not agreed to use an acceptable&#xD;
             method of contraception during the study.&#xD;
&#xD;
          5. Subjects who are unable or unwilling to comply with requirements of the clinical&#xD;
             trial.&#xD;
&#xD;
          6. Participation in any other clinical trial of an experimental treatment for COVID-19.&#xD;
&#xD;
          7. Evidence of multiorgan failure.&#xD;
&#xD;
          8. Alanine Aminotransferase (ALT) or aspartate aminotransferase (AST) &gt; 5 X upper limit&#xD;
             of normal (ULN).&#xD;
&#xD;
          9. Creatinine clearance &lt; 50 mL/min using the Cockcroft- Gault formula for participants ≥&#xD;
             18 years of age {Cockcroft1976}.&#xD;
&#xD;
         10. Subjects who may be excluded at the Investigator's discretion.&#xD;
      </textblock>
    </criteria>
    <gender>All</gender>
    <minimum_age>21 Years</minimum_age>
    <maximum_age>N/A</maximum_age>
    <healthy_volunteers>No</healthy_volunteers>
  </eligibility>
  <overall_official>
    <last_name>Abdullah Darwish, Dr</last_name>
    <role>Principal Investigator</role>
    <affiliation>Bahrain Defense Force Royal Medical Services, Military Hospital</affiliation>
  </overall_official>
  <overall_contact>
    <last_name>Abdulla Darwish, Dr</last_name>
    <phone>39666023</phone>
    <email>abdulla.darwish@bdfmedical.org</email>
  </overall_contact>
  <overall_contact_backup>
    <last_name>Mariam Murad, Dr</last_name>
    <phone>33981813</phone>
    <email>mmurad@rcsi.com</email>
  </overall_contact_backup>
  <location>
    <facility>
      <name>Bahrain Defense Force Royal Medical Services, Military Hospital</name>
      <address>
        <city>Manama</city>
        <country>Bahrain</country>
      </address>
    </facility>
    <status>Recruiting</status>
    <contact>
      <last_name>Abdulla Darwish, Dr</last_name>
      <phone>39666023</phone>
      <email>abdulla.darwish@bdfmedical.org</email>
    </contact>
    <investigator>
      <last_name>Abdulrahman Hasan Almadani, Dr</last_name>
      <role>Sub-Investigator</role>
    </investigator>
    <investigator>
      <last_name>Jalal Abdullah Al-Kahn, Dr</last_name>
      <role>Sub-Investigator</role>
    </investigator>
  </location>
  <location_countries>
    <country>Bahrain</country>
  </location_countries>
  <reference>
    <citation>El Kalamouni C, Frumence E, Bos S, Turpin J, Nativel B, Harrabi W, Wilkinson DA, Meilhac O, Gadea G, Desprès P, Krejbich-Trotot P, Viranaïcken W. Subversion of the Heme Oxygenase-1 Antiviral Activity by Zika Virus. Viruses. 2018 Dec 20;11(1). pii: E2. doi: 10.3390/v11010002.</citation>
    <PMID>30577437</PMID>
  </reference>
  <reference>
    <citation>Cockcroft DW, Gault MH. Prediction of creatinine clearance from serum creatinine. Nephron. 1976;16(1):31-41.</citation>
    <PMID>1244564</PMID>
  </reference>
  <reference>
    <citation>Devadas K, Dhawan S. Hemin activation ameliorates HIV-1 infection via heme oxygenase-1 induction. J Immunol. 2006 Apr 1;176(7):4252-7.</citation>
    <PMID>16547262</PMID>
  </reference>
  <reference>
    <citation>Hill-Batorski L, Halfmann P, Neumann G, Kawaoka Y. The cytoprotective enzyme heme oxygenase-1 suppresses Ebola virus replication. J Virol. 2013 Dec;87(24):13795-802. doi: 10.1128/JVI.02422-13. Epub 2013 Oct 9.</citation>
    <PMID>24109237</PMID>
  </reference>
  <reference>
    <citation>Hooper PL. COVID-19 and heme oxygenase: novel insight into the disease and potential therapies. Cell Stress Chaperones. 2020 Sep;25(5):707-710. doi: 10.1007/s12192-020-01126-9. Epub 2020 Jun 4. Review. Erratum in: Cell Stress Chaperones. 2020 Jun 29;:.</citation>
    <PMID>32500379</PMID>
  </reference>
  <reference>
    <citation>Ibáñez FJ, Farías MA, Retamal-Díaz A, Espinoza JA, Kalergis AM, González PA. Pharmacological Induction of Heme Oxygenase-1 Impairs Nuclear Accumulation of Herpes Simplex Virus Capsids upon Infection. Front Microbiol. 2017 Oct 31;8:2108. doi: 10.3389/fmicb.2017.02108. eCollection 2017.</citation>
    <PMID>29163402</PMID>
  </reference>
  <reference>
    <citation>Ito H, Nishio Y, Hara T, Sugihara H, Tanaka T, Li XK. Oral administration of 5-aminolevulinic acid induces heme oxygenase-1 expression in peripheral blood mononuclear cells of healthy human subjects in combination with ferrous iron. Eur J Pharmacol. 2018 Aug 15;833:25-33. doi: 10.1016/j.ejphar.2018.05.009. Epub 2018 May 10.</citation>
    <PMID>29753693</PMID>
  </reference>
  <reference>
    <citation>Nishio Y, Fujino M, Zhao M, Ishii T, Ishizuka M, Ito H, Takahashi K, Abe F, Nakajima M, Tanaka T, Taketani S, Nagahara Y, Li XK. 5-Aminolevulinic acid combined with ferrous iron enhances the expression of heme oxygenase-1. Int Immunopharmacol. 2014 Apr;19(2):300-7. doi: 10.1016/j.intimp.2014.02.003. Epub 2014 Feb 13.</citation>
    <PMID>24530569</PMID>
  </reference>
  <reference>
    <citation>Ogawa K, Sun J, Taketani S, Nakajima O, Nishitani C, Sassa S, Hayashi N, Yamamoto M, Shibahara S, Fujita H, Igarashi K. Heme mediates derepression of Maf recognition element through direct binding to transcription repressor Bach1. EMBO J. 2001 Jun 1;20(11):2835-43.</citation>
    <PMID>11387216</PMID>
  </reference>
  <reference>
    <citation>Protzer U, Seyfried S, Quasdorff M, Sass G, Svorcova M, Webb D, Bohne F, Hösel M, Schirmacher P, Tiegs G. Antiviral activity and hepatoprotection by heme oxygenase-1 in hepatitis B virus infection. Gastroenterology. 2007 Oct;133(4):1156-65. Epub 2007 Jul 25.</citation>
    <PMID>17919491</PMID>
  </reference>
  <reference>
    <citation>Ryter SW, Alam J, Choi AM. Heme oxygenase-1/carbon monoxide: from basic science to therapeutic applications. Physiol Rev. 2006 Apr;86(2):583-650. Review.</citation>
    <PMID>16601269</PMID>
  </reference>
  <reference>
    <citation>Saito K, Fujiwara T, Ota U, Hatta S, Ichikawa S, Kobayashi M, Okitsu Y, Fukuhara N, Onishi Y, Ishizuka M, Tanaka T, Harigae H. Dynamics of absorption, metabolism, and excretion of 5-aminolevulinic acid in human intestinal Caco-2 cells. Biochem Biophys Rep. 2017 Jul 13;11:105-111. doi: 10.1016/j.bbrep.2017.07.006. eCollection 2017 Sep.</citation>
    <PMID>28955775</PMID>
  </reference>
  <reference>
    <citation>Schmidt WN, Mathahs MM, Zhu Z. Heme and HO-1 Inhibition of HCV, HBV, and HIV. Front Pharmacol. 2012 Oct 4;3:129. doi: 10.3389/fphar.2012.00129. eCollection 2012.</citation>
    <PMID>23060790</PMID>
  </reference>
  <reference>
    <citation>Tseng CK, Lin CK, Wu YH, Chen YH, Chen WC, Young KC, Lee JC. Human heme oxygenase 1 is a potential host cell factor against dengue virus replication. Sci Rep. 2016 Aug 24;6:32176. doi: 10.1038/srep32176.</citation>
    <PMID>27553177</PMID>
  </reference>
  <reference>
    <citation>Zhong M, Wang H, Ma L, Yan H, Wu S, Gu Z, Li Y. DMO-CAP inhibits influenza virus replication by activating heme oxygenase-1-mediated IFN response. Virol J. 2019 Feb 20;16(1):21. doi: 10.1186/s12985-019-1125-9.</citation>
    <PMID>30786886</PMID>
  </reference>
  <reference>
    <citation>Brooks A., Study 8259980 5-ALA/SFC: A Phase I, Double-Blind, Placebo-Controlled, Single and Multiple Oral Dose, Safety, Tolerability and Pharmacokinetic Study in Healthy Caucasian and Japanese Subjects, Covance: Leeds and London, UK (2013)</citation>
  </reference>
  <reference>
    <citation>Investigator's Brochure, SBI Pharmaceuticals Internal Document: 5-Aminolevulinic Acid (5-ALA)Phosphate Version 1.0. July, 2020</citation>
  </reference>
  <reference>
    <citation>Matsumoto C., Study ALA-01 &quot;Bioequivalence study of test foods A, B, and C - Based on the PlasmaConcentration of 5-Aminolevulinic Acid.&quot; Kaiyu Clinic: Tokyo Japan (2010)</citation>
  </reference>
  <reference>
    <citation>World Health Organization (WHO) R&amp;D Blueprint: Novel Coronavirus COVID-19 Therapuetic Trial Synopsis. Draft dated February 18, 2020. Accesssed online 09Jul20 at https://www.who.int/blueprint/priority-diseases/key-action/COVID- 19_Treatment_Trial_Design_Master_Protocol_synopsis_Final_18022020.pdf</citation>
  </reference>
  <verification_date>September 2020</verification_date>
  <study_first_submitted>August 16, 2020</study_first_submitted>
  <study_first_submitted_qc>September 6, 2020</study_first_submitted_qc>
  <study_first_posted type="Actual">September 9, 2020</study_first_posted>
  <last_update_submitted>January 11, 2021</last_update_submitted>
  <last_update_submitted_qc>January 11, 2021</last_update_submitted_qc>
  <last_update_posted type="Actual">January 13, 2021</last_update_posted>
  <responsible_party>
    <responsible_party_type>Sponsor</responsible_party_type>
  </responsible_party>
  <keyword>5-ALAPhosphate + SFC</keyword>
  <keyword>COVID-19</keyword>
  <patient_data>
    <sharing_ipd>Yes</sharing_ipd>
    <ipd_description>Monitoring, audits, and REC review will be permitted and provide direct access to source data and documents. The Lead PI and the researchers assigned by him will have access to the stored data/specimens. Only the Lead PI and the researchers assigned working on this study will be eligible to obtain the data/specimens from the participants during data collection.</ipd_description>
    <ipd_info_type>Study Protocol</ipd_info_type>
    <ipd_info_type>Statistical Analysis Plan (SAP)</ipd_info_type>
    <ipd_info_type>Clinical Study Report (CSR)</ipd_info_type>
    <ipd_info_type>Analytic Code</ipd_info_type>
    <ipd_time_frame>Data will be collected in the case report form to allow for cross referencing to check validity.&#xD;
Study documents (paper) will be retained in a secure (kept locked when not in use) location during and after the trial has finished. All essential documents including source documents will be retained for a period of 5 years after study completion (last patient, last study point).</ipd_time_frame>
    <ipd_access_criteria>Study documents (paper) will be retained in a secure (kept locked when not in use) location during and after the trial has finished.</ipd_access_criteria>
  </patient_data>
  <!-- Results have not yet been posted for this study                                          -->
</clinical_study>

