<?xml version="1.0" encoding="UTF-8"?>
<clinical_study rank="745">
  <!-- This xml conforms to an XML Schema at:
    https://clinicaltrials.gov/ct2/html/images/info/public.xsd -->
  <required_header>
    <download_date>ClinicalTrials.gov processed this data on February 18, 2021</download_date>
    <link_text>Link to the current ClinicalTrials.gov record.</link_text>
    <url>https://clinicaltrials.gov/show/NCT04332081</url>
  </required_header>
  <id_info>
    <org_study_id>s20-00399</org_study_id>
    <nct_id>NCT04332081</nct_id>
  </id_info>
  <brief_title>Hyperbaric Oxygen for COVID-19 Patients</brief_title>
  <official_title>Open Label Single-Center Study of Emergency Hyperbaric Oxygen for Respiratory Distress in Patients With COVID-19</official_title>
  <sponsors>
    <lead_sponsor>
      <agency>NYU Langone Health</agency>
      <agency_class>Other</agency_class>
    </lead_sponsor>
  </sponsors>
  <source>NYU Langone Health</source>
  <oversight_info>
    <has_dmc>Yes</has_dmc>
    <is_fda_regulated_drug>No</is_fda_regulated_drug>
    <is_fda_regulated_device>Yes</is_fda_regulated_device>
    <is_us_export>Yes</is_us_export>
  </oversight_info>
  <brief_summary>
    <textblock>
      Hyperbaric oxygen therapy (HBOT) treatment will be provided to patients as an adjunct to&#xD;
      standard therapy for a cohort of 40 COVID19-positive patients with respiratory distress at&#xD;
      NYU Winthrop Hospital. All patients prior to the clinical application of HBOT will be&#xD;
      evaluated by the primary care team and hyperbaric physician. After the intervention portion&#xD;
      of this study, a chart review will be performed to compare the outcomes of intervention&#xD;
      patients versus patients who received standard of care.&#xD;
    </textblock>
  </brief_summary>
  <detailed_description>
    <textblock>
      This is a single center prospective pilot cohort study to evaluate the safety and efficacy of&#xD;
      hyperbaric oxygen therapy (HBOT) as an emergency investigational device for treating patients&#xD;
      with a novel coronavirus, disease, COVID-19. Patients that meet inclusion criteria will be&#xD;
      consented by the hyperbaric physician. They will then be transported from the ED or other&#xD;
      unit to the hyperbaric unit maintaining airborne precautions based on the most current&#xD;
      hospital protocol. All study personnel will have proper PPE at all times. The patient will&#xD;
      then be placed into the monoplace chamber and when the chamber door is closed the patient&#xD;
      will remove any respiratory filter/mask that was placed. The patient will receive 90 minutes&#xD;
      of hyperbaric oxygen at 2.0 ATA with or without airbreaks per the hyperbaric physician. Upon&#xD;
      completion of the treatment the patient will then return to the medical unit and continue all&#xD;
      standard of care. Additional treatments (up to 5) can be given if warranted and agreed upon&#xD;
      by the patient and all members of the team caring for the patient. After the intervention&#xD;
      portion of this study, a chart review will be performed to compare the outcomes of&#xD;
      intervention patients versus patients who received standard of care.&#xD;
    </textblock>
  </detailed_description>
  <overall_status>Terminated</overall_status>
  <why_stopped>
    The IRB has determined that the design of this trial should be changed to a randomized&#xD;
    controlled trial. A new record will be created for the redesigned study.&#xD;
  </why_stopped>
  <start_date type="Actual">April 6, 2020</start_date>
  <completion_date type="Actual">May 29, 2020</completion_date>
  <primary_completion_date type="Actual">May 29, 2020</primary_completion_date>
  <phase>N/A</phase>
  <study_type>Interventional</study_type>
  <has_expanded_access>No</has_expanded_access>
  <study_design_info>
    <allocation>Non-Randomized</allocation>
    <intervention_model>Single Group Assignment</intervention_model>
    <intervention_model_description>prospective pilot cohort study</intervention_model_description>
    <primary_purpose>Treatment</primary_purpose>
    <masking>None (Open Label)</masking>
  </study_design_info>
  <primary_outcome>
    <measure>Mortality</measure>
    <time_frame>duration of hospitalization: 5-7 days on average</time_frame>
  </primary_outcome>
  <secondary_outcome>
    <measure>Need for mechanical ventilation</measure>
    <time_frame>duration of hospitalization: 5-7 days on average</time_frame>
  </secondary_outcome>
  <secondary_outcome>
    <measure>Days on invasive mechanical ventilation</measure>
    <time_frame>duration of hospitalization: 5-7 days on average</time_frame>
  </secondary_outcome>
  <number_of_arms>2</number_of_arms>
  <enrollment type="Actual">20</enrollment>
  <condition>COVID-19</condition>
  <arm_group>
    <arm_group_label>Hyperbaric oxygen therapy (HBOT)</arm_group_label>
    <arm_group_type>Experimental</arm_group_type>
  </arm_group>
  <arm_group>
    <arm_group_label>Standard of Care</arm_group_label>
    <arm_group_type>No Intervention</arm_group_type>
  </arm_group>
  <intervention>
    <intervention_type>Device</intervention_type>
    <intervention_name>hyperbaric oxygen therapy (HBOT)</intervention_name>
    <description>The patient will receive 90 minutes of hyperbaric oxygen at 2.0 ATA with or without airbreaks per the hyperbaric physician. Upon completion of the treatment the patient will then return to the medial unit and continue all standard of care. Additional treatments (up to 5) can be given if warranted and agreed upon by the patient and all members of the team caring for the patient.</description>
    <arm_group_label>Hyperbaric oxygen therapy (HBOT)</arm_group_label>
  </intervention>
  <eligibility>
    <criteria>
      <textblock>
        Inclusion Criteria:&#xD;
&#xD;
        In order to be eligible to participate in this study, an individual must meet all of the&#xD;
        following criteria:&#xD;
&#xD;
          1. Male or female, age &gt; 18 years&#xD;
&#xD;
          2. Positive COVID 19 test&#xD;
&#xD;
          3. Respiratory compromise defined by SpO2 &lt;93%&#xD;
&#xD;
          4. Ability to sign informed consent&#xD;
&#xD;
        Exclusion Criteria:&#xD;
&#xD;
        An individual who meets any of the following criteria will be excluded from participation&#xD;
        in this study:&#xD;
&#xD;
          1. Pregnancy&#xD;
&#xD;
          2. Untreated Pneumothorax&#xD;
      </textblock>
    </criteria>
    <gender>All</gender>
    <minimum_age>18 Years</minimum_age>
    <maximum_age>N/A</maximum_age>
    <healthy_volunteers>No</healthy_volunteers>
  </eligibility>
  <location>
    <facility>
      <name>NYU Winthrop Hospital</name>
      <address>
        <city>Mineola</city>
        <state>New York</state>
        <zip>11501</zip>
        <country>United States</country>
      </address>
    </facility>
  </location>
  <location_countries>
    <country>United States</country>
  </location_countries>
  <verification_date>June 2020</verification_date>
  <study_first_submitted>March 30, 2020</study_first_submitted>
  <study_first_submitted_qc>April 1, 2020</study_first_submitted_qc>
  <study_first_posted type="Actual">April 2, 2020</study_first_posted>
  <last_update_submitted>June 1, 2020</last_update_submitted>
  <last_update_submitted_qc>June 1, 2020</last_update_submitted_qc>
  <last_update_posted type="Actual">June 4, 2020</last_update_posted>
  <responsible_party>
    <responsible_party_type>Sponsor</responsible_party_type>
  </responsible_party>
  <patient_data>
    <sharing_ipd>Yes</sharing_ipd>
    <ipd_description>Individual participant data that underlie the results reported in this article, after deidentification (text, tables, figures, and appendices) will be made available immediately following publication, upon reasonable request by an investigator who proposes to use the data.</ipd_description>
    <ipd_info_type>Study Protocol</ipd_info_type>
    <ipd_info_type>Statistical Analysis Plan (SAP)</ipd_info_type>
    <ipd_time_frame>Immediately following publication. No end date.</ipd_time_frame>
    <ipd_access_criteria>Requests should be directed to David.Lee@nyulangone.org and Scott.Gorenstein@nyulangone.org. To gain access, data requestors will need to sign a data access agreement.</ipd_access_criteria>
  </patient_data>
  <!-- Results have not yet been posted for this study                                          -->
</clinical_study>

