<?xml version="1.0" encoding="UTF-8"?>
<clinical_study rank="943">
  <!-- This xml conforms to an XML Schema at:
    https://clinicaltrials.gov/ct2/html/images/info/public.xsd -->
  <required_header>
    <download_date>ClinicalTrials.gov processed this data on February 18, 2021</download_date>
    <link_text>Link to the current ClinicalTrials.gov record.</link_text>
    <url>https://clinicaltrials.gov/show/NCT04666753</url>
  </required_header>
  <id_info>
    <org_study_id>IMUNO TF STUDY</org_study_id>
    <nct_id>NCT04666753</nct_id>
  </id_info>
  <brief_title>Retrospective Study of ImmunoFormulation for COVID-19</brief_title>
  <official_title>Retrospective Observational Study to Describe the Evolution of SARS-CoV-2 Disease and the Profile of Patients Treated or Not With Imuno TF® and a Combination of Nutraceuticals and Who Have Tested Positive for COVID-19</official_title>
  <sponsors>
    <lead_sponsor>
      <agency>Fagron Iberica S.A.U.</agency>
      <agency_class>Industry</agency_class>
    </lead_sponsor>
  </sponsors>
  <source>Fagron Iberica S.A.U.</source>
  <oversight_info>
    <has_dmc>No</has_dmc>
    <is_fda_regulated_drug>No</is_fda_regulated_drug>
    <is_fda_regulated_device>No</is_fda_regulated_device>
  </oversight_info>
  <brief_summary>
    <textblock>
      Multicentre, retrospective, observational study to describe the course of SARS-CoV-2 disease&#xD;
      in patients treated or not with IMUNO TF ® and a combination of nutraceuticals and who have&#xD;
      tested positive in a COVID-19 diagnostic test based on the duration of symptoms.&#xD;
    </textblock>
  </brief_summary>
  <detailed_description>
    <textblock>
      SAMPLE SIZE JUSTIFICATION The primary objective of the study was to describe the course of&#xD;
      SARS-CoV-2 disease in patients treated or not with IMUNO TF® and a combination of&#xD;
      nutraceuticals and who have tested positive in a COVID-19 diagnostic test based on the&#xD;
      duration of symptoms.&#xD;
&#xD;
      Sample size calculation was established according to the ICH guidelines, where it was&#xD;
      specified that the number of patients should be sufficient to provide a safe response about&#xD;
      the issues raised.&#xD;
&#xD;
      The mean duration of mild/moderate symptoms of COVID-19 was 11.5±5.7 days. A sample of 18&#xD;
      patients would be sufficient to estimate, with a 95% confidence and a precision of +/- 2.8&#xD;
      days, a mean duration of symptoms with a standard deviation of 5.7 days. Assuming a loss of&#xD;
      10% of patients, the sample size was 20 patients. Considering the two groups of patients&#xD;
      (treated with IMUNO TF® / not treated with IMUNO TF®), the sample size was 40 patients, 20&#xD;
      patients per group. The calculations were performed with the help of the PASS package,&#xD;
      version 2011.&#xD;
&#xD;
      DATA PROCESSING Study data were collected in a CRD and inserted the data in a database&#xD;
      specifically designed for the study. The database included internal consistency ranges and&#xD;
      rules to ensure data quality control.&#xD;
    </textblock>
  </detailed_description>
  <overall_status>Completed</overall_status>
  <start_date type="Actual">July 2, 2020</start_date>
  <completion_date type="Actual">September 29, 2020</completion_date>
  <primary_completion_date type="Actual">September 29, 2020</primary_completion_date>
  <study_type>Observational</study_type>
  <has_expanded_access>No</has_expanded_access>
  <study_design_info>
    <observational_model>Cohort</observational_model>
    <time_perspective>Retrospective</time_perspective>
  </study_design_info>
  <primary_outcome>
    <measure>Clinical symptoms duration</measure>
    <time_frame>1 month, starting with after start of treatment.</time_frame>
    <description>To describe the course of SARS-CoV-2 disease in patients treated or not with ImmunoFormulation and who have tested positive in a diagnostic test for COVID-19 based on the duration of symptoms.</description>
  </primary_outcome>
  <number_of_groups>2</number_of_groups>
  <enrollment type="Actual">40</enrollment>
  <condition>Covid19</condition>
  <arm_group>
    <arm_group_label>ImmunoFormulation cohort</arm_group_label>
    <description>Patients treated* with IMUNO TF® with a combination of nutraceuticals.&#xD;
*Without restrictions on the adjuvant treatment received.</description>
  </arm_group>
  <arm_group>
    <arm_group_label>Control cohort</arm_group_label>
    <description>Control cohort: patients not treated* with IMUNO TF® with a combination of nutraceuticals.&#xD;
*Without restrictions on the adjuvant treatment received.</description>
  </arm_group>
  <intervention>
    <intervention_type>Dietary Supplement</intervention_type>
    <intervention_name>ImmunoFormulation</intervention_name>
    <description>The ImmunoFormulation consist of: transfer factors (oligo- and polypeptides from porcine spleen, ultrafiltered at &lt;10 kDa - Imuno TF®) 100 mg, 800 mg anti-inflammatory natural blend (Uncaria tomentosa, Endopleura uchi and Haematoccocus pluvialis - MiodesinTM), 60 mg zinc orotate, 48 mg selenium yeast (equivalent to 96 μg of Se), 20,000 IU cholecalciferol, 300 mg ascorbic acid, 480 mg ferulic acid, 90 mg resveratrol, 800 mg spirulina, 560 mg N-acetylcysteine, 610 mg glucosamine sulphate potassium chloride, and 400 mg maltodextrin-stabilized orthosilicic acid (equivalent to 6 mg of Si - SiliciuMax®).</description>
    <arm_group_label>ImmunoFormulation cohort</arm_group_label>
  </intervention>
  <eligibility>
    <study_pop>
      <textblock>
        It was planned to collect data from approximately 40 patients who had tested positive in a&#xD;
        diagnostic test for SARS-CoV-2: 20 patients who have been treated with IMUNO TF® with a&#xD;
        combination of nutraceuticals and 20 patients who have not been treated with the&#xD;
        investigational product.&#xD;
&#xD;
        All patients who met the screening criteria and gave their informed consent to participate&#xD;
        were included consecutively.&#xD;
      </textblock>
    </study_pop>
    <sampling_method>Non-Probability Sample</sampling_method>
    <criteria>
      <textblock>
        Inclusion Criteria:&#xD;
&#xD;
          1. Patients aged 18 years or older.&#xD;
&#xD;
          2. Patients who give written informed consent to participate in the study.&#xD;
&#xD;
          3. Patients who have consulted their physician for symptoms associated with SARS-CoV-2&#xD;
             infection between March 2020 and May 2020. Patients were included in one cohort or the&#xD;
             other based on the treatment received for improvement of COVID-19 symptoms:&#xD;
&#xD;
               1. IMUNO TF® cohort: patients treated* with IMUNO TF® with a combination of&#xD;
                  nutraceuticals&#xD;
&#xD;
               2. Control cohort: patients not treated* with IMUNO TF® with a combination of&#xD;
                  nutraceuticals *Without restrictions on the adjuvant treatment received.&#xD;
&#xD;
          4. Patients who have tested positive in a diagnostic test for SARS-CoV-2.&#xD;
&#xD;
          5. Patients with onset of COVID-19 symptoms ≥ 5 days prior to diagnosis of SARS-CoV-2.&#xD;
&#xD;
          6. Patients with data in the medical record from the first visit due to disease symptoms&#xD;
             until recovery, or at least 1 month of follow-up of symptoms, whichever occurs first.&#xD;
&#xD;
        Exclusion Criteria:&#xD;
&#xD;
          1. Any medical or psychological condition that, in the physician's opinion, could&#xD;
             compromise the patient's ability to give informed consent.&#xD;
&#xD;
          2. Patients requiring hospital admission due to the disease.&#xD;
      </textblock>
    </criteria>
    <gender>All</gender>
    <minimum_age>18 Years</minimum_age>
    <maximum_age>N/A</maximum_age>
  </eligibility>
  <overall_official>
    <last_name>Hudson Polonini, PhD</last_name>
    <role>Study Director</role>
    <affiliation>Global Innovation Project Manager</affiliation>
  </overall_official>
  <location>
    <facility>
      <name>Clinic Bascoy</name>
      <address>
        <city>Barcelona</city>
        <zip>08022</zip>
        <country>Spain</country>
      </address>
    </facility>
  </location>
  <location>
    <facility>
      <name>Clínica Arvila Magna</name>
      <address>
        <city>Barcelona</city>
        <zip>08037</zip>
        <country>Spain</country>
      </address>
    </facility>
  </location>
  <location_countries>
    <country>Spain</country>
  </location_countries>
  <verification_date>December 2020</verification_date>
  <study_first_submitted>December 11, 2020</study_first_submitted>
  <study_first_submitted_qc>December 11, 2020</study_first_submitted_qc>
  <study_first_posted type="Actual">December 14, 2020</study_first_posted>
  <last_update_submitted>December 11, 2020</last_update_submitted>
  <last_update_submitted_qc>December 11, 2020</last_update_submitted_qc>
  <last_update_posted type="Actual">December 14, 2020</last_update_posted>
  <responsible_party>
    <responsible_party_type>Sponsor</responsible_party_type>
  </responsible_party>
  <!-- Results have not yet been posted for this study                                          -->
</clinical_study>

