<?xml version="1.0" encoding="UTF-8"?>
<clinical_study rank="1597">
  <!-- This xml conforms to an XML Schema at:
    https://clinicaltrials.gov/ct2/html/images/info/public.xsd -->
  <required_header>
    <download_date>ClinicalTrials.gov processed this data on February 18, 2021</download_date>
    <link_text>Link to the current ClinicalTrials.gov record.</link_text>
    <url>https://clinicaltrials.gov/show/NCT04354259</url>
  </required_header>
  <id_info>
    <org_study_id>JF-4-2020</org_study_id>
    <nct_id>NCT04354259</nct_id>
  </id_info>
  <brief_title>Interferon Lambda for Immediate Antiviral Therapy at Diagnosis in COVID-19</brief_title>
  <acronym>ILIAD</acronym>
  <official_title>Interferon Lambda for Immediate Antiviral Therapy at Diagnosis (ILIAD): A Phase II Randomized, Double-blind, Placebo-controlled, Multicenter Trial to Evaluate the Effect of Peginterferon Lambda for the Treatment of COVID-19</official_title>
  <sponsors>
    <lead_sponsor>
      <agency>University Health Network, Toronto</agency>
      <agency_class>Other</agency_class>
    </lead_sponsor>
  </sponsors>
  <source>University Health Network, Toronto</source>
  <oversight_info>
    <has_dmc>Yes</has_dmc>
    <is_fda_regulated_drug>Yes</is_fda_regulated_drug>
    <is_fda_regulated_device>No</is_fda_regulated_device>
    <is_us_export>Yes</is_us_export>
  </oversight_info>
  <brief_summary>
    <textblock>
      Interferon lambda is one of the main arms of the innate antiviral immune response and is&#xD;
      critical for controlling respiratory viral infections in mice. Interferon lambda has a better&#xD;
      side effect profile than other interferons because of the limited tissue distribution of its&#xD;
      receptor. Peginterferon lambda is a long-acting form that has been studied extensively in&#xD;
      human trials in viral hepatitis, confirming its safety. We propose to evaluate&#xD;
      peginterferon-lambda in ambulatory and hospitalized patients with mild to moderate COVID-19.&#xD;
    </textblock>
  </brief_summary>
  <detailed_description>
    <textblock>
      The study uses an adaptive design with initial enrolment in the Ambulatory cohort (Cohort A)&#xD;
      followed by a safety assessment before initiation of enrolment in the Hospitalized cohort&#xD;
      (Cohort B).&#xD;
&#xD;
      Ambulatory patients (Cohort A) with confirmed COVID-19 deemed well enough for home isolation&#xD;
      will be randomized to receive a single subcutaneous injection of Peginterferon lambda 180µg&#xD;
      or saline placebo prior to discharge. Patients will be followed remotely with visits for a&#xD;
      repeat swab at Day 3 and 7 with the primary endpoint being the proportion positive for&#xD;
      SARS-CoV-2 on Day 7.&#xD;
&#xD;
      Safety data will be reviewed by the Data Safety and Monitoring Committee after 50% of the&#xD;
      Ambulatory cohort (n=60) has been enrolled. If the committee approves study continuation,&#xD;
      enrolment will continue in the Ambulatory cohort (Cohort A) and will begin in the&#xD;
      Hospitalized cohort (Cohort B).&#xD;
&#xD;
      Hospitalized patients (Cohort B) with moderate but not severe COVID-19 will be enrolled and&#xD;
      randomized to Peginterferon lambda 180µg or saline placebo on Day 0 and 7. The primary&#xD;
      endpoint will be the time to negative SARS-CoV-2 RNA by nasopharyngeal swab . In addition to&#xD;
      the primary endpoints on which the study is powered, numerous secondary endpoints will be&#xD;
      evaluated. Samples will also be collected for ancillary studies to better understand&#xD;
      predictors of disease severity and response to treatment.&#xD;
    </textblock>
  </detailed_description>
  <overall_status>Recruiting</overall_status>
  <start_date type="Actual">May 13, 2020</start_date>
  <completion_date type="Anticipated">November 30, 2020</completion_date>
  <primary_completion_date type="Anticipated">August 1, 2020</primary_completion_date>
  <phase>Phase 2</phase>
  <study_type>Interventional</study_type>
  <has_expanded_access>No</has_expanded_access>
  <study_design_info>
    <allocation>Randomized</allocation>
    <intervention_model>Parallel Assignment</intervention_model>
    <primary_purpose>Treatment</primary_purpose>
    <masking>Quadruple (Participant, Care Provider, Investigator, Outcomes Assessor)</masking>
  </study_design_info>
  <primary_outcome>
    <measure>Cohort A (Ambulatory) - Proportion swab negative at day 7 (Primary efficacy endpoint)</measure>
    <time_frame>At day 7</time_frame>
    <description>The proportion of participants with negative SARS-CoV-2 RNA on nasopharyngeal swab.</description>
  </primary_outcome>
  <primary_outcome>
    <measure>Cohort A (Ambulatory) - Treatment-emergent and treatment related serious adverse events (Primary Safety Endpoint)</measure>
    <time_frame>Day 0 to Day 30</time_frame>
    <description>The rate of treatment-emergent and treatment-related serious adverse events (SAEs)</description>
  </primary_outcome>
  <primary_outcome>
    <measure>Cohort B (Hospitalized) - Time to viral negativity (Primary Efficacy Endpoint)</measure>
    <time_frame>Day 0 to day 28</time_frame>
    <description>Time to SARS-CoV-2 RNA negativity.</description>
  </primary_outcome>
  <primary_outcome>
    <measure>Cohort B (Hospitalized) - treatment-emergent and treatment-related serious adverse events (Primary Safety Endpoint)</measure>
    <time_frame>Day 0 to Day 30</time_frame>
    <description>The rate of treatment-emergent and treatment-related serious adverse events (SAEs)</description>
  </primary_outcome>
  <secondary_outcome>
    <measure>Cohort A (Ambulatory) - Symptom Resolution (Clinical Outcome #1)</measure>
    <time_frame>Day 0 to Day 14</time_frame>
    <description>Time to resolution of symptoms (fever, cough, diarrhea)</description>
  </secondary_outcome>
  <secondary_outcome>
    <measure>Cohort A (Ambulatory) - Symptom severity scores (Clinical Outcome #2)</measure>
    <time_frame>Day 0 to Day 7</time_frame>
    <description>Change in relative categorical symptom scores (respiratory, gastrointestinal, fever) - none, mild, moderate, severe and no change, worse, better</description>
  </secondary_outcome>
  <secondary_outcome>
    <measure>Cohort A (Ambulatory) - Hospitalization (Clinical Outcome #3)</measure>
    <time_frame>Day 0 to Day 14</time_frame>
    <description>Proportion with need for hospital admission</description>
  </secondary_outcome>
  <secondary_outcome>
    <measure>Cohort A (Ambulatory) - Adverse and serious adverse events (Clinical Outcome #4)</measure>
    <time_frame>Day 0 to Day 14</time_frame>
    <description>Adverse events and serious adverse events</description>
  </secondary_outcome>
  <secondary_outcome>
    <measure>Cohort A (Ambulatory) - Swab negative at day 3 (Virologic/Immunological Outcome #1)</measure>
    <time_frame>At Day 3</time_frame>
    <description>Proportion negative for SARS-CoV-2 RNA by nasopharyngeal swab</description>
  </secondary_outcome>
  <secondary_outcome>
    <measure>Cohort A (Ambulatory) - Time RNA negativity (Virologic/Immunological Outcome #2)</measure>
    <time_frame>Day 0 to Day 14</time_frame>
    <description>Time to SARS-CoV-2 RNA negativity on mid-turbinate nasal swab or saliva</description>
  </secondary_outcome>
  <secondary_outcome>
    <measure>Cohort A (Ambulatory) - Proportion viremic (Virologic/Immunological Outcome #3)</measure>
    <time_frame>Day 0 and Day 7</time_frame>
    <description>Proportion with SARS-CoV-2 RNA in blood.</description>
  </secondary_outcome>
  <secondary_outcome>
    <measure>Cohort A (Ambulatory) - Proportion with antibodies (Virologic/Immunological Outcome #4)</measure>
    <time_frame>Day 0 and Day 7</time_frame>
    <description>Proportion with SARS-CoV-2 antibodies blood</description>
  </secondary_outcome>
  <secondary_outcome>
    <measure>Cohort A (Ambulatory) - Correlation with interferon lambda 4 genotype (Virologic/Immunological Outcome #5)</measure>
    <time_frame>Through day 7</time_frame>
    <description>Correlation of virologic response with interferon lambda 4 (IFNL4) genotype</description>
  </secondary_outcome>
  <secondary_outcome>
    <measure>Cohort A (Ambulatory) - Symptoms in household contacts (Transmission Outcome #1)</measure>
    <time_frame>Day 0 to Day 14</time_frame>
    <description>Proportion with symptom development in household contacts (categorical symptom type yes/no)</description>
  </secondary_outcome>
  <secondary_outcome>
    <measure>Cohort A (Ambulatory) - COVID-19 in household contacts (Transmission Outcome #2)</measure>
    <time_frame>At Day 30</time_frame>
    <description>Proportion with confirmed diagnosis of COVID-19 in household contacts</description>
  </secondary_outcome>
  <secondary_outcome>
    <measure>Cohort B (Hospitalized) - ICU admission (Clinical Outcome #1)</measure>
    <time_frame>Day 0 to day 30</time_frame>
    <description>Proportion with ICU admission during hospitalization</description>
  </secondary_outcome>
  <secondary_outcome>
    <measure>Cohort B (Hospitalized) - Need for intubation (Clinical Outcome #2)</measure>
    <time_frame>Day 0 to Day 14</time_frame>
    <description>Proportion with need for intubation</description>
  </secondary_outcome>
  <secondary_outcome>
    <measure>Cohort B (Hospitalized) - Length of hospital stay (Clinical Outcome #3)</measure>
    <time_frame>Day 0 to Day 14</time_frame>
    <description>Length of hospital stay (days)</description>
  </secondary_outcome>
  <secondary_outcome>
    <measure>Cohort B (Hospitalized) - Change in respiratory symptom score (Clinical Outcome #4)</measure>
    <time_frame>Day 0 to 7 and Day 0 to 14</time_frame>
    <description>Change in respiratory symptom score (score 0 to 7 with higher scores indicating more severe disease)</description>
  </secondary_outcome>
  <secondary_outcome>
    <measure>Cohort B (Hospitalized) - Readmission to hospital (Clinical Outcome #5)</measure>
    <time_frame>By day 30 and Day 90</time_frame>
    <description>Proportion with readmission to hospital</description>
  </secondary_outcome>
  <secondary_outcome>
    <measure>Cohort B (Hospitalized) - All-cause mortality (Clinical Outcome #6)</measure>
    <time_frame>At day 30 and day 90</time_frame>
    <description>All-cause mortality</description>
  </secondary_outcome>
  <secondary_outcome>
    <measure>Cohort B (Hospitalized) - COVID-19-related mortality (Clinical Outcome #7)</measure>
    <time_frame>At day 30</time_frame>
    <description>COVID-19-related mortality</description>
  </secondary_outcome>
  <secondary_outcome>
    <measure>Cohort B (Hospitalized) - Adverse (AEs) and Serious Adverse Events (SAEs) (Clinical Outcome #8)</measure>
    <time_frame>Day 0 to day 30</time_frame>
    <description>Adverse (AEs) and Serious Adverse Events (SAEs)</description>
  </secondary_outcome>
  <secondary_outcome>
    <measure>Cohort B (Hospitalized) - Dose reduction or dose omission (Clinical Outcome #9)</measure>
    <time_frame>Day 7 to day 11</time_frame>
    <description>Frequency of dose reduction or dose omission for the second dose of peginterferon lambda</description>
  </secondary_outcome>
  <secondary_outcome>
    <measure>Cohort B (Hospitalized) - Proportion negative swab. (Virologic/Immunological Outcome #1)</measure>
    <time_frame>Day 7</time_frame>
    <description>Proportion negative for SARS-CoV-2 RNA by nasopharyngeal swab.</description>
  </secondary_outcome>
  <secondary_outcome>
    <measure>Cohort B (Hospitalized) - Proportion negative by day 14 (Virologic/Immunological Outcome) #2)</measure>
    <time_frame>Day 14</time_frame>
    <description>Proportion negative for SARS-CoV-2 by nasopharyngeal swab</description>
  </secondary_outcome>
  <secondary_outcome>
    <measure>Cohort B (Hospitalized) - Time to negativity by rectal swab (Virologic/Immunological Outcome #3)</measure>
    <time_frame>Day 0 to day 14</time_frame>
    <description>Time to SARS-CoV-2 RNA negativity by rectal swab</description>
  </secondary_outcome>
  <secondary_outcome>
    <measure>Cohort B (Hospitalized) - Correlation with interferon lambda 4 (IFNL4) genotype (Virologic/Immunological Outcome #4)</measure>
    <time_frame>Through Day 14</time_frame>
    <description>Correlation of virologic response with interferon lambda 4 (IFNL4) genotype</description>
  </secondary_outcome>
  <secondary_outcome>
    <measure>Cohort B (Hospitalized) - Proportion with Antibody (Virologic/Immunological Outcome #6)</measure>
    <time_frame>At Day 7 and Day 14</time_frame>
    <description>Proportion with SARS-CoV-2 Antibody.</description>
  </secondary_outcome>
  <secondary_outcome>
    <measure>Cohort B (Hospitalized) - Proportion with viremia (Virologic/Immunological Outcome #7)</measure>
    <time_frame>Day 0, Day 7, and Day 14</time_frame>
    <description>Proportion with SARS-CoV-2 RNA in blood</description>
  </secondary_outcome>
  <number_of_arms>4</number_of_arms>
  <enrollment type="Anticipated">140</enrollment>
  <condition>Sars-CoV2</condition>
  <condition>Covid-19</condition>
  <arm_group>
    <arm_group_label>Ambulatory Cohort - Treatment</arm_group_label>
    <arm_group_type>Experimental</arm_group_type>
    <description>to receive a single dose of peginterferon lambda 180µg SC at baseline (day 0).</description>
  </arm_group>
  <arm_group>
    <arm_group_label>Ambulatory Cohort - placebo</arm_group_label>
    <arm_group_type>Placebo Comparator</arm_group_type>
    <description>Patients in the arm will be given a single injection of 0.9% sodium chloride (normal saline) solution at baseline (day 0). A plastic 1 mL syringe will be prefilled by the study pharmacy. Each syringe will contain 0.5 mL (0.45 mL to match the volume of the Interferon plus 0.05 mL overfill) to allow for needle priming by the unblinded study nurse.</description>
  </arm_group>
  <arm_group>
    <arm_group_label>Hospitalized Cohort - Treatment</arm_group_label>
    <arm_group_type>Experimental</arm_group_type>
    <description>To receive a dose of peginterferon lambda 180µg SC at baseline and a second dose on day 7.</description>
  </arm_group>
  <arm_group>
    <arm_group_label>Hospitalized Cohort - placebo</arm_group_label>
    <arm_group_type>Placebo Comparator</arm_group_type>
    <description>Patients in the arm will be given an injection of 0.9% sodium chloride (normal saline) solution at baseline (day 0). A plastic 1 mL syringe will be prefilled by the study pharmacy. Each syringe will contain 0.5 mL (0.45 mL to match the volume of the Interferon plus 0.05 mL overfill) to allow for needle priming by the unblinded study nurse. Patients will be administered a second dose of placebo on day 7.</description>
  </arm_group>
  <intervention>
    <intervention_type>Drug</intervention_type>
    <intervention_name>Peginterferon Lambda-1A</intervention_name>
    <description>Peginterferon lambda is a covalent conjugate of human recombinant non-pegylated IFN lambda (IFN L) and a 20-kDa linear PEG chain. Peginterferon lambda Injection is a sterile, nonpyrogenic, ready-to-use solution (0.4 mg/mL) that is clear to opalescent, colorless to pale yellow, and essentially free of particles. Lambda Injection is provided in a 1-mL long Type I glass syringe (0.18 mg/syringe) with a staked 29-gauge, 1/2- inch, thin-walled needle. The syringe has a rigid needle shield and is stoppered with a plunger stopper. Syringes are prefilled with a solution of Peginterferon lambda Injection, mannitol, L-histidine, polysorbate 80, hydrochloric acid, and water for injection; they are intended for a single use at adjustable doses. The syringe is marked with dose indicator lines, which are used as a reference point for administering the correct dose.</description>
    <arm_group_label>Ambulatory Cohort - Treatment</arm_group_label>
    <arm_group_label>Hospitalized Cohort - Treatment</arm_group_label>
  </intervention>
  <intervention>
    <intervention_type>Other</intervention_type>
    <intervention_name>placebo</intervention_name>
    <description>injection of 0.9% sodium chloride (normal saline) solution. A plastic 1 mL syringe will be prefilled by the study pharmacy. Each syringe will contain 0.5 mL (0.45 mL to match the volume of the Interferon plus 0.05 mL overfill) to allow for needle priming by the unblinded study nurse.</description>
    <arm_group_label>Ambulatory Cohort - placebo</arm_group_label>
    <arm_group_label>Hospitalized Cohort - placebo</arm_group_label>
  </intervention>
  <eligibility>
    <criteria>
      <textblock>
        Cohort A - Ambulatory&#xD;
&#xD;
        Inclusion Criteria&#xD;
&#xD;
          1. Adult patients between the ages of 18 and 70 years.&#xD;
&#xD;
          2. Confirmed COVID-19 infection by PCR within 5 days of symptom onset (fever, respiratory&#xD;
             symptoms, sore throat).&#xD;
&#xD;
          3. Discharged to home isolation.&#xD;
&#xD;
          4. Willing and able to sign informed consent.&#xD;
&#xD;
          5. Willing and able to follow-up by daily phone or videoconference.&#xD;
&#xD;
          6. Female patients of childbearing potential and male patients with partners of&#xD;
             childbearing potential must agree to use adequate methods of contraception during the&#xD;
             study and through 90 days after the last dose of study medication. Female patients of&#xD;
             childbearing potential are all those except patients who are surgically sterile, who&#xD;
             have medically documented ovarian failure, or who are at least 1 year postmenopausal.&#xD;
&#xD;
        Exclusion Criteria&#xD;
&#xD;
          1. Requirement for hospital admission&#xD;
&#xD;
          2. Current immunosuppression due to medication (steroids, biologics, chemotherapy) or&#xD;
             underlying condition such as known HIV or organ/bone marrow transplant&#xD;
&#xD;
          3. Pregnancy (or positive urine pregnancy test) or lactating&#xD;
&#xD;
          4. The following pre-existing medical conditions:&#xD;
&#xD;
               1. Known seizure disorder&#xD;
&#xD;
               2. Known retinal disease requiring therapy&#xD;
&#xD;
               3. Known autoimmune condition requiring therapy more intensive than intermittent&#xD;
                  non-steroidal anti-inflammatories in the prior 6 months (rheumatoid arthritis,&#xD;
                  lupus, inflammatory bowel disease)&#xD;
&#xD;
               4. Known history of chronic obstructive pulmonary disease (COPD) or asthma&#xD;
                  associated with functional impairment or with any history of hospitalization for&#xD;
                  an exacerbation&#xD;
&#xD;
               5. Known cirrhosis with any history of decompensation (ascites, variceal bleeding or&#xD;
                  hepatic encephalopathy)&#xD;
&#xD;
               6. Known chronic kidney disease with estimated creatine clearance &lt; 50 mL/minute or&#xD;
                  need for dialysis&#xD;
&#xD;
               7. Severe psychiatric disorder - schizophrenia, bipolar disorder, depression with&#xD;
                  prior suicidality&#xD;
&#xD;
               8. Any other underlying medical (cardiac, liver, renal, neurological, respiratory)&#xD;
                  or psychiatric condition that in the view of the investigator would preclude use&#xD;
                  of peginterferon lambda&#xD;
&#xD;
          5. Advanced cancer or other illness with life expectancy of &lt; 1 year&#xD;
&#xD;
          6. Known prior intolerance to interferon treatment&#xD;
&#xD;
          7. Enrolment in another clinical trial with use of any investigational agent in the prior&#xD;
             30 days&#xD;
&#xD;
          8. Use of off-label therapy for COVID-19&#xD;
&#xD;
        Cohort B - Hospitalized&#xD;
&#xD;
        Inclusion Criteria&#xD;
&#xD;
          1. Adult patients over age 18&#xD;
&#xD;
          2. SARS-CoV-2 RNA-positive on nasopharyngeal swab/respiratory specimen within 5 days of&#xD;
             symptom onset&#xD;
&#xD;
          3. Admitted to hospital for management of COVID-19&#xD;
&#xD;
          4. Willing and able to provide informed consent&#xD;
&#xD;
          5. Female patients of childbearing potential and male patients with partners of&#xD;
             childbearing potential must agree to use adequate methods of contraception during the&#xD;
             study and through 90 days after the last dose of study medication. Female patients of&#xD;
             childbearing potential are all those except patients who are surgically sterile, who&#xD;
             have medically documented ovarian failure, or who are at least 1 year postmenopausal.&#xD;
&#xD;
             Exclusion Criteria&#xD;
&#xD;
          6. Severity of illness&#xD;
&#xD;
               1. Respiratory failure (requiring&gt;5L O2 or intubation in the ER)&#xD;
&#xD;
               2. Shock - systolic BP&lt;90 mmHg or mean arterial BP&lt;60 mmHg after fluid resuscitation&#xD;
&#xD;
          7. Current immunosuppression due to medication (steroids, biologics, chemotherapy) or&#xD;
             underlying condition such as known HIV or organ/bone marrow transplant&#xD;
&#xD;
          8. Pregnancy (or positive urine pregnancy test) or lactating&#xD;
&#xD;
          9. The following pre-existing medical conditions:&#xD;
&#xD;
               1. Known seizure disorder&#xD;
&#xD;
               2. Known retinal disease requiring therapy&#xD;
&#xD;
               3. Known autoimmune condition requiring therapy more intensive than intermittent&#xD;
                  non-steroidal anti-inflammatories in the prior 6 months (rheumatoid arthritis,&#xD;
                  lupus, inflammatory bowel disease)&#xD;
&#xD;
               4. Known history of chronic obstructive pulmonary disease (COPD) or asthma&#xD;
                  associated with functional impairment or with any history of hospitalization for&#xD;
                  an exacerbation&#xD;
&#xD;
               5. Known cirrhosis with any history of decompensation (ascites, variceal bleeding or&#xD;
                  hepatic encephalopathy)&#xD;
&#xD;
               6. Known chronic kidney disease with estimated creatine clearance &lt; 50 mL/minute or&#xD;
                  need for dialysis&#xD;
&#xD;
               7. Severe psychiatric disorder - schizophrenia, bipolar disorder, depression with&#xD;
                  prior suicidality&#xD;
&#xD;
               8. Any other underlying medical (cardiac, liver, renal, neurological, respiratory)&#xD;
                  or psychiatric condition that in the view of the investigator would preclude use&#xD;
                  of peginterferon lambda&#xD;
&#xD;
         10. Known alcohol or drug dependence that in the opinion of the investigator would impair&#xD;
             study participation&#xD;
&#xD;
         11. Known prior intolerance to interferon treatment&#xD;
&#xD;
         12. Enrolment in another clinical trial with use of any investigational agent in the prior&#xD;
             30 days&#xD;
&#xD;
         13. Use of off-label therapy for COVID-19&#xD;
&#xD;
         14. Any of the following abnormal laboratory indices&#xD;
&#xD;
               1. Hemoglobin &lt; 100 mg/dL&#xD;
&#xD;
               2. Platelet count &lt; 75,000 cells/mm3&#xD;
&#xD;
               3. Absolute neutrophil count &lt; 1,000 cells/mm3&#xD;
&#xD;
               4. Estimated creatinine clearance &lt; 50 cc/mL&#xD;
&#xD;
               5. Total bilirubin &gt; 2x upper limit of normal (ULN)&#xD;
&#xD;
               6. Alanine aminotransferase (ALT) &gt; 10x ULN&#xD;
&#xD;
               7. Aspartate aminotransferase (AST) &gt; 10x ULN&#xD;
&#xD;
               8. Lipase &gt; 2x ULN&#xD;
&#xD;
               9. Random blood glucose &gt; 20 mmol/L&#xD;
      </textblock>
    </criteria>
    <gender>All</gender>
    <minimum_age>18 Years</minimum_age>
    <maximum_age>N/A</maximum_age>
    <healthy_volunteers>No</healthy_volunteers>
  </eligibility>
  <overall_official>
    <last_name>Jordan Feld, MD</last_name>
    <role>Principal Investigator</role>
    <affiliation>University Health Network, Toronto</affiliation>
  </overall_official>
  <overall_contact>
    <last_name>Josh Booth</last_name>
    <phone>(416) 340-4800</phone>
    <phone_ext>6486</phone_ext>
    <email>joshua.booth@uhn.ca</email>
  </overall_contact>
  <location>
    <facility>
      <name>Toronto General Hospital</name>
      <address>
        <city>Toronto</city>
        <state>Ontario</state>
        <zip>M5G 2C4</zip>
        <country>Canada</country>
      </address>
    </facility>
    <status>Recruiting</status>
    <contact>
      <last_name>Joshua Booth</last_name>
      <phone>416-340-4800</phone>
      <phone_ext>6486</phone_ext>
      <email>joshua.booth@uhn.ca</email>
    </contact>
    <contact_backup>
      <last_name>Seham Noureldin, PhD</last_name>
      <phone>416-340-4800</phone>
      <phone_ext>8681</phone_ext>
      <email>seham.noureldin@uhnresearch.ca</email>
    </contact_backup>
    <investigator>
      <last_name>Jordan Feld, MD</last_name>
      <role>Principal Investigator</role>
    </investigator>
  </location>
  <location_countries>
    <country>Canada</country>
  </location_countries>
  <verification_date>May 2020</verification_date>
  <study_first_submitted>April 16, 2020</study_first_submitted>
  <study_first_submitted_qc>April 20, 2020</study_first_submitted_qc>
  <study_first_posted type="Actual">April 21, 2020</study_first_posted>
  <last_update_submitted>May 13, 2020</last_update_submitted>
  <last_update_submitted_qc>May 13, 2020</last_update_submitted_qc>
  <last_update_posted type="Actual">May 18, 2020</last_update_posted>
  <responsible_party>
    <responsible_party_type>Sponsor</responsible_party_type>
  </responsible_party>
  <keyword>peginterferon lambda</keyword>
  <patient_data>
    <sharing_ipd>No</sharing_ipd>
  </patient_data>
  <!-- Results have not yet been posted for this study                                          -->
</clinical_study>

