<?xml version="1.0" encoding="UTF-8"?>
<clinical_study rank="881">
  <!-- This xml conforms to an XML Schema at:
    https://clinicaltrials.gov/ct2/html/images/info/public.xsd -->
  <required_header>
    <download_date>ClinicalTrials.gov processed this data on February 18, 2021</download_date>
    <link_text>Link to the current ClinicalTrials.gov record.</link_text>
    <url>https://clinicaltrials.gov/show/NCT04634799</url>
  </required_header>
  <id_info>
    <org_study_id>STU00213262</org_study_id>
    <nct_id>NCT04634799</nct_id>
  </id_info>
  <brief_title>Study To antagOnize Plasminogen Activator Inhibitor-1 in Severe COVID-19</brief_title>
  <official_title>Study To antagOnize Plasminogen Activator Inhibitor-1 in Severe COVID-19 (STOP Severe COVID-19)</official_title>
  <sponsors>
    <lead_sponsor>
      <agency>Northwestern University</agency>
      <agency_class>Other</agency_class>
    </lead_sponsor>
  </sponsors>
  <source>Northwestern University</source>
  <oversight_info>
    <has_dmc>Yes</has_dmc>
    <is_fda_regulated_drug>Yes</is_fda_regulated_drug>
    <is_fda_regulated_device>No</is_fda_regulated_device>
  </oversight_info>
  <brief_summary>
    <textblock>
      This is a single-center, randomized double blind placebo controlled trial to evaluate the&#xD;
      efficacy and safety of novel PAI-1 inhibitor (TM5614) for high-risk patients hospitalized&#xD;
      with severe COVID-19 at Northwestern Memorial Hospital. The patients will be randomized in a&#xD;
      1:1 ratio to receive standard of care plus TM5614 or standard of care plus placebo.&#xD;
    </textblock>
  </brief_summary>
  <detailed_description>
    <textblock>
      This project will evaluate the efficacy and safety of a novel small molecule therapy&#xD;
      targeting PAI-1 (TM5614) for patients with severe COVID-19. This is a randomized (1:1),&#xD;
      double-blinded trial that will enroll adult patients (&gt; 65 years OR &lt;65 years with at least&#xD;
      one major cardiometabolic comorbidity [diabetes, hypertension, or cardiovascular disease])&#xD;
      with COVID-19 requiring supplemental oxygen. The study intervention will be a small molecule&#xD;
      inhibitor of PAI-1, TM5614, up to 180 mg, compared to matching placebo for up to 7 days.&#xD;
&#xD;
      Research blood samples for PAI-1 and C-reactive protein (CRP) will be collected at time of&#xD;
      enrollment, 48 hours after 1st dose of medication and at day 7 or discharge, whichever comes&#xD;
      first.&#xD;
&#xD;
      These objectives will allow for the planning of subsequent phase 3 study, and strengthen&#xD;
      implementation of a multi-center randomized trial should this study confirm safety, and&#xD;
      suggest efficacy of therapy.&#xD;
    </textblock>
  </detailed_description>
  <overall_status>Recruiting</overall_status>
  <start_date type="Actual">January 8, 2021</start_date>
  <completion_date type="Anticipated">June 30, 2022</completion_date>
  <primary_completion_date type="Anticipated">November 30, 2021</primary_completion_date>
  <phase>Phase 1/Phase 2</phase>
  <study_type>Interventional</study_type>
  <has_expanded_access>No</has_expanded_access>
  <study_design_info>
    <allocation>Randomized</allocation>
    <intervention_model>Parallel Assignment</intervention_model>
    <primary_purpose>Treatment</primary_purpose>
    <masking>Triple (Participant, Care Provider, Investigator)</masking>
    <masking_description>double-blind, randomized (1:1)</masking_description>
  </study_design_info>
  <primary_outcome>
    <measure>Clinical improvement</measure>
    <time_frame>7 Days</time_frame>
    <description>Change of at least 2 points in the NIAID-defined ordinal scale (higher scores indicate improved outcome),:&#xD;
Death&#xD;
Hospitalized, receiving invasive mechanical ventilation or ECMO&#xD;
Hospitalized, receiving noninvasive ventilation or high-flow oxygen devices&#xD;
Hospitalized, requiring low-flow supplemental oxygen&#xD;
Hospitalized, not requiring supplemental oxygen but receiving ongoing medical care (related or not related to Covid-19)&#xD;
Hospitalized, requiring neither supplemental oxygen nor ongoing medical care (other than that specified in the protocol)&#xD;
Not hospitalized</description>
  </primary_outcome>
  <secondary_outcome>
    <measure>Sequential organ failure assessment (SOFA) score change</measure>
    <time_frame>7 Days</time_frame>
    <description>Change in degree of organ dysfunction as defined by the Sequential Organ Failure Assessment (SOFA) Score.&#xD;
The SOFA score ranges from 0 to 24 (higher scores indicate more severe organ failure), with 0 to 4 points assigned for each of 6 organ dysfunctions (ie, central nervous system, cardiovascular, respiratory, renal, coagulation, and liver).</description>
  </secondary_outcome>
  <secondary_outcome>
    <measure>PAI-1 Levels</measure>
    <time_frame>48 hours</time_frame>
    <description>Change in circulating levels</description>
  </secondary_outcome>
  <secondary_outcome>
    <measure>Ventilator free days</measure>
    <time_frame>14 days</time_frame>
    <description>For subjects who received mechanical ventilation, total number of days the subject was not on mechanical or non invasive mechanical ventilation while in the hospital</description>
  </secondary_outcome>
  <number_of_arms>2</number_of_arms>
  <enrollment type="Anticipated">80</enrollment>
  <condition>Covid19</condition>
  <arm_group>
    <arm_group_label>TM5614</arm_group_label>
    <arm_group_type>Active Comparator</arm_group_type>
    <description>TM5614 30 mg tablets. 6 tablets (180 mg) taken by mouth, once daily for up to 7 days</description>
  </arm_group>
  <arm_group>
    <arm_group_label>Placebo</arm_group_label>
    <arm_group_type>Placebo Comparator</arm_group_type>
    <description>Placebo tablets. 6 tablets taken by mouth, once daily for up to 7 days</description>
  </arm_group>
  <intervention>
    <intervention_type>Drug</intervention_type>
    <intervention_name>TM5614</intervention_name>
    <description>TM5614 is provided in 30 mg tablets and 6 tablets (180 mg) will be taken in the evening for up to 7 days.</description>
    <arm_group_label>TM5614</arm_group_label>
    <other_name>Plasminogen activator inhibitor-1 (PAI-1)</other_name>
  </intervention>
  <intervention>
    <intervention_type>Other</intervention_type>
    <intervention_name>Placebo</intervention_name>
    <description>Matching placebo will be provided and participants will take 6 tablets in the evening for up to 7 days.</description>
    <arm_group_label>Placebo</arm_group_label>
    <other_name>TM5614 Placebo</other_name>
  </intervention>
  <eligibility>
    <criteria>
      <textblock>
        Inclusion Criteria:&#xD;
&#xD;
          1. Adults ≥65 years old or &lt; 65 years old AND at least one major cardiometabolic&#xD;
             comorbidity (diabetes, hypertension, or cardiovascular disease)&#xD;
&#xD;
          2. Established diagnosis of COVID-19 as evidenced by a positive nasopharyngeal or&#xD;
             bronchoalveolar lavage viral PCR for SARS-CoV2&#xD;
&#xD;
          3. Requiring supplemental oxygen&#xD;
&#xD;
        Exclusion Criteria:&#xD;
&#xD;
          1. Age &lt;18 years old&#xD;
&#xD;
          2. Pregnancy or breast-feeding&#xD;
&#xD;
          3. Known contraindication to tissue plasminogen activator (tPA), including&#xD;
&#xD;
               1. Active internal bleeding&#xD;
&#xD;
               2. History of cerebrovascular accident&#xD;
&#xD;
               3. Recent intracranial or intraspinal surgery or trauma&#xD;
&#xD;
               4. Intracranial neoplasm, arteriovenous malformation or aneurysm&#xD;
&#xD;
               5. Known bleeding diathesis&#xD;
&#xD;
               6. Severe uncontrolled hypertension (SBP&gt;200 persistently &gt;12 hours)&#xD;
&#xD;
          4. Currently receiving therapeutic dose anticoagulation (specifically will exclude those&#xD;
             with potential drug-drug interaction such as heparin, apixaban, warfarin)&#xD;
&#xD;
          5. Platelets &lt;50,000&#xD;
&#xD;
          6. Hematocrit &lt;30%&#xD;
&#xD;
          7. Not hemodynamically stable in the preceding 4 hours (symptomatic hypotension or&#xD;
             systolic BP &lt;95 mmHg at 2 out of 3 measurements)&#xD;
&#xD;
          8. Concomitant illness, physical impairment or mental condition which in the opinion of&#xD;
             the study team / primary care physician could interfere with the conduct of the study&#xD;
             including outcome assessment&#xD;
&#xD;
          9. Other patient characteristics (not thought to be related to COVID-19) that portend a&#xD;
             very poor prognosis (e.g., severe liver failure, metastatic malignancy)&#xD;
&#xD;
         10. Participation in a concurrent interventional medical investigation or pharmacologic&#xD;
             clinical trial. Patients in observational, natural history or epidemiological studies&#xD;
             not involving an intervention are eligible.&#xD;
&#xD;
         11. Participant's responsible attending physician believes it is not appropriate for&#xD;
             participant to participate in the study.&#xD;
&#xD;
         12. Inability or unwillingness to provide written informed consent&#xD;
&#xD;
         13. Involvement in the planning and/or conduct of the study&#xD;
&#xD;
         14. Previous randomization in the present study&#xD;
&#xD;
         15. Unable to complete study procedures.&#xD;
&#xD;
         16. Patients with active venothromboembolic disease&#xD;
&#xD;
         17. Patients who are receiving other investigational agents for COVID-19.&#xD;
      </textblock>
    </criteria>
    <gender>All</gender>
    <minimum_age>18 Years</minimum_age>
    <maximum_age>N/A</maximum_age>
    <healthy_volunteers>No</healthy_volunteers>
  </eligibility>
  <overall_official>
    <last_name>Sanjiv Shah, MD</last_name>
    <role>Principal Investigator</role>
    <affiliation>Northwestern University</affiliation>
  </overall_official>
  <overall_contact>
    <last_name>Sanjiv J Shah, MD</last_name>
    <phone>312 695 0993</phone>
    <email>sanjiv.shah@northwestern.edu</email>
  </overall_contact>
  <overall_contact_backup>
    <last_name>Douglas E Vaughan, MD</last_name>
    <phone>312-926-9436</phone>
    <email>d-vaughan@northwestern.edu</email>
  </overall_contact_backup>
  <location>
    <facility>
      <name>Northwestern University</name>
      <address>
        <city>Chicago</city>
        <state>Illinois</state>
        <zip>60611</zip>
        <country>United States</country>
      </address>
    </facility>
    <status>Recruiting</status>
    <contact>
      <last_name>Lyndsay Christensen, MSN</last_name>
      <phone>312-694-0661</phone>
      <email>lyndsay.christensen@nm.org</email>
    </contact>
    <contact_backup>
      <last_name>Anna Huskin, RN</last_name>
      <phone>312.695.4067</phone>
      <email>anna.huskin@nm.org</email>
    </contact_backup>
  </location>
  <location_countries>
    <country>United States</country>
  </location_countries>
  <reference>
    <citation>Chang, Lin M, Wei L, Xie L, Zhu G, Dela Cruz CS, Sharma L. Epidemiologic and Clinical Characteristics of Novel Coronavirus Infections Involving 13 Patients Outside Wuhan, China. JAMA. 2020 Mar 17;323(11):1092-1093. doi: 10.1001/jama.2020.1623.</citation>
    <PMID>32031568</PMID>
  </reference>
  <reference>
    <citation>Chen N, Zhou M, Dong X, Qu J, Gong F, Han Y, Qiu Y, Wang J, Liu Y, Wei Y, Xia J, Yu T, Zhang X, Zhang L. Epidemiological and clinical characteristics of 99 cases of 2019 novel coronavirus pneumonia in Wuhan, China: a descriptive study. Lancet. 2020 Feb 15;395(10223):507-513. doi: 10.1016/S0140-6736(20)30211-7. Epub 2020 Jan 30.</citation>
    <PMID>32007143</PMID>
  </reference>
  <reference>
    <citation>Guan WJ, Ni ZY, Hu Y, Liang WH, Ou CQ, He JX, Liu L, Shan H, Lei CL, Hui DSC, Du B, Li LJ, Zeng G, Yuen KY, Chen RC, Tang CL, Wang T, Chen PY, Xiang J, Li SY, Wang JL, Liang ZJ, Peng YX, Wei L, Liu Y, Hu YH, Peng P, Wang JM, Liu JY, Chen Z, Li G, Zheng ZJ, Qiu SQ, Luo J, Ye CJ, Zhu SY, Zhong NS; China Medical Treatment Expert Group for Covid-19. Clinical Characteristics of Coronavirus Disease 2019 in China. N Engl J Med. 2020 Apr 30;382(18):1708-1720. doi: 10.1056/NEJMoa2002032. Epub 2020 Feb 28.</citation>
    <PMID>32109013</PMID>
  </reference>
  <reference>
    <citation>Liu YC, Liao CH, Chang CF, Chou CC, Lin YR. A Locally Transmitted Case of SARS-CoV-2 Infection in Taiwan. N Engl J Med. 2020 Mar 12;382(11):1070-1072. doi: 10.1056/NEJMc2001573. Epub 2020 Feb 12.</citation>
    <PMID>32050059</PMID>
  </reference>
  <verification_date>January 2021</verification_date>
  <study_first_submitted>November 17, 2020</study_first_submitted>
  <study_first_submitted_qc>November 17, 2020</study_first_submitted_qc>
  <study_first_posted type="Actual">November 18, 2020</study_first_posted>
  <last_update_submitted>January 20, 2021</last_update_submitted>
  <last_update_submitted_qc>January 20, 2021</last_update_submitted_qc>
  <last_update_posted type="Actual">January 22, 2021</last_update_posted>
  <responsible_party>
    <responsible_party_type>Principal Investigator</responsible_party_type>
    <investigator_affiliation>Northwestern University</investigator_affiliation>
    <investigator_full_name>Sanjiv Shah</investigator_full_name>
    <investigator_title>Director of Research, Bluhm Cardiovascular Institute</investigator_title>
  </responsible_party>
  <keyword>PAI-1</keyword>
  <keyword>TM5614</keyword>
  <keyword>Plasminogen Activator Inhibitor</keyword>
  <intervention_browse>
    <!-- CAUTION:  The following MeSH terms are assigned with an imperfect algorithm            -->
    <mesh_term>Plasminogen</mesh_term>
    <mesh_term>Plasminogen Activator Inhibitor 1</mesh_term>
    <mesh_term>Plasminogen Inactivators</mesh_term>
  </intervention_browse>
  <patient_data>
    <sharing_ipd>Undecided</sharing_ipd>
  </patient_data>
  <!-- Results have not yet been posted for this study                                          -->
</clinical_study>

