<?xml version="1.0" encoding="UTF-8"?>
<clinical_study rank="1674">
  <!-- This xml conforms to an XML Schema at:
    https://clinicaltrials.gov/ct2/html/images/info/public.xsd -->
  <required_header>
    <download_date>ClinicalTrials.gov processed this data on February 18, 2021</download_date>
    <link_text>Link to the current ClinicalTrials.gov record.</link_text>
    <url>https://clinicaltrials.gov/show/NCT04389944</url>
  </required_header>
  <id_info>
    <org_study_id>Req-2020-00508; me20khanna2</org_study_id>
    <nct_id>NCT04389944</nct_id>
  </id_info>
  <brief_title>Amotosalen-Ultraviolet A Pathogen-Inactivated Convalescent Plasma in Addition to Best Supportive Care and Antiviral Therapy on Clinical Deterioration in Adults Presenting With Moderate to Severe COVID-19</brief_title>
  <official_title>Amotosalen-Ultraviolet A Pathogen-Inactivated Convalescent Plasma in Addition to Best Supportive Care and Antiviral Therapy on Clinical Deterioration in Adults Presenting With Moderate to Severe Coronavirus Disease 2019 Infectious Disease (COVID-19)</official_title>
  <sponsors>
    <lead_sponsor>
      <agency>University Hospital, Basel, Switzerland</agency>
      <agency_class>Other</agency_class>
    </lead_sponsor>
  </sponsors>
  <source>University Hospital, Basel, Switzerland</source>
  <oversight_info>
    <has_dmc>Yes</has_dmc>
    <is_fda_regulated_drug>No</is_fda_regulated_drug>
    <is_fda_regulated_device>No</is_fda_regulated_device>
  </oversight_info>
  <brief_summary>
    <textblock>
      This project investigates individual treatments using convalescent severe acute respiratory&#xD;
      Syndrome Coronavirus 2 (SARS-CoV-2) plasma in SARS-CoV-2 infected patients at risk for&#xD;
      disease progression. In addition to standard of care, SARS-CoV-2 infected patients for whom&#xD;
      blood group compatible convalescent plasma is available and who are willing to sign the&#xD;
      informed consent receive convalescent plasma. Only patients with moderate to severe disease&#xD;
      at risk for transfer to intensive care unit or patients at the intensive care unit with&#xD;
      limited treatment options will be treated.&#xD;
    </textblock>
  </brief_summary>
  <overall_status>Completed</overall_status>
  <start_date type="Actual">March 31, 2020</start_date>
  <completion_date type="Actual">June 30, 2020</completion_date>
  <primary_completion_date type="Actual">June 30, 2020</primary_completion_date>
  <phase>N/A</phase>
  <study_type>Interventional</study_type>
  <has_expanded_access>No</has_expanded_access>
  <study_design_info>
    <allocation>N/A</allocation>
    <intervention_model>Single Group Assignment</intervention_model>
    <primary_purpose>Treatment</primary_purpose>
    <masking>None (Open Label)</masking>
  </study_design_info>
  <primary_outcome>
    <measure>Serious adverse events in convalescent plasma treated patients</measure>
    <time_frame>From baseline (enrolment) to 24 hours follow-up</time_frame>
    <description>Serious adverse events during the study period include transfusion reaction (fever, rash), transfusion related acute lung injury (TRAU) , transfusion associated circulatory overload (TACO) , transfusion related infection</description>
  </primary_outcome>
  <primary_outcome>
    <measure>Virologic clearance in nasopharyngeal swab of convalescent plasma treated patients</measure>
    <time_frame>at Baseline (admission to Covid-ward), day -1 (before plasma), day 1 (after plasma), day7, day 14, day 28</time_frame>
    <description>Change in SARS-CoV2 quantitative in nasopharyngeal swab</description>
  </primary_outcome>
  <primary_outcome>
    <measure>Transfer to ICU</measure>
    <time_frame>at Baseline (admission to Covid-ward) until day 28</time_frame>
    <description>Transfer to ICU</description>
  </primary_outcome>
  <primary_outcome>
    <measure>in-hospital death</measure>
    <time_frame>at Baseline (admission to Covid-ward) until day 28</time_frame>
    <description>in-hospital death</description>
  </primary_outcome>
  <primary_outcome>
    <measure>Virologic clearance in plasma of convalescent plasma treated patients</measure>
    <time_frame>at Baseline (admission to Covid-ward), day -1 (before plasma), day 1 (after plasma), day7, day 14, day 28</time_frame>
    <description>Change in SARS-CoV2 quantitative in plasma</description>
  </primary_outcome>
  <secondary_outcome>
    <measure>Time to discharge from hospital after enrolment</measure>
    <time_frame>at Baseline (admission to Covid-ward) until discharge (approx. 28 days)</time_frame>
    <description>Duration of hospitalisation</description>
  </secondary_outcome>
  <secondary_outcome>
    <measure>Humoral immune response</measure>
    <time_frame>at Baseline (admission to Covid-ward), day -1 (before plasma), day 1 (after plasma), day7, day 14, day 28</time_frame>
    <description>Rise of SARS-CoV-2 antibody titers (on day 1, 7, 14 and 28)</description>
  </secondary_outcome>
  <number_of_arms>1</number_of_arms>
  <enrollment type="Actual">15</enrollment>
  <condition>Coronavirus Disease 2019 Infectious Disease (COVID-19 Infection)</condition>
  <arm_group>
    <arm_group_label>convalescent plasma treatment</arm_group_label>
    <arm_group_type>Experimental</arm_group_type>
    <description>After confirmation of negative SARS-CoV-2 polymerase chain reaction (PCR) in two consecutive nasal swabs or 28 days after resolution of symptoms, donor check is performed and plasma donation occurs by apheresis. The plasma is photochemically pathogen reduced using the INTERCEPT Blood System.&#xD;
In addition to standard of care, SARS-CoV-2 infected patients for whom blood group compatible convalescent plasma is available and who are willing to sign the informed consent receive convalescent plasma as follows: 200ml at enrolment and 200ml at 12-24 hours follow-up.</description>
  </arm_group>
  <intervention>
    <intervention_type>Other</intervention_type>
    <intervention_name>convalescent plasma application to SARS-CoV-2 infected patients</intervention_name>
    <description>In addition to standard of care, SARS-CoV-2 infected patients for whom blood group compatible convalescent plasma is available and who are willing to sign the informed consent receive convalescent plasma as follows: 200ml at enrolment and 200ml at 12-24 hours follow-up.</description>
    <arm_group_label>convalescent plasma treatment</arm_group_label>
  </intervention>
  <eligibility>
    <criteria>
      <textblock>
        Inclusion Criteria for donors:&#xD;
&#xD;
          -  male patients who have been tested positive for SARS-CoV2 at University Hospital&#xD;
             Basel, Switzerland or in the near surroundings more than 10 days before enrolment&#xD;
&#xD;
          -  18-60 years of age&#xD;
&#xD;
          -  asymptomatic (thus successfully overcome COVID-19) &gt;14 days back&#xD;
&#xD;
          -  two consecutive naso-pharyngeal swabs tested negative for quantitative PCR-test for&#xD;
             SARS-CoV-2 prior to plasma donation to demonstrate infection Resolution, or more than&#xD;
             28 days asymptomatic after SARS-CoV2 infection&#xD;
&#xD;
          -  Body weight of at least 50 kg&#xD;
&#xD;
          -  donor eligibility criteria according to the Swiss Red Cross Blood Transfusion Service&#xD;
             as for regular blood donation&#xD;
&#xD;
        Exclusion Criteria for donors:&#xD;
&#xD;
          -  Female donors are excluded from plasma donation&#xD;
&#xD;
          -  Treatment with Actemra® (Tocilizumab) in the course of COVID-19&#xD;
&#xD;
          -  Current hospitalization&#xD;
&#xD;
          -  Current or previous relevant medical conditions that pose a risk for the donor&#xD;
&#xD;
        Inclusion Criteria for COVID-19 infected patients:&#xD;
&#xD;
          -  SARS-CoV-2 infection confirmed by PCR in respiratory secretions (naso- pharyngeal&#xD;
             swab, broncho-alveolar lavage, sputum)&#xD;
&#xD;
          -  hospitalized&#xD;
&#xD;
          -  pulmonary infiltrates compatible with COVID-19 on CT-scan&#xD;
&#xD;
          -  availability of blood group compatible convalescent plasma&#xD;
&#xD;
          -  signed informed consent&#xD;
      </textblock>
    </criteria>
    <gender>All</gender>
    <minimum_age>18 Years</minimum_age>
    <maximum_age>N/A</maximum_age>
    <healthy_volunteers>Accepts Healthy Volunteers</healthy_volunteers>
  </eligibility>
  <overall_official>
    <last_name>Andreas Buser, Prof. Dr. med.</last_name>
    <role>Principal Investigator</role>
    <affiliation>Blutspendezentrum SRK beider Basel, Universitätsspital Basel</affiliation>
  </overall_official>
  <location>
    <facility>
      <name>Blutspendezentrum SRK beider Basel, University Hospital Basel</name>
      <address>
        <city>Basel</city>
        <zip>4031</zip>
        <country>Switzerland</country>
      </address>
    </facility>
  </location>
  <location_countries>
    <country>Switzerland</country>
  </location_countries>
  <verification_date>August 2020</verification_date>
  <study_first_submitted>May 12, 2020</study_first_submitted>
  <study_first_submitted_qc>May 14, 2020</study_first_submitted_qc>
  <study_first_posted type="Actual">May 15, 2020</study_first_posted>
  <last_update_submitted>August 3, 2020</last_update_submitted>
  <last_update_submitted_qc>August 3, 2020</last_update_submitted_qc>
  <last_update_posted type="Actual">August 4, 2020</last_update_posted>
  <responsible_party>
    <responsible_party_type>Sponsor</responsible_party_type>
  </responsible_party>
  <keyword>convalescent plasma</keyword>
  <keyword>Severe Acute Respiratory Syndrome Coronavirus 2 (SARS-CoV-2)</keyword>
  <condition_browse>
    <!-- CAUTION:  The following MeSH terms are assigned with an imperfect algorithm            -->
    <mesh_term>Communicable Diseases</mesh_term>
    <mesh_term>Infection</mesh_term>
    <mesh_term>Coronavirus Infections</mesh_term>
    <mesh_term>Clinical Deterioration</mesh_term>
  </condition_browse>
  <!-- Results have not yet been posted for this study                                          -->
</clinical_study>

