<?xml version="1.0" encoding="UTF-8"?>
<clinical_study rank="2027">
  <!-- This xml conforms to an XML Schema at:
    https://clinicaltrials.gov/ct2/html/images/info/public.xsd -->
  <required_header>
    <download_date>ClinicalTrials.gov processed this data on February 18, 2021</download_date>
    <link_text>Link to the current ClinicalTrials.gov record.</link_text>
    <url>https://clinicaltrials.gov/show/NCT04346264</url>
  </required_header>
  <id_info>
    <org_study_id>LEAD CoVid-19</org_study_id>
    <nct_id>NCT04346264</nct_id>
  </id_info>
  <brief_title>CoVid-19 - Infection and Antibody Formation in the Viennese Population</brief_title>
  <official_title>CoVid-19 - Infection and Antibody Formation in the Viennese Population - Data From the Vienna Health Study LEAD</official_title>
  <sponsors>
    <lead_sponsor>
      <agency>Ludwig Boltzmann Institute for Lung Health</agency>
      <agency_class>Other</agency_class>
    </lead_sponsor>
  </sponsors>
  <source>Ludwig Boltzmann Institute for Lung Health</source>
  <oversight_info>
    <has_dmc>No</has_dmc>
    <is_fda_regulated_drug>No</is_fda_regulated_drug>
    <is_fda_regulated_device>No</is_fda_regulated_device>
  </oversight_info>
  <brief_summary>
    <textblock>
      Summary of the study&#xD;
&#xD;
      Study population:&#xD;
&#xD;
      A representative sample of the Viennese population stratified by age and gender (data from&#xD;
      the Vienna Health Study LEAD)&#xD;
&#xD;
      Potential output and analysis:&#xD;
&#xD;
        -  Extent of age-specific infection and antibody formation&#xD;
&#xD;
        -  Cumulative incidence of infection&#xD;
&#xD;
        -  Rate of asymptomatic infection&#xD;
&#xD;
        -  Relationship with socioeconomics, lifestyle and risk factors (comorbidities)&#xD;
&#xD;
      Study design:&#xD;
&#xD;
      Prospective, longitudinal, stratified by age and gender&#xD;
&#xD;
      Duration of study:&#xD;
&#xD;
      Initial testing as soon as possible and repeat based on monitoring of the pandemic curve&#xD;
      (probably after 2-3 months)&#xD;
&#xD;
      Information to be obtained from participants:&#xD;
&#xD;
        -  serum samples for information on SARS-CoV2 infection and antibody formation&#xD;
&#xD;
        -  data on clinical symptoms&#xD;
    </textblock>
  </brief_summary>
  <detailed_description>
    <textblock>
      Both international (WHO; (1) and national are calling for increased testing for the&#xD;
      SARS-CoV-2 virus; at present it is completely unclear how many people will actually become&#xD;
      infected with the Covid-19 virus or have formed antibodies against it during the pandemic.&#xD;
      The greatest uncertainty of all calculation models on hospitalisation rates, morbidity and&#xD;
      mortality of the pandemic is the unknown number of unreported cases of citizens infected or&#xD;
      having been infected with Covid-19.&#xD;
&#xD;
      Currently the direct detection of the SARS-CoV-2 virus from the mouth/nose/throat swab using&#xD;
      PCR is established worldwide with high sensitivity and specificity. This direct method is&#xD;
      expensive and not always available in sufficient quantities. Furthermore, the results are&#xD;
      strongly influenced by the quality of the smear collection.&#xD;
&#xD;
      The detection of antibodies against the SARS-CoV-2 virus is an alternative method for&#xD;
      determining whether a person has been infected with SARS-CoV-2 and has developed an immune&#xD;
      response to the virus. Recently several companies have been offering such kits for sale.&#xD;
      According to national experts, these kits have not yet been sufficiently clinically&#xD;
      validated, which is why valid data on their sensitivity and specificity are not yet&#xD;
      available. However, on the validation of these tests are being worked hard all over the&#xD;
      world, so that it can be assumed (the experts also agree on this) that data on the&#xD;
      sensitivity and specificity of the antibody tests will be available in the foreseeable&#xD;
      future.&#xD;
&#xD;
      Probably the only reasonable and feasible method of testing the actual rate of Covid-19&#xD;
      infection in a given population is to detect infection (either directly or indirectly by&#xD;
      means of antibody testing) from a sample that is as representative as possible for this&#xD;
      population.&#xD;
&#xD;
      The selected subjects of the LEAD study, the core project of the Ludwig Boltzmann Institute&#xD;
      for Lung Health at Otto Wagner Hospital (the hospital association is an official partner of&#xD;
      the institute), represent an exemplary representative sample of the general population in&#xD;
      Vienna (i.e. the sample corresponds to the Viennese population in terms of age, gender,&#xD;
      smoking habits, place of residence, etc.). In the LEAD study, more than 11,000 subjects (aged&#xD;
      6-80) mainly from Vienna were subjected to a &quot;Health examination survey&quot; (2).&#xD;
&#xD;
      Due to the conditions described above, blood should be drawn from the subjects of the LEAD&#xD;
      study at two points in time (as early as possible and after two to three months) and blood&#xD;
      sera should be frozen to determine antibodies against SARS-CoV-2 and tested with a test of&#xD;
      high sensitivity and specificity. According to the WHO this procedure (longitudinal cohort&#xD;
      study with serial sampling of the same individuals (in the same geographic area) each time)&#xD;
      is recommended in that provides the most comprehensive information on extent of infection.&#xD;
&#xD;
      By testing for SARS-CoV-2 antibodies twice in the subjects of the LEAD study (random sample),&#xD;
      an accurate and representative estimate of the actual positive Covid-19 cases in the Viennese&#xD;
      population and the rate of spread during the pandemic could be extrapolated for Vienna in the&#xD;
      foreseeable future. Since more than 1,500 individual parameters were measured in the&#xD;
      participants of the LEAD study, conclusions on socioeconomics, lifestyle factors and possible&#xD;
      risk profiles (e.g. co-morbidity, smoking behaviour, etc.) can be drawn from those who tested&#xD;
      positive (but also negative). In addition, a query regarding symptoms should be carried out&#xD;
      at both dates in order to obtain information on the percentage of asymptomatic infections&#xD;
      with SARS-CoV-2.&#xD;
    </textblock>
  </detailed_description>
  <overall_status>Enrolling by invitation</overall_status>
  <start_date type="Anticipated">April 27, 2020</start_date>
  <completion_date type="Anticipated">September 30, 2020</completion_date>
  <primary_completion_date type="Anticipated">June 1, 2020</primary_completion_date>
  <study_type>Observational</study_type>
  <has_expanded_access>No</has_expanded_access>
  <study_design_info>
    <observational_model>Cohort</observational_model>
    <time_perspective>Prospective</time_perspective>
  </study_design_info>
  <primary_outcome>
    <measure>Prevalence of SARS-CoV-2 antibody titres</measure>
    <time_frame>5 weeks</time_frame>
    <description>Antibody Titres IgG and IgM</description>
  </primary_outcome>
  <secondary_outcome>
    <measure>Prevalence of SARS-CoV-2 antibody titres after 3 Months</measure>
    <time_frame>4 Months</time_frame>
    <description>Re-Calculation including incidence of the general population</description>
  </secondary_outcome>
  <number_of_groups>1</number_of_groups>
  <enrollment type="Anticipated">5500</enrollment>
  <condition>Virus Diseases</condition>
  <condition>COVID-19</condition>
  <arm_group>
    <arm_group_label>General Cohort</arm_group_label>
    <description>Population general cohort from the Austrian LEAD Study</description>
  </arm_group>
  <intervention>
    <intervention_type>Diagnostic Test</intervention_type>
    <intervention_name>NO intervention planned due to the observational study design only a diagnostic testing</intervention_name>
    <description>Only a diagnostic test (serum blood and antibody measurement) is planned</description>
    <arm_group_label>General Cohort</arm_group_label>
  </intervention>
  <biospec_retention>Samples Without DNA</biospec_retention>
  <biospec_descr>
    <textblock>
      Serum&#xD;
    </textblock>
  </biospec_descr>
  <eligibility>
    <study_pop>
      <textblock>
        General population cohort (The Austrian LEAD Study, NCT01727518), aged 6-85 years from&#xD;
        Vienna, Austria&#xD;
      </textblock>
    </study_pop>
    <sampling_method>Probability Sample</sampling_method>
    <criteria>
      <textblock>
        Inclusion Criteria: all participants of the Austrian LEAD study will be invited&#xD;
        (www.leadstudy.at) -&#xD;
&#xD;
        Exclusion Criteria: pregnancy, failure due to language&#xD;
&#xD;
        -&#xD;
      </textblock>
    </criteria>
    <gender>All</gender>
    <minimum_age>6 Years</minimum_age>
    <maximum_age>85 Years</maximum_age>
  </eligibility>
  <overall_official>
    <last_name>Otto C Burghuber, Prof.MD</last_name>
    <role>Principal Investigator</role>
    <affiliation>Ludwig Boltzmann Institute for Lung Health</affiliation>
  </overall_official>
  <location>
    <facility>
      <name>The LEAD Study Center</name>
      <address>
        <city>Vienna</city>
        <zip>1140</zip>
        <country>Austria</country>
      </address>
    </facility>
  </location>
  <location_countries>
    <country>Austria</country>
  </location_countries>
  <link>
    <url>http://www.leadstudy.at</url>
    <description>Homepage of the Austrian LEAD Study</description>
  </link>
  <results_reference>
    <citation>Breyer-Kohansal R, Faner R, Breyer MK, Ofenheimer A, Schrott A, Studnicka M, Wouters EFM, Burghuber OC, Hartl S, Agusti A. Factors Associated with Low Lung Function in Different Age Bins in the General Population. Am J Respir Crit Care Med. 2020 Jul 15;202(2):292-296. doi: 10.1164/rccm.202001-0172LE.</citation>
    <PMID>32255673</PMID>
  </results_reference>
  <verification_date>April 2020</verification_date>
  <study_first_submitted>April 13, 2020</study_first_submitted>
  <study_first_submitted_qc>April 13, 2020</study_first_submitted_qc>
  <study_first_posted type="Actual">April 15, 2020</study_first_posted>
  <last_update_submitted>April 14, 2020</last_update_submitted>
  <last_update_submitted_qc>April 14, 2020</last_update_submitted_qc>
  <last_update_posted type="Actual">April 16, 2020</last_update_posted>
  <responsible_party>
    <responsible_party_type>Sponsor</responsible_party_type>
  </responsible_party>
  <condition_browse>
    <!-- CAUTION:  The following MeSH terms are assigned with an imperfect algorithm            -->
    <mesh_term>Virus Diseases</mesh_term>
  </condition_browse>
  <patient_data>
    <sharing_ipd>No</sharing_ipd>
  </patient_data>
  <!-- Results have not yet been posted for this study                                          -->
</clinical_study>

