<?xml version="1.0" encoding="UTF-8"?>
<clinical_study rank="1007">
  <!-- This xml conforms to an XML Schema at:
    https://clinicaltrials.gov/ct2/html/images/info/public.xsd -->
  <required_header>
    <download_date>ClinicalTrials.gov processed this data on February 18, 2021</download_date>
    <link_text>Link to the current ClinicalTrials.gov record.</link_text>
    <url>https://clinicaltrials.gov/show/NCT04380792</url>
  </required_header>
  <id_info>
    <org_study_id>SCREENING042020</org_study_id>
    <nct_id>NCT04380792</nct_id>
  </id_info>
  <brief_title>Prevalence of DVT or PE in Patients Infected With COVID-19 Admitted to Hospital</brief_title>
  <acronym>SCREENING</acronym>
  <official_title>Prevalence of DVT or PE in Patients Infected With COVID-19 Admitted to Hospital (SCREENING Study)</official_title>
  <sponsors>
    <lead_sponsor>
      <agency>Manuel Monreal</agency>
      <agency_class>Other</agency_class>
    </lead_sponsor>
  </sponsors>
  <source>Foundation for the study of VTE diseases. (FUENTE)</source>
  <oversight_info>
    <is_fda_regulated_drug>No</is_fda_regulated_drug>
    <is_fda_regulated_device>No</is_fda_regulated_device>
  </oversight_info>
  <brief_summary>
    <textblock>
      The main objectives are:&#xD;
&#xD;
        -  To establish the prevalence of deep venous thrombosis through ultrasonography in&#xD;
           Patients infected with COVID-19 admitted to hospital.&#xD;
&#xD;
        -  To identify patients with higher risk of deep venous thrombosis.&#xD;
    </textblock>
  </brief_summary>
  <overall_status>Completed</overall_status>
  <start_date type="Actual">April 13, 2020</start_date>
  <completion_date type="Actual">October 13, 2020</completion_date>
  <primary_completion_date type="Actual">October 13, 2020</primary_completion_date>
  <study_type>Observational</study_type>
  <has_expanded_access>No</has_expanded_access>
  <study_design_info>
    <observational_model>Other</observational_model>
    <time_perspective>Retrospective</time_perspective>
  </study_design_info>
  <primary_outcome>
    <measure>VTE events and complications</measure>
    <time_frame>30 days</time_frame>
    <description>Study endpoints are clinically recognized (and objectively confirmed) recurrences of VTE, major and minor bleeding complications, and death.</description>
  </primary_outcome>
  <enrollment type="Actual">2497</enrollment>
  <condition>COVID-19</condition>
  <eligibility>
    <study_pop>
      <textblock>
        Patients infected with COVID-19 admitted to hospital&#xD;
      </textblock>
    </study_pop>
    <sampling_method>Non-Probability Sample</sampling_method>
    <criteria>
      <textblock>
        Inclusion Criteria:&#xD;
&#xD;
          -  Patients infected with COVID-19.&#xD;
&#xD;
          -  Admission to hospital.&#xD;
&#xD;
        Exclusion Criteria:&#xD;
&#xD;
          -  Patients treated with ECMO (Extracorporeal membrane oxygenation).&#xD;
      </textblock>
    </criteria>
    <gender>All</gender>
    <minimum_age>N/A</minimum_age>
    <maximum_age>N/A</maximum_age>
    <healthy_volunteers>No</healthy_volunteers>
  </eligibility>
  <overall_official>
    <last_name>Manuel Monreal</last_name>
    <role>Study Chair</role>
    <affiliation>Germans Trias i Pujol Hospital</affiliation>
  </overall_official>
  <location>
    <facility>
      <name>Manuel Monreal</name>
      <address>
        <city>Badalona</city>
        <state>Barcelona</state>
        <zip>08916</zip>
        <country>Spain</country>
      </address>
    </facility>
  </location>
  <location_countries>
    <country>Spain</country>
  </location_countries>
  <verification_date>December 2020</verification_date>
  <study_first_submitted>May 7, 2020</study_first_submitted>
  <study_first_submitted_qc>May 7, 2020</study_first_submitted_qc>
  <study_first_posted type="Actual">May 8, 2020</study_first_posted>
  <last_update_submitted>December 11, 2020</last_update_submitted>
  <last_update_submitted_qc>December 11, 2020</last_update_submitted_qc>
  <last_update_posted type="Actual">December 14, 2020</last_update_posted>
  <responsible_party>
    <responsible_party_type>Sponsor-Investigator</responsible_party_type>
    <investigator_affiliation>Foundation for the study of VTE diseases. (FUENTE)</investigator_affiliation>
    <investigator_full_name>Manuel Monreal</investigator_full_name>
    <investigator_title>Professor of Internal Medicine</investigator_title>
  </responsible_party>
  <patient_data>
    <sharing_ipd>Undecided</sharing_ipd>
  </patient_data>
  <!-- Results have not yet been posted for this study                                          -->
</clinical_study>

