<?xml version="1.0" encoding="UTF-8"?>
<clinical_study rank="2703">
  <!-- This xml conforms to an XML Schema at:
    https://clinicaltrials.gov/ct2/html/images/info/public.xsd -->
  <required_header>
    <download_date>ClinicalTrials.gov processed this data on February 18, 2021</download_date>
    <link_text>Link to the current ClinicalTrials.gov record.</link_text>
    <url>https://clinicaltrials.gov/show/NCT04395599</url>
  </required_header>
  <id_info>
    <org_study_id>2020_44</org_study_id>
    <secondary_id>2020-A01461-38</secondary_id>
    <nct_id>NCT04395599</nct_id>
  </id_info>
  <brief_title>Risk of Air Contamination During Visceral Surgery in COVID19 Patients</brief_title>
  <acronym>COELIOCOVID</acronym>
  <official_title>Assessment of Air Contamination Risk by Sars-Cov2 During Visceral Surgery in COVID19 Patients: Pilot Study.</official_title>
  <sponsors>
    <lead_sponsor>
      <agency>University Hospital, Lille</agency>
      <agency_class>Other</agency_class>
    </lead_sponsor>
  </sponsors>
  <source>University Hospital, Lille</source>
  <oversight_info>
    <has_dmc>No</has_dmc>
    <is_fda_regulated_drug>No</is_fda_regulated_drug>
    <is_fda_regulated_device>No</is_fda_regulated_device>
  </oversight_info>
  <brief_summary>
    <textblock>
      Sars-Cov2 has been found in the digestive tract, as well as the respiratory tract. Protection&#xD;
      of health care workers during surgery has been increased and some guidelines advocate for&#xD;
      abandoning laparoscopy in COVID19 patients for fear of contamination, evenghtough this does&#xD;
      not benefit the patient. However, Sars-Cov2 contamination risk during visceral surgery&#xD;
      remains unknown. Inadequate protection is unnecessary costful and can be inefficient if too&#xD;
      binding. Our hypotheses are that 1) Sars-Cov 2 can travel through droplet and air during&#xD;
      visceral surgery. 2) Laparoscopy, because of the pneumoperitoneum and its leaks, warrant more&#xD;
      air contamination whereas laparotomy warrant more droplet contamination, which would&#xD;
      justified increased protection.&#xD;
    </textblock>
  </brief_summary>
  <overall_status>Not yet recruiting</overall_status>
  <start_date type="Anticipated">May 2020</start_date>
  <completion_date type="Anticipated">October 2020</completion_date>
  <primary_completion_date type="Anticipated">October 2020</primary_completion_date>
  <phase>N/A</phase>
  <study_type>Interventional</study_type>
  <has_expanded_access>No</has_expanded_access>
  <study_design_info>
    <allocation>N/A</allocation>
    <intervention_model>Single Group Assignment</intervention_model>
    <intervention_model_description>COVID19 patients undergoing visceral surgery</intervention_model_description>
    <primary_purpose>Prevention</primary_purpose>
    <masking>None (Open Label)</masking>
  </study_design_info>
  <primary_outcome>
    <measure>Air contamination</measure>
    <time_frame>10 minutes after incision if no opening of the digestive lumen, or 10 minutes after opening of the digestive tract</time_frame>
    <description>Composite criteria: &quot;50cm above the operating site&quot; and/or &quot;1m50 from the operating site&quot; and/or &quot;3m from the operating site&quot;</description>
  </primary_outcome>
  <secondary_outcome>
    <measure>Environment contamination</measure>
    <time_frame>At the end of surgery, an average 1 hour 30 min</time_frame>
    <description>Cartography of Sars-Cov2 environment surface contamination</description>
  </secondary_outcome>
  <secondary_outcome>
    <measure>Surgical approach</measure>
    <time_frame>At the end of the intervention, an average 2 hours</time_frame>
    <description>Composite criteria: air contamination or environment contamination positivity rate according to surgical approach (laparoscopy or laparotomy)</description>
  </secondary_outcome>
  <secondary_outcome>
    <measure>Opening of the digestive tract</measure>
    <time_frame>At the end of the intervention,an average 2 hours</time_frame>
    <description>Composite criteria: air contamination or environment contamination positivity rate according to opening of digestive tract status (opened or not)</description>
  </secondary_outcome>
  <secondary_outcome>
    <measure>Biological fluids</measure>
    <time_frame>During the procedure, an average 2 hours 30 min</time_frame>
    <description>Cartography of Sars-Cov2 presence in biological fluids (blood, stools, peritoneal fluid, digestive fluids, sputum, bile)</description>
  </secondary_outcome>
  <secondary_outcome>
    <measure>Pneumoperitoneum</measure>
    <time_frame>At the end of the procedure,an average 2 hours 30 min</time_frame>
    <description>Presence of Sars-Cov 2 in pneumoperitoneum, evaluated on surgical smoke filter</description>
  </secondary_outcome>
  <number_of_arms>1</number_of_arms>
  <enrollment type="Anticipated">40</enrollment>
  <condition>Sars-CoV2</condition>
  <condition>Surgery</condition>
  <condition>COVID</condition>
  <arm_group>
    <arm_group_label>COVID19 patients undergoing visceral surgery</arm_group_label>
    <arm_group_type>Experimental</arm_group_type>
  </arm_group>
  <intervention>
    <intervention_type>Other</intervention_type>
    <intervention_name>Cartography of air contamination, environment contamination and biological fluid by Sars-Cov2 during visceral surgery in COVID19 patients.</intervention_name>
    <description>Air sampling, operating room surfaces sampling and patients' biological fluid sampling for Sars-Cov2 quantification</description>
    <arm_group_label>COVID19 patients undergoing visceral surgery</arm_group_label>
  </intervention>
  <eligibility>
    <criteria>
      <textblock>
        Inclusion Criteria:&#xD;
&#xD;
          -  Documented Sars-Cov2 infection (nasopharyngeal swab, tracheal sampling, thoracic CT,&#xD;
             serology)&#xD;
&#xD;
          -  Need of visceral surgery (laparoscopy or laparotomy)&#xD;
&#xD;
          -  Signed informed consent&#xD;
&#xD;
          -  Social coverage&#xD;
&#xD;
          -  Patient who agrees to be included in the study and who signs the informed consent form&#xD;
&#xD;
          -  Patient affiliated to a healthcare insurance plan&#xD;
&#xD;
          -  Patient willing to comply with study's requirements&#xD;
&#xD;
        Exclusion Criteria:&#xD;
&#xD;
          -  Need of another type of surgery during the same procedure&#xD;
&#xD;
          -  Mentally unbalanced patients, under supervision or guardianship&#xD;
&#xD;
          -  Patient who does not understand French/ is unable to give consent&#xD;
&#xD;
          -  Patient not affiliated to a French or European healthcare insurance&#xD;
&#xD;
          -  Patient incarcerated&#xD;
      </textblock>
    </criteria>
    <gender>All</gender>
    <minimum_age>18 Years</minimum_age>
    <maximum_age>N/A</maximum_age>
    <healthy_volunteers>No</healthy_volunteers>
  </eligibility>
  <overall_official>
    <last_name>Robert CAIAZZO, MD,PhD</last_name>
    <role>Principal Investigator</role>
    <affiliation>University Hospital, Lille</affiliation>
  </overall_official>
  <overall_contact>
    <last_name>Robert CAIAZZO, MD,PhD</last_name>
    <phone>32044</phone>
    <phone_ext>+33</phone_ext>
    <email>robert.caiazzo@chru-lille.fr</email>
  </overall_contact>
  <verification_date>May 2020</verification_date>
  <study_first_submitted>May 19, 2020</study_first_submitted>
  <study_first_submitted_qc>May 19, 2020</study_first_submitted_qc>
  <study_first_posted type="Actual">May 20, 2020</study_first_posted>
  <last_update_submitted>May 19, 2020</last_update_submitted>
  <last_update_submitted_qc>May 19, 2020</last_update_submitted_qc>
  <last_update_posted type="Actual">May 20, 2020</last_update_posted>
  <responsible_party>
    <responsible_party_type>Sponsor</responsible_party_type>
  </responsible_party>
  <keyword>COVID-19</keyword>
  <keyword>visceral surgery</keyword>
  <keyword>air contamination</keyword>
  <keyword>laparoscopy, prevention</keyword>
  <keyword>prevention</keyword>
  <patient_data>
    <sharing_ipd>No</sharing_ipd>
  </patient_data>
  <!-- Results have not yet been posted for this study                                          -->
</clinical_study>

