<?xml version="1.0" encoding="UTF-8"?>
<clinical_study rank="4413">
  <!-- This xml conforms to an XML Schema at:
    https://clinicaltrials.gov/ct2/html/images/info/public.xsd -->
  <required_header>
    <download_date>ClinicalTrials.gov processed this data on February 18, 2021</download_date>
    <link_text>Link to the current ClinicalTrials.gov record.</link_text>
    <url>https://clinicaltrials.gov/show/NCT04390152</url>
  </required_header>
  <id_info>
    <org_study_id>BIOXSOMCOV001</org_study_id>
    <nct_id>NCT04390152</nct_id>
  </id_info>
  <brief_title>Safety and Efficacy of Intravenous Wharton's Jelly Derived Mesenchymal Stem Cells in Acute Respiratory Distress Syndrome Due to COVID 19</brief_title>
  <official_title>Safety and Efficacy of Intravenous Infusion of Wharton's Jelly Derived Mesenchymal Stem Cell Plus Standard Therapy for the Treatment of Patients With Acute Respiratory Distress Syndrome Diagnosis Due to COVID 19: A Randomized Controlled Trial</official_title>
  <sponsors>
    <lead_sponsor>
      <agency>BioXcellerator</agency>
      <agency_class>Industry</agency_class>
    </lead_sponsor>
    <collaborator>
      <agency>Clinical Somer</agency>
      <agency_class>Other</agency_class>
    </collaborator>
  </sponsors>
  <source>BioXcellerator</source>
  <oversight_info>
    <has_dmc>Yes</has_dmc>
    <is_fda_regulated_drug>No</is_fda_regulated_drug>
    <is_fda_regulated_device>No</is_fda_regulated_device>
  </oversight_info>
  <brief_summary>
    <textblock>
      Recent COVID 19 pandemic has overwhelmed health services all around the world, and humanity&#xD;
      has yet to find a cure or a vaccine for the treatment of patients, mainly the severe ones,&#xD;
      who pose a therapeutic challenge to healthcare professionals given the paucity of information&#xD;
      we have regarding SARS-CoV-2 pathogenesis.&#xD;
&#xD;
      Recently, reports mainly from China from patients treated with mesenchymal stem cells have&#xD;
      shown promise in accelerating recovery, even in the critically ill and the therapy has&#xD;
      sustained an increase in research because of it's powerful immunomodulatory effects, making&#xD;
      it and interesting alternative in patients with lung and systemic inflammation.&#xD;
&#xD;
      These effects could help treat a lot of patients and improve their outcomes, reason why phase&#xD;
      I/II studies are needed to show their safety and experimental efficacy.&#xD;
    </textblock>
  </brief_summary>
  <detailed_description>
    <textblock>
      SARS-CoV-2, virus culprit of the COVID 19 that emerged in China, has become now a worldwide&#xD;
      problem, with more than three million cases al around the world as reported by the World&#xD;
      Health Organization. This situation has put health systems under extreme pressure, being&#xD;
      overwhelmed be the amount of patients requiring attention.&#xD;
&#xD;
      Around 5% of patients will require ICU internation, due to severe lung inflammation giving&#xD;
      rise to Acute Respiratory Distress Syndrome (ARDS) and a cytokine storm that ultimately&#xD;
      affects other organs. In this group, mortality can be as high as 40%.&#xD;
&#xD;
      Mesenchymal stem cells (MSC) have shown great immunomodulatory effects, and are used in other&#xD;
      inflammatory conditions as autoimmune diseases, being safe and preliminary effective in&#xD;
      improving patients health status. They exert their effect via paracrine and autocrine&#xD;
      pathways and have been shown to reduce IL-1, IL-6, Tumor necrosis factor alpha and increase&#xD;
      IL-10 in COVID 19 patients. One of the greater advantages of the MSC is that they express no&#xD;
      Major Histocompatibility Complex, reducing the risk of host immune reaction.&#xD;
&#xD;
      Given their immunomodulatory effects, research in this topic showing their safety and&#xD;
      experimental efficacy are needed, as therapies for severe patients are lacking. Patients,&#xD;
      researchers and data analysts will be blinded, and ARDS patients will be randomly allocated&#xD;
      in standard therapy plus MSC arm or standard therapy alone to answer these questions.&#xD;
    </textblock>
  </detailed_description>
  <overall_status>Recruiting</overall_status>
  <start_date type="Actual">January 13, 2020</start_date>
  <completion_date type="Anticipated">April 2022</completion_date>
  <primary_completion_date type="Anticipated">December 2021</primary_completion_date>
  <phase>Phase 1/Phase 2</phase>
  <study_type>Interventional</study_type>
  <has_expanded_access>No</has_expanded_access>
  <study_design_info>
    <allocation>Randomized</allocation>
    <intervention_model>Parallel Assignment</intervention_model>
    <primary_purpose>Treatment</primary_purpose>
    <masking>Quadruple (Participant, Care Provider, Investigator, Outcomes Assessor)</masking>
    <masking_description>Patient code will be stored in sealed, opaque envelops with their respective codification. These envelops will be stored in Clinica Somer's Research Unit and the only person with access permission will be the pharmaceutical chemist in charge. Treatment delivery (MSC or placebo) will also be in charge of the chemist, guaranteeing blinding of patient and healthcare professionals. Data analysis will be done by people blind to the treatment received by each patient.</masking_description>
  </study_design_info>
  <primary_outcome>
    <measure>Intergroup mortality difference with treatment</measure>
    <time_frame>28 days.</time_frame>
    <description>Evaluation of efficacy of WJ-MSC defined by mortality at 28 days of application.</description>
  </primary_outcome>
  <secondary_outcome>
    <measure>Number of patients with treatment related adverse events</measure>
    <time_frame>6 months.</time_frame>
    <description>Safety evaluation of WJ-MSC describing and comparing incidence, type and severity of adverse events in both groups.</description>
  </secondary_outcome>
  <secondary_outcome>
    <measure>Difference in days of mechanical ventilation between groups</measure>
    <time_frame>From ICU admission to 180 days.</time_frame>
    <description>Evaluation of the effect of WJ-MSC in the time of mechanical ventilation compared between the two groups, as prolonged mechanical ventilation days are associated with higher complication risks as pneumonia, tracheostomy and death.</description>
  </secondary_outcome>
  <secondary_outcome>
    <measure>Median reduction of days of hospitalization</measure>
    <time_frame>From hospital admission to 180 days.</time_frame>
    <description>Evaluation of the effect of WJ-MSC in the time of hospitalization between the two groups as a measure of efficacy.</description>
  </secondary_outcome>
  <secondary_outcome>
    <measure>Median reduction of days of oxygen needs</measure>
    <time_frame>From hospital admission to 180 days.</time_frame>
    <description>Evaluation of the effect of WJ-MSC in the time of oxygen needs compared between the two groups as a measure of efficacy.</description>
  </secondary_outcome>
  <secondary_outcome>
    <measure>Difference between &quot;Sequential Organ Failure Assessment&quot; score between groups</measure>
    <time_frame>Baseline to 7 days</time_frame>
    <description>&quot;Sequential Organ Failure Assessment&quot; (SOFA) score is a tool used to determine the beginning and evolution of multiorgan failure, ranging from 0 to 24, being 24 the worst scenario. It has been proven useful as an outcome predictor of mortality and ICU stay. The result is the addition of the evaluation of each organ or system. Effect of WJ-MSC in the SOFA score will be compared between the two groups.</description>
  </secondary_outcome>
  <secondary_outcome>
    <measure>Difference between median Murray score between groups</measure>
    <time_frame>Baseline and 7 days</time_frame>
    <description>Murray score is a tool used to classify lung injury. 0 = no lung injury, 0.1-2.5, mild to moderate lund injury, &gt;2.5 Acute respiratory distress syndrome.&#xD;
The effect of WJ-MSC in the Murray score will be compared between the two groups.</description>
  </secondary_outcome>
  <secondary_outcome>
    <measure>Difference in APACHE II score between groups</measure>
    <time_frame>Baseline and 7 days</time_frame>
    <description>APACHE II is a prognostic score based on 12 different items obtained in the first 24 hours of ICU admission. Its mainly used as a single measure, but some authors have used and described prediction usefulness with repeated measures. It ranges from 0 to 71 points. Higher scores are related to higher ICU mortality.&#xD;
The effect of WJ-MSC in the APACHE II score will compared between the two groups.</description>
  </secondary_outcome>
  <secondary_outcome>
    <measure>Difference in lymphocyte count between groups</measure>
    <time_frame>baseline and 21 days or discharge</time_frame>
    <description>Evaluation of the effect of WJ-MSC in lymphocyte count measured in absolute number/mm3.&#xD;
These laboratory measures have been associated with COVID 19 severity.</description>
  </secondary_outcome>
  <secondary_outcome>
    <measure>Changes in C reactive protein concentration between groups</measure>
    <time_frame>baseline and 21 days or discharge</time_frame>
    <description>Evaluation of the effect of WJ-MSC in C reactive protein concentration between the two groups, measured in mg/dl.&#xD;
Highest levels have been associated with COVID 19 severity and inflammation.</description>
  </secondary_outcome>
  <secondary_outcome>
    <measure>Changes in D dimer concentration</measure>
    <time_frame>baseline and 21 days or discharge</time_frame>
    <description>Evaluation of the effect of WJ-MSC in D dimer between the two groups, measured in micrograms Highest levels have been associated with COVID 19 severity and thromboembolic complications.</description>
  </secondary_outcome>
  <secondary_outcome>
    <measure>Changes in ferritin concentration</measure>
    <time_frame>baseline and 21 days or discharge</time_frame>
    <description>Evaluation of the effect of WJ-MSC in ferritin compared between the two groups, measured in nanograms/ml.&#xD;
These laboratory measures have been associated with COVID 19 infection and severity.</description>
  </secondary_outcome>
  <secondary_outcome>
    <measure>Changes in lactate dehydrogenase concentration</measure>
    <time_frame>baseline and 21 days or discharge</time_frame>
    <description>Evaluation of the effect of WJ-MSC in LDH compared between the two groups, measured in units/liter.&#xD;
These laboratory measures have been associated with COVID 19 infection and severity.</description>
  </secondary_outcome>
  <secondary_outcome>
    <measure>Impact on interleukin 6 concentrations between groups.</measure>
    <time_frame>Baseline and 7 days</time_frame>
    <description>Cytokines are biomarkers of inflammation or inflammatory activity in the human body. Changes in this profile give information about underlying process of inflammation.The effect of WJ-MSC in IL-6 will be compared between the two groups. It will be measured in picograms/ml.</description>
  </secondary_outcome>
  <secondary_outcome>
    <measure>Impact on interleukin 8 concentrations between groups.</measure>
    <time_frame>Baseline and 7 days</time_frame>
    <description>Cytokines are biomarkers of inflammation or inflammatory activity in the human body. Changes in this profile give information about underlying process of inflammation. The effect of WJ-MSC in IL 8 will be compared between the two groups. It will be measured in picograms/ml.</description>
  </secondary_outcome>
  <secondary_outcome>
    <measure>Impact on interleukin 10 concentrations between groups.</measure>
    <time_frame>Baseline and 7 days</time_frame>
    <description>Cytokines are biomarkers of inflammation or inflammatory activity in the human body. Changes in this profile give information about underlying process of inflammation. The effect of WJ-MSC in IL 10 will be compared between the two groups. It will be measured in picograms/ml.</description>
  </secondary_outcome>
  <secondary_outcome>
    <measure>Impact on tumor necrosis factor alpha concentrations between groups.</measure>
    <time_frame>Baseline to 7 days.</time_frame>
    <description>Cytokines are biomarkers of inflammation or inflammatory activity in the human body. Changes in this profile give information about underlying process of inflammation. The effect of WJ-MSC in TNF alpha will be compared between the two groups. It will be measured in nanograms/ml.</description>
  </secondary_outcome>
  <other_outcome>
    <measure>Changes in 6 minute walk between groups</measure>
    <time_frame>6 months</time_frame>
    <description>Evaluation of the effect of WJ-MSC in pulmonary function measured with 6 minute walk.&#xD;
6 minute walk is a test that gives information about pulmonary, cardiovascular and musculoskeletal functions. It measures the distance walked in 6 minutes in meters.</description>
  </other_outcome>
  <other_outcome>
    <measure>Changes in Pulmonary Computed Tomography Scan between groups</measure>
    <time_frame>6 months</time_frame>
    <description>Evaluation of the effect of WJ-MSC in pulmonary function with thoracic CT scan. CT scan gives information about lung parenchyma, showing acute and chronic changes related to the underlying condition. Radiologic findings will be compared mainly comparing percentage of patients with pulmonary fibrosis.</description>
  </other_outcome>
  <other_outcome>
    <measure>Changes in Spirometry between groups</measure>
    <time_frame>6 months</time_frame>
    <description>Evaluation of the effect of WJ-MSC in pulmonary function measured with spirometry, compared between the two groups. Spirometry gives information about lung volume and mobilization of air.&#xD;
Main parameters to be measured in spirometry are Forced Vital Capacity, Forced Expiratory Volume in 1 second and relation between these two to define if there is obstruction or restriction of airflow.</description>
  </other_outcome>
  <other_outcome>
    <measure>Changes in health related quality of life between groups</measure>
    <time_frame>6 months</time_frame>
    <description>Evaluation of the effect of WJ-MSC in health related quality of life assessed by 36 Item Short Survey (SF-36).&#xD;
SF 36 is a patient reported tool. Each question is rated from 0 to 100, being 100 the best score possible. The scores are then compared to a population defined median score.&#xD;
Differences in global and specific scoring will be measured between groups.</description>
  </other_outcome>
  <number_of_arms>2</number_of_arms>
  <enrollment type="Anticipated">40</enrollment>
  <condition>Acute Respiratory Distress Syndrome</condition>
  <arm_group>
    <arm_group_label>Mesenchymal stem cell</arm_group_label>
    <arm_group_type>Experimental</arm_group_type>
    <description>WJ MSC 50*10e6, two doses plus standard treatment with hydroxychloroquine + Lopinavir/Ritonavir or Azithromycin and ventilation support.</description>
  </arm_group>
  <arm_group>
    <arm_group_label>Control group</arm_group_label>
    <arm_group_type>Active Comparator</arm_group_type>
    <description>Hydroxychloroquine, lopinavir/ritonavir and ventilation support plus placebo</description>
  </arm_group>
  <intervention>
    <intervention_type>Drug</intervention_type>
    <intervention_name>Wharton's jelly derived Mesenchymal stem cells.</intervention_name>
    <description>IV Wharton's jelly derived Mesenchymal stem cells, two doses</description>
    <arm_group_label>Mesenchymal stem cell</arm_group_label>
  </intervention>
  <intervention>
    <intervention_type>Drug</intervention_type>
    <intervention_name>Hydroxychloroquine, lopinavir/ritonavir or azithromycin and placebo (standard therapy)</intervention_name>
    <description>Standard therapy as per hospital protocol, hydroxychloroquine 400mg + Lopinavir/Ritonavir 400/100 or azithromycin 500mg and Placebo</description>
    <arm_group_label>Control group</arm_group_label>
  </intervention>
  <eligibility>
    <criteria>
      <textblock>
        Inclusion Criteria:&#xD;
&#xD;
          -  SARS-CoV-2 positive Real Time - Polymerase Chain Reaction&#xD;
&#xD;
          -  Moderate to severe Acute respiratory distress syndrome according to Murray&#xD;
             classification.&#xD;
&#xD;
          -  PaO2/FiO2 less than 200 mmHg.&#xD;
&#xD;
          -  Within 36 hours of orotracheal intubation.&#xD;
&#xD;
          -  Absence of response with previous standard therapy.&#xD;
&#xD;
          -  Willing to participate in the study expressed by patient or responsible caregiver.&#xD;
&#xD;
          -  Not being in other clinical trial.&#xD;
&#xD;
        Exclusion Criteria:&#xD;
&#xD;
          -  Current pregnancy.&#xD;
&#xD;
          -  Cardiac rhythm abnormalities with instability.&#xD;
&#xD;
          -  Acute congestive heart failure/cardiogenic shock.&#xD;
&#xD;
          -  Severe comorbidities affecting mortality as defined by research group.&#xD;
&#xD;
          -  Cancer history in the past 5 years.&#xD;
&#xD;
          -  HIV, syphilis, hepatitis B or C.&#xD;
&#xD;
          -  Concomitant use of immunosuppressive therapy with contraindication to MSC.&#xD;
&#xD;
          -  Fivefold elevation of liver enzymes (ALT, AST).&#xD;
&#xD;
          -  Chronic kidney disease with glomerular filtration rate below 30ml/min or dialytic&#xD;
             needs.&#xD;
      </textblock>
    </criteria>
    <gender>All</gender>
    <minimum_age>18 Years</minimum_age>
    <maximum_age>80 Years</maximum_age>
    <healthy_volunteers>No</healthy_volunteers>
  </eligibility>
  <overall_official>
    <last_name>Alfredo Hernandez-Ruiz, MSc</last_name>
    <role>Principal Investigator</role>
    <affiliation>Clinica Somer</affiliation>
  </overall_official>
  <overall_contact>
    <last_name>Alfredo Hernandez-Ruiz, MSc</last_name>
    <phone>+5745699999</phone>
    <phone_ext>5386</phone_ext>
    <email>ahernandez@clinicasomer.com</email>
  </overall_contact>
  <overall_contact_backup>
    <last_name>Santiago Saldarriaga-Gomez, MSc</last_name>
    <phone>+5746041815</phone>
    <email>santiago.saldarriaga@bioxcellerator.com</email>
  </overall_contact_backup>
  <location>
    <facility>
      <name>BioXcellerator</name>
      <address>
        <city>Medellin</city>
        <state>Antioquia-CO</state>
        <zip>050022</zip>
        <country>Colombia</country>
      </address>
    </facility>
    <status>Not yet recruiting</status>
    <contact>
      <last_name>Karolynn Halpert, Dr.</last_name>
      <phone>6041815</phone>
    </contact>
  </location>
  <location>
    <facility>
      <name>Clinical Somer</name>
      <address>
        <city>Rionegro</city>
        <state>Antioquia</state>
        <country>Colombia</country>
      </address>
    </facility>
    <status>Recruiting</status>
    <contact>
      <last_name>Alfredo Hernandez-Ruiz, MSc</last_name>
      <phone>+574442630</phone>
    </contact>
  </location>
  <location_countries>
    <country>Colombia</country>
  </location_countries>
  <verification_date>January 2021</verification_date>
  <study_first_submitted>May 12, 2020</study_first_submitted>
  <study_first_submitted_qc>May 14, 2020</study_first_submitted_qc>
  <study_first_posted type="Actual">May 15, 2020</study_first_posted>
  <last_update_submitted>January 13, 2021</last_update_submitted>
  <last_update_submitted_qc>January 13, 2021</last_update_submitted_qc>
  <last_update_posted type="Actual">January 15, 2021</last_update_posted>
  <responsible_party>
    <responsible_party_type>Sponsor</responsible_party_type>
  </responsible_party>
  <keyword>coronavirus</keyword>
  <keyword>stem cell research</keyword>
  <keyword>mesenchymal stem cell</keyword>
  <condition_browse>
    <!-- CAUTION:  The following MeSH terms are assigned with an imperfect algorithm            -->
    <mesh_term>Respiratory Distress Syndrome, Newborn</mesh_term>
    <mesh_term>Respiratory Distress Syndrome, Adult</mesh_term>
    <mesh_term>Acute Lung Injury</mesh_term>
    <mesh_term>Syndrome</mesh_term>
  </condition_browse>
  <intervention_browse>
    <!-- CAUTION:  The following MeSH terms are assigned with an imperfect algorithm            -->
    <mesh_term>Ritonavir</mesh_term>
    <mesh_term>Lopinavir</mesh_term>
    <mesh_term>Azithromycin</mesh_term>
    <mesh_term>Hydroxychloroquine</mesh_term>
  </intervention_browse>
  <patient_data>
    <sharing_ipd>No</sharing_ipd>
    <ipd_description>Individual data won't be shared.</ipd_description>
  </patient_data>
  <!-- Results have not yet been posted for this study                                          -->
</clinical_study>

