<?xml version="1.0" encoding="UTF-8"?>
<clinical_study rank="2324">
  <!-- This xml conforms to an XML Schema at:
    https://clinicaltrials.gov/ct2/html/images/info/public.xsd -->
  <required_header>
    <download_date>ClinicalTrials.gov processed this data on February 18, 2021</download_date>
    <link_text>Link to the current ClinicalTrials.gov record.</link_text>
    <url>https://clinicaltrials.gov/show/NCT04388709</url>
  </required_header>
  <id_info>
    <org_study_id>GCO 20-0820</org_study_id>
    <nct_id>NCT04388709</nct_id>
  </id_info>
  <brief_title>Interferon Lambda Therapy for COVID-19</brief_title>
  <official_title>A Randomized Phase 2 Trial of Peginterferon Lambda-1a (Lambda) for the Treatment of Hospitalized Patients Infected With SARS-CoV-2 With Non-critical Illness</official_title>
  <sponsors>
    <lead_sponsor>
      <agency>Icahn School of Medicine at Mount Sinai</agency>
      <agency_class>Other</agency_class>
    </lead_sponsor>
    <collaborator>
      <agency>Eiger BioPharmaceuticals</agency>
      <agency_class>Industry</agency_class>
    </collaborator>
  </sponsors>
  <source>Icahn School of Medicine at Mount Sinai</source>
  <oversight_info>
    <has_dmc>Yes</has_dmc>
    <is_fda_regulated_drug>Yes</is_fda_regulated_drug>
    <is_fda_regulated_device>No</is_fda_regulated_device>
  </oversight_info>
  <brief_summary>
    <textblock>
      The main purpose of this research study is to test the safety and effectiveness of an&#xD;
      investigational drug peginterferon lambda-1a in treating COVID-19.&#xD;
    </textblock>
  </brief_summary>
  <detailed_description>
    <textblock>
      Primary Objective: Determine efficacy of pegylated interferon lambda as measured by clinical&#xD;
      improvement. This will be defined as improvement in supplemental oxygen requirement.&#xD;
&#xD;
      Secondary Objectives:&#xD;
&#xD;
        -  Determine safety and tolerability of pegylated interferon lambda&#xD;
&#xD;
        -  Days with fever&#xD;
&#xD;
        -  Time to resolution of fever&#xD;
&#xD;
        -  Rate of progression to requiring critical care&#xD;
&#xD;
        -  Overall survival&#xD;
&#xD;
        -  Time to discharge&#xD;
&#xD;
      Exploratory Objectives: Determining the effect systemically on inflammatory markers in the&#xD;
      blood, as well as viral load.&#xD;
&#xD;
      Diagnosis and Main Inclusion Criteria: Patients must have a confirmed diagnosis of infection&#xD;
      with SARS-CoV-2 and be receiving supplemental oxygen. Many patients may be receiving&#xD;
      hydroxychloroquine with or without other antimicrobials.&#xD;
    </textblock>
  </detailed_description>
  <overall_status>Not yet recruiting</overall_status>
  <start_date type="Anticipated">September 2020</start_date>
  <completion_date type="Anticipated">May 2021</completion_date>
  <primary_completion_date type="Anticipated">May 2021</primary_completion_date>
  <phase>Phase 2</phase>
  <study_type>Interventional</study_type>
  <has_expanded_access>No</has_expanded_access>
  <study_design_info>
    <allocation>Randomized</allocation>
    <intervention_model>Parallel Assignment</intervention_model>
    <intervention_model_description>Cohort A: Peginterferon lambda-1a (Lambda) 180mcg subcutaneous injection once Cohort B: Best supportive care</intervention_model_description>
    <primary_purpose>Treatment</primary_purpose>
    <masking>None (Open Label)</masking>
  </study_design_info>
  <primary_outcome>
    <measure>Number of participants with resolution of hypoxia</measure>
    <time_frame>7 days</time_frame>
    <description>The clinical improvement as defined as resolution of hypoxia requiring supplemental oxygen to maintain SpO2&gt;92% at 7 days.</description>
  </primary_outcome>
  <secondary_outcome>
    <measure>Number of adverse events.</measure>
    <time_frame>until 90 days after receipt of treatment</time_frame>
    <description>Number of Grade 3 or 4 adverse events as determined by the DAIDS criteria over the course of 3 months from initiation of trial to measure safety and tolerability of pegylated interferon lambda. Information on adverse events will be collected during hospitalization and then as an outpatient until 90 days from the time of receipt of treatment.</description>
  </secondary_outcome>
  <secondary_outcome>
    <measure>Days with fever</measure>
    <time_frame>during hospitalization, average of 7 days</time_frame>
    <description>Number of days participant has a fever. Information on fever will be collected during hospitalization. Cessation of fever is defined as the beginning of the first 48 hour period without fever without the use of antipyretic drug.</description>
  </secondary_outcome>
  <secondary_outcome>
    <measure>Time to resolution of fever</measure>
    <time_frame>during hospitalization, average of 7 days</time_frame>
    <description>This is defined as time from initial treatment with investigational agent, to the cessation of fever, defined as the beginning of the first 48 hour period without fever without the use of antipyretic drug.</description>
  </secondary_outcome>
  <secondary_outcome>
    <measure>Rate of progression to requiring critical care</measure>
    <time_frame>during hospitalization, average of 5 days</time_frame>
    <description>Defined as time from initial treatment with investigational agent to deterioration of clinical condition necessitating transfer to a critical care unit and/or intubation.</description>
  </secondary_outcome>
  <secondary_outcome>
    <measure>Overall survival</measure>
    <time_frame>until 90 days after receipt of treatment</time_frame>
    <description>Information on survival will be collected during hospitalization and then, for those patients discharged, will be collected as an outpatient until 90 days from the time of receipt of treatment</description>
  </secondary_outcome>
  <secondary_outcome>
    <measure>Time to discharge</measure>
    <time_frame>average of 7 days</time_frame>
    <description>This is defined as the amount of time (in days or fraction thereof) between the receipt of investigational agent and discharge from The Mount Sinai Hospital to home or nursing home, or censoring at time of death.</description>
  </secondary_outcome>
  <number_of_arms>2</number_of_arms>
  <enrollment type="Anticipated">66</enrollment>
  <condition>SARS-CoV-2</condition>
  <arm_group>
    <arm_group_label>Peginterferon lambda-1a</arm_group_label>
    <arm_group_type>Experimental</arm_group_type>
    <description>Peginterferon lambda-1a (Lambda) 180mcg subcutaneous injection once</description>
  </arm_group>
  <arm_group>
    <arm_group_label>Best supportive care</arm_group_label>
    <arm_group_type>No Intervention</arm_group_type>
    <description>Best supportive care</description>
  </arm_group>
  <intervention>
    <intervention_type>Drug</intervention_type>
    <intervention_name>Peginterferon Lambda-1A</intervention_name>
    <description>Peginterferon lambda-1a (Lambda) 180mcg subcutaneous injection once</description>
    <arm_group_label>Peginterferon lambda-1a</arm_group_label>
    <other_name>Lambda</other_name>
    <other_name>Interferon Lambda</other_name>
  </intervention>
  <eligibility>
    <criteria>
      <textblock>
        Inclusion Criteria:&#xD;
&#xD;
          -  Confirmed diagnosis of SARS-CoV-2&#xD;
&#xD;
          -  Hospitalization due to diagnosis with SARS-CoV-2&#xD;
&#xD;
          -  Sp02 &lt; 93% on ambient air or PaO2/FiO2 &lt; 300 mmHg and requires supplemental oxygen&#xD;
&#xD;
        Exclusion Criteria:&#xD;
&#xD;
          -  Patients must not be pregnant or nursing&#xD;
&#xD;
          -  Patients cannot be admitted to intensive care unit at time of admission or require&#xD;
             positive pressure ventilation&#xD;
&#xD;
          -  Patients cannot be requiring continuous supplemental oxygen normally (pre-SARS-CoV-2)&#xD;
&#xD;
          -  Patient is receiving steroids &gt;1mg/kg&#xD;
&#xD;
          -  Has diagnosis of primary immunodeficiency&#xD;
&#xD;
          -  Has active autoimmune disease that has required systemic treatment in the past year&#xD;
&#xD;
          -  Has a history or current evidence of any condition, therapy, or laboratory abnormality&#xD;
             that might confound the results of the trial&#xD;
&#xD;
          -  Patients with ferritin &gt;2000ng/mL and/or C-reactive protein &gt;100mg/L&#xD;
&#xD;
          -  History of allogeneic hematopoietic cell transplantation or solid organ&#xD;
             transplantation&#xD;
&#xD;
          -  Childs-Pugh class B or C cirrhosis or class A if portal hypertension is present&#xD;
&#xD;
          -  Documented allergic or hypersensitivity response to protein therapeutics&#xD;
&#xD;
          -  No serious disease requiring mechanical ventilation at time of enrollment&#xD;
      </textblock>
    </criteria>
    <gender>All</gender>
    <minimum_age>18 Years</minimum_age>
    <maximum_age>N/A</maximum_age>
    <healthy_volunteers>No</healthy_volunteers>
  </eligibility>
  <overall_official>
    <last_name>Thomas Marron, MD</last_name>
    <role>Principal Investigator</role>
    <affiliation>Icahn School of Medicine at Mount Sinai</affiliation>
  </overall_official>
  <overall_contact>
    <last_name>Lynn Bui</last_name>
    <phone>212-824-7860</phone>
    <email>lynn.bui@mssm.edu</email>
  </overall_contact>
  <location>
    <facility>
      <name>Icahn School of Medicine at Mount Sinai</name>
      <address>
        <city>New York</city>
        <state>New York</state>
        <zip>10029</zip>
        <country>United States</country>
      </address>
    </facility>
    <contact>
      <last_name>Lynn Bui</last_name>
      <phone>212-824-7860</phone>
      <email>lynn.bui@mssm.edu</email>
    </contact>
    <investigator>
      <last_name>Thomas Marron, MD</last_name>
      <role>Principal Investigator</role>
    </investigator>
  </location>
  <location_countries>
    <country>United States</country>
  </location_countries>
  <verification_date>June 2020</verification_date>
  <study_first_submitted>May 12, 2020</study_first_submitted>
  <study_first_submitted_qc>May 12, 2020</study_first_submitted_qc>
  <study_first_posted type="Actual">May 14, 2020</study_first_posted>
  <last_update_submitted>June 11, 2020</last_update_submitted>
  <last_update_submitted_qc>June 11, 2020</last_update_submitted_qc>
  <last_update_posted type="Actual">June 16, 2020</last_update_posted>
  <responsible_party>
    <responsible_party_type>Principal Investigator</responsible_party_type>
    <investigator_affiliation>Icahn School of Medicine at Mount Sinai</investigator_affiliation>
    <investigator_full_name>Thomas Marron</investigator_full_name>
    <investigator_title>Assistant Professor</investigator_title>
  </responsible_party>
  <keyword>Peginterferon lambda-1a</keyword>
  <keyword>Lambda</keyword>
  <keyword>SARS-CoV-2</keyword>
  <intervention_browse>
    <!-- CAUTION:  The following MeSH terms are assigned with an imperfect algorithm            -->
    <mesh_term>Interferons</mesh_term>
  </intervention_browse>
  <patient_data>
    <sharing_ipd>No</sharing_ipd>
  </patient_data>
  <!-- Results have not yet been posted for this study                                          -->
</clinical_study>

