<?xml version="1.0" encoding="UTF-8"?>
<clinical_study rank="1230">
  <!-- This xml conforms to an XML Schema at:
    https://clinicaltrials.gov/ct2/html/images/info/public.xsd -->
  <required_header>
    <download_date>ClinicalTrials.gov processed this data on February 18, 2021</download_date>
    <link_text>Link to the current ClinicalTrials.gov record.</link_text>
    <url>https://clinicaltrials.gov/show/NCT04411628</url>
  </required_header>
  <id_info>
    <org_study_id>17823</org_study_id>
    <secondary_id>J2W-MC-PYAA</secondary_id>
    <nct_id>NCT04411628</nct_id>
  </id_info>
  <brief_title>A Study of LY3819253 (LY-CoV555) in Participants Hospitalized for COVID-19</brief_title>
  <official_title>A Randomized, Placebo-Controlled, Double-Blind, Sponsor Unblinded, Single Ascending Dose, Phase 1 First in Human Study to Evaluate the Safety, Tolerability, Pharmacokinetics and Pharmacodynamics of Intravenous LY3819253 in Participants Hospitalized for COVID-19</official_title>
  <sponsors>
    <lead_sponsor>
      <agency>Eli Lilly and Company</agency>
      <agency_class>Industry</agency_class>
    </lead_sponsor>
    <collaborator>
      <agency>AbCellera Biologics Inc.</agency>
      <agency_class>Other</agency_class>
    </collaborator>
  </sponsors>
  <source>Eli Lilly and Company</source>
  <oversight_info>
    <has_dmc>No</has_dmc>
    <is_fda_regulated_drug>Yes</is_fda_regulated_drug>
    <is_fda_regulated_device>No</is_fda_regulated_device>
    <is_us_export>Yes</is_us_export>
  </oversight_info>
  <brief_summary>
    <textblock>
      The purpose of this study is to test the safety and tolerability of LY3819253 when it is&#xD;
      given by injection into a vein to participants hospitalized with COVID-19. Blood tests will&#xD;
      be done to check how much LY3819253 is in the bloodstream and how long the body takes to&#xD;
      eliminate it. Participation could last about 8 weeks and may include up to 15 visits in the&#xD;
      hospital or the home.&#xD;
    </textblock>
  </brief_summary>
  <overall_status>Completed</overall_status>
  <start_date type="Actual">May 28, 2020</start_date>
  <completion_date type="Actual">August 26, 2020</completion_date>
  <primary_completion_date type="Actual">August 26, 2020</primary_completion_date>
  <phase>Phase 1</phase>
  <study_type>Interventional</study_type>
  <has_expanded_access>No</has_expanded_access>
  <study_design_info>
    <allocation>Randomized</allocation>
    <intervention_model>Parallel Assignment</intervention_model>
    <primary_purpose>Basic Science</primary_purpose>
    <masking>Double (Participant, Investigator)</masking>
  </study_design_info>
  <primary_outcome>
    <measure>Number of Participants with One or More Serious Adverse Event(s) (SAEs) Considered by the Investigator to be Related to Study Drug Administration</measure>
    <time_frame>Baseline through Day 60</time_frame>
    <description>A summary of SAEs and other non-serious adverse events (AEs), regardless of causality, will be reported in the Reported Adverse Events module</description>
  </primary_outcome>
  <secondary_outcome>
    <measure>Pharmacokinetics (PK): Area Under the Concentration-time Curve (AUC) of LY3819253</measure>
    <time_frame>Baseline through Day 29</time_frame>
    <description>PK: AUC of LY3819253</description>
  </secondary_outcome>
  <secondary_outcome>
    <measure>Pharmacodynamics (PD): Change from Baseline to Day 29 in Viral Load</measure>
    <time_frame>Baseline, Day 29</time_frame>
    <description>PD: Change from Baseline in Viral Load</description>
  </secondary_outcome>
  <number_of_arms>2</number_of_arms>
  <enrollment type="Actual">24</enrollment>
  <condition>COVID-19</condition>
  <arm_group>
    <arm_group_label>LY3819253</arm_group_label>
    <arm_group_type>Experimental</arm_group_type>
    <description>LY3819253 administered intravenously (IV).</description>
  </arm_group>
  <arm_group>
    <arm_group_label>Placebo</arm_group_label>
    <arm_group_type>Placebo Comparator</arm_group_type>
    <description>Placebo administered IV.</description>
  </arm_group>
  <intervention>
    <intervention_type>Drug</intervention_type>
    <intervention_name>LY3819253</intervention_name>
    <description>Administered IV.</description>
    <arm_group_label>LY3819253</arm_group_label>
    <other_name>LY-CoV555</other_name>
    <other_name>Bamlanivimab</other_name>
  </intervention>
  <intervention>
    <intervention_type>Drug</intervention_type>
    <intervention_name>Placebo</intervention_name>
    <description>Administered IV.</description>
    <arm_group_label>Placebo</arm_group_label>
  </intervention>
  <eligibility>
    <criteria>
      <textblock>
        Inclusion Criteria:&#xD;
&#xD;
          -  Are hospitalized or in the process of being admitted to hospital and have an initial&#xD;
             laboratory determination of current COVID-19 infection less than or equal to (≤)72&#xD;
             hours prior to randomization&#xD;
&#xD;
          -  Are men or non-pregnant women&#xD;
&#xD;
          -  Women of childbearing potential must agree to use at least one highly effective form&#xD;
             of contraception for the entirety of the study&#xD;
&#xD;
          -  Agree to the collection of nasopharyngeal swabs and venous blood&#xD;
&#xD;
        Exclusion Criteria:&#xD;
&#xD;
          -  Require mechanical ventilation or anticipated impending need for mechanical&#xD;
             ventilation&#xD;
&#xD;
          -  Received convalescent COVID-19 plasma treatment prior to enrollment&#xD;
&#xD;
          -  Were resident in a nursing home or long-term care facility immediately prior to&#xD;
             current hospitalization&#xD;
&#xD;
          -  Suspected or proven serious, active bacterial, fungal, viral, or other infection&#xD;
             (besides COVID-19) that in the opinion of the investigator could constitute a risk&#xD;
             when taking investigational product&#xD;
&#xD;
          -  Have an oxygen saturation (SpO2) less than (&lt;)88 percent (%) while breathing room air&#xD;
             at rest at randomization.&#xD;
      </textblock>
    </criteria>
    <gender>All</gender>
    <minimum_age>18 Years</minimum_age>
    <maximum_age>75 Years</maximum_age>
    <healthy_volunteers>No</healthy_volunteers>
  </eligibility>
  <overall_official>
    <last_name>Call 1-877-CTLILLY (1-877-285-4559) or 1-317-615-4559 Mon - Fri 9 AM - 5 PM Eastern time (UTC/GMT - 5 hours, EST)</last_name>
    <role>Study Director</role>
    <affiliation>Eli Lilly and Company</affiliation>
  </overall_official>
  <location>
    <facility>
      <name>Cedars Sinai Medical Center</name>
      <address>
        <city>Los Angeles</city>
        <state>California</state>
        <zip>90048</zip>
        <country>United States</country>
      </address>
    </facility>
  </location>
  <location>
    <facility>
      <name>Veterans Affairs Medical Center San Diego</name>
      <address>
        <city>San Diego</city>
        <state>California</state>
        <zip>92161</zip>
        <country>United States</country>
      </address>
    </facility>
  </location>
  <location>
    <facility>
      <name>Emory University</name>
      <address>
        <city>Atlanta</city>
        <state>Georgia</state>
        <zip>30322</zip>
        <country>United States</country>
      </address>
    </facility>
  </location>
  <location>
    <facility>
      <name>Massachusetts General Hospital</name>
      <address>
        <city>Boston</city>
        <state>Massachusetts</state>
        <zip>02114</zip>
        <country>United States</country>
      </address>
    </facility>
  </location>
  <location>
    <facility>
      <name>University of Massachusetts Medical Center</name>
      <address>
        <city>Worcester</city>
        <state>Massachusetts</state>
        <zip>01655</zip>
        <country>United States</country>
      </address>
    </facility>
  </location>
  <location>
    <facility>
      <name>University of Michigan</name>
      <address>
        <city>Ann Arbor</city>
        <state>Michigan</state>
        <zip>48109</zip>
        <country>United States</country>
      </address>
    </facility>
  </location>
  <location>
    <facility>
      <name>Quality Clinical Research, Inc.</name>
      <address>
        <city>Omaha</city>
        <state>Nebraska</state>
        <zip>68114</zip>
        <country>United States</country>
      </address>
    </facility>
  </location>
  <location>
    <facility>
      <name>Alexandria Center for Life - NYC/ NYCEDC</name>
      <address>
        <city>New York</city>
        <state>New York</state>
        <zip>10016</zip>
        <country>United States</country>
      </address>
    </facility>
  </location>
  <location>
    <facility>
      <name>University of North Carolina</name>
      <address>
        <city>Chapel Hill</city>
        <state>North Carolina</state>
        <zip>27514</zip>
        <country>United States</country>
      </address>
    </facility>
  </location>
  <location>
    <facility>
      <name>Unified Research Enterprise Brody School of Medicine at ECU</name>
      <address>
        <city>Greenville</city>
        <state>North Carolina</state>
        <zip>27834</zip>
        <country>United States</country>
      </address>
    </facility>
  </location>
  <location>
    <facility>
      <name>Temple Univ School of Med</name>
      <address>
        <city>Philadelphia</city>
        <state>Pennsylvania</state>
        <zip>19140</zip>
        <country>United States</country>
      </address>
    </facility>
  </location>
  <location_countries>
    <country>United States</country>
  </location_countries>
  <link>
    <url>https://trials.lillytrialguide.com/en-US/trial/3B9kHya2iCF9SHumC5PLKk?conditionId=18SDoTG6slClCGmk7GrUEU</url>
    <description>Related Info</description>
  </link>
  <verification_date>October 2020</verification_date>
  <study_first_submitted>May 29, 2020</study_first_submitted>
  <study_first_submitted_qc>May 29, 2020</study_first_submitted_qc>
  <study_first_posted type="Actual">June 2, 2020</study_first_posted>
  <last_update_submitted>October 29, 2020</last_update_submitted>
  <last_update_submitted_qc>October 29, 2020</last_update_submitted_qc>
  <last_update_posted type="Actual">October 30, 2020</last_update_posted>
  <responsible_party>
    <responsible_party_type>Sponsor</responsible_party_type>
  </responsible_party>
  <patient_data>
    <sharing_ipd>No</sharing_ipd>
  </patient_data>
  <!-- Results have not yet been posted for this study                                          -->
</clinical_study>

