<?xml version="1.0" encoding="UTF-8"?>
<clinical_study rank="4794">
  <!-- This xml conforms to an XML Schema at:
    https://clinicaltrials.gov/ct2/html/images/info/public.xsd -->
  <required_header>
    <download_date>ClinicalTrials.gov processed this data on February 18, 2021</download_date>
    <link_text>Link to the current ClinicalTrials.gov record.</link_text>
    <url>https://clinicaltrials.gov/show/NCT04276987</url>
  </required_header>
  <id_info>
    <org_study_id>MEXCOVID</org_study_id>
    <nct_id>NCT04276987</nct_id>
  </id_info>
  <brief_title>A Pilot Clinical Study on Inhalation of Mesenchymal Stem Cells Exosomes Treating Severe Novel Coronavirus Pneumonia</brief_title>
  <official_title>A Pilot Clinical Study on Aerosol Inhalation of the Exosomes Derived From Allogenic Adipose Mesenchymal Stem Cells in the Treatment of Severe Patients With Novel Coronavirus Pneumonia</official_title>
  <sponsors>
    <lead_sponsor>
      <agency>Ruijin Hospital</agency>
      <agency_class>Other</agency_class>
    </lead_sponsor>
    <collaborator>
      <agency>Shanghai Public Health Clinical Center</agency>
      <agency_class>Other</agency_class>
    </collaborator>
    <collaborator>
      <agency>Wuhan Jinyintan Hospital, Wuhan, China</agency>
      <agency_class>Other</agency_class>
    </collaborator>
    <collaborator>
      <agency>Cellular Biomedicine Group Ltd.</agency>
      <agency_class>Industry</agency_class>
    </collaborator>
  </sponsors>
  <source>Ruijin Hospital</source>
  <oversight_info>
    <is_fda_regulated_drug>No</is_fda_regulated_drug>
    <is_fda_regulated_device>No</is_fda_regulated_device>
  </oversight_info>
  <brief_summary>
    <textblock>
      In December 2019, a novel coronavirus infectious disease characterized by acute respiratory&#xD;
      impairment due to severe acute respiratory syndrome coronavirus 2 (SARS-CoV-2) broke out in&#xD;
      Wuhan city of Hubei province in China. So far no specific antiviral therapy can be available&#xD;
      for patients with SARS-CoV-2 infection. Although symptomatic and supportive care, even with&#xD;
      mechanical ventilation or extracorporeal membrane oxygenation (ECMO), are strongly&#xD;
      recommended for severe infected individuals, those with advancing age and co-morbidities such&#xD;
      as diabetes and heart disease remain to be at high risk for adverse outcomes. This pilot&#xD;
      clinical trial will be performed to explore the safety and efficiency of aerosol inhalation&#xD;
      of the exosomes derived from allogenic adipose mesenchymal stem cells (MSCs-Exo) in severe&#xD;
      patients with novel coronavirus pneumonia (NCP).&#xD;
    </textblock>
  </brief_summary>
  <detailed_description>
    <textblock>
      Since December 2019, SARS-CoV-2 infection has become a worldwide urgent public health event,&#xD;
      especially in China. As of February 13, 2020, over 63,000 cases have been confirmed with over&#xD;
      10,200 severe cases in mainland of China. There is currently no vaccine or specific antiviral&#xD;
      treatment existing for SARS-CoV-2 infection. Although symptomatic and supportive care are&#xD;
      recommended for severe infected individuals, those with advancing age and co-morbidities such&#xD;
      as diabetes and heart disease remain to be at high risk for adverse outcomes, with mortality&#xD;
      of ~10%. Therefore, it is urgent to find a safe and effective therapeutic approach to&#xD;
      patients with severe coronavirus disease-19(COVID-19) characterized by an severe acute&#xD;
      respiratory impairment.&#xD;
&#xD;
      Experimental studies have demonstrated that mesenchymal stem cells (MSCs) or their exosomes&#xD;
      (MSCs-Exo) significantly reduced lung inflammation and pathological impairment resulting from&#xD;
      different types of lung injury. In addition, macrophage phagocytosis, bacterial killing and&#xD;
      outcome are improved. It is highly likely that MSCs-Exo have the same therapeutic effect on&#xD;
      inoculation pneumonia as MSCs themselves.&#xD;
&#xD;
      Although human bone marrow MSCs have been safely administered in patients with ARDS and&#xD;
      septic shock (phase I/II trials), it seems safer to deliver MSCs-Exo rather than live MSCs.&#xD;
      The intravenous administration of MSCs may result in aggregating or clumping in the injured&#xD;
      microcirculation and carries the risk of mutagenicity and oncogenicity, which do not exist by&#xD;
      treating with nebulized MSCs-Exo. Another advantage of MSCs-Exo over MSCs is the possibility&#xD;
      of storing them for several weeks/months allowing their safe transportation and delayed&#xD;
      therapeutic use.&#xD;
&#xD;
      The purpose of this single-arm design, open label, combined interventional clinical trial,&#xD;
      therefore, is to explore the safety and efficiency of aerosol inhalation of the exosomes&#xD;
      derived from allogenic adipose mesenchymal stem cells (MSCs-Exo) in the treatment of severe&#xD;
      patients hospitalized with novel coronavirus pneumonia (NCP).&#xD;
    </textblock>
  </detailed_description>
  <overall_status>Completed</overall_status>
  <start_date type="Actual">February 15, 2020</start_date>
  <completion_date type="Actual">July 31, 2020</completion_date>
  <primary_completion_date type="Actual">May 31, 2020</primary_completion_date>
  <phase>Phase 1</phase>
  <study_type>Interventional</study_type>
  <has_expanded_access>No</has_expanded_access>
  <study_design_info>
    <allocation>N/A</allocation>
    <intervention_model>Single Group Assignment</intervention_model>
    <primary_purpose>Treatment</primary_purpose>
    <masking>None (Open Label)</masking>
  </study_design_info>
  <primary_outcome>
    <measure>Adverse reaction (AE) and severe adverse reaction (SAE)</measure>
    <time_frame>Up to 28 days</time_frame>
    <description>Safety evaluation within 28 days after first treatment, including frequency of adverse reaction (AE) and severe adverse reaction (SAE)</description>
  </primary_outcome>
  <primary_outcome>
    <measure>Time to clinical improvement (TTIC)</measure>
    <time_frame>Up to 28 days</time_frame>
    <description>Efficiency evaluation within 28 days, including time to clinical improvement (TTIC)</description>
  </primary_outcome>
  <secondary_outcome>
    <measure>Number of patients weaning from mechanical ventilation</measure>
    <time_frame>Up to 28 days</time_frame>
    <description>Number of patients weaning from mechanical ventilation within 28 days</description>
  </secondary_outcome>
  <secondary_outcome>
    <measure>Duration (days) of ICU monitoring</measure>
    <time_frame>Up to 28 days</time_frame>
    <description>Duration (days) of ICU monitoring within 28 days</description>
  </secondary_outcome>
  <secondary_outcome>
    <measure>Duration (days) of vasoactive agents usage</measure>
    <time_frame>Up to 28 days</time_frame>
    <description>Duration (days) of vasoactive agents using within 28 days</description>
  </secondary_outcome>
  <secondary_outcome>
    <measure>Duration (days) of mechanical ventilation supply</measure>
    <time_frame>Up to 28 days</time_frame>
    <description>Duration (days) of mechanical ventilation supply among survivors</description>
  </secondary_outcome>
  <secondary_outcome>
    <measure>Number of patients with improved organ failure</measure>
    <time_frame>Up to 28 days</time_frame>
    <description>Number of patients with improved organ failure within 28 days, including cardiovascular system, coagulation system, liver, kidney and other extra-pulmonary organs</description>
  </secondary_outcome>
  <secondary_outcome>
    <measure>Rate of mortality</measure>
    <time_frame>Up to 28 days</time_frame>
    <description>Rate of mortality within 28 days</description>
  </secondary_outcome>
  <other_outcome>
    <measure>Sequential organ failure assessment (SOFA) score</measure>
    <time_frame>Every day for 28 days</time_frame>
    <description>Records of daily sequential organ failure assessment (SOFA) score (From 0 to 24 points, higher scores mean a worse outcome)</description>
  </other_outcome>
  <other_outcome>
    <measure>Lymphocyte Count (10E9/L)</measure>
    <time_frame>Day0, Day3, Day7, Day14, Day21, Day28, indicated time points can be added if available</time_frame>
    <description>Records of Blood routine test</description>
  </other_outcome>
  <other_outcome>
    <measure>C-reactive protein (CRP) (mg/L)</measure>
    <time_frame>Day0, Day3, Day7, Day14, Day21, Day28, indicated time points can be added if available</time_frame>
  </other_outcome>
  <other_outcome>
    <measure>Lactate dehydrogenase (U/L)</measure>
    <time_frame>Day0, Day3, Day7, Day14, Day21, Day28, indicated time points can be added if available</time_frame>
  </other_outcome>
  <other_outcome>
    <measure>D-dimer (mg/L)</measure>
    <time_frame>Day0, Day3, Day7, Day14, Day21, Day28, indicated time points can be added if available</time_frame>
    <description>Coagulation function</description>
  </other_outcome>
  <other_outcome>
    <measure>pro-type B natriuretic peptide (pro-BNP) (pg/ml)</measure>
    <time_frame>Day0, Day3, Day7, Day14, Day21, Day28, indicated time points can be added if available</time_frame>
    <description>Records of heart failure</description>
  </other_outcome>
  <other_outcome>
    <measure>IL-1β (pg/ml)</measure>
    <time_frame>Day0, Day3, Day7, Day14, Day21, Day28, indicated time points can be added if available</time_frame>
    <description>Record of serum cytokine</description>
  </other_outcome>
  <other_outcome>
    <measure>IL-2R (ng/L)</measure>
    <time_frame>Day0, Day3, Day7, Day14, Day21, Day28, indicated time points can be added if available</time_frame>
    <description>Record of serum cytokine</description>
  </other_outcome>
  <other_outcome>
    <measure>IL-6 (ng/L)</measure>
    <time_frame>Day0, Day3, Day7, Day14, Day21, Day28, indicated time points can be added if available</time_frame>
    <description>Record of serum cytokine</description>
  </other_outcome>
  <other_outcome>
    <measure>IL-8 (ng/L)</measure>
    <time_frame>Day0, Day3, Day7, Day14, Day21, Day28, indicated time points can be added if available</time_frame>
    <description>Record of serum cytokine</description>
  </other_outcome>
  <other_outcome>
    <measure>Chest imaging</measure>
    <time_frame>Day0, Day3, Day7, Day14, Day21, Day28, indicated time points can be added if available</time_frame>
    <description>Computed tomography or X-ray</description>
  </other_outcome>
  <other_outcome>
    <measure>Time to SARS-CoV-2 RT-PCR negativity</measure>
    <time_frame>Up to 28 days</time_frame>
    <description>Time to SARS-CoV-2 RT-PCR negativity in respiratory tract specimens</description>
  </other_outcome>
  <number_of_arms>1</number_of_arms>
  <enrollment type="Actual">24</enrollment>
  <condition>Coronavirus</condition>
  <arm_group>
    <arm_group_label>MSCs-derived Exosomes Treatment Group</arm_group_label>
    <arm_group_type>Experimental</arm_group_type>
    <description>Conventional treatment and aerosol inhalation of MSCs-derived exosomes treatment participants will receive conventional treatment and 5 times aerosol inhalation of MSCs-derived exosomes (2.0*10E8 nano vesicles/3 ml at Day 1, Day 2, Day 3, Day 4, Day 5).</description>
  </arm_group>
  <intervention>
    <intervention_type>Biological</intervention_type>
    <intervention_name>MSCs-derived exosomes</intervention_name>
    <description>5 times aerosol inhalation of MSCs-derived exosomes (2.0*10E8 nano vesicles/3 ml at Day 1, Day 2, Day 3, Day 4, Day 5).</description>
    <arm_group_label>MSCs-derived Exosomes Treatment Group</arm_group_label>
  </intervention>
  <eligibility>
    <criteria>
      <textblock>
        Inclusion Criteria:&#xD;
&#xD;
        1.Willingness of study participant to accept this treatment arm, and signed informed&#xD;
        consent; 2.Male or female, aged at 18 years (including) to 75 years old; 3.Patients with&#xD;
        confirmed novel coronavirus pneumonia; 4.Confirmation of SARS-CoV-2 infection by&#xD;
        reverse-transcription polymerase chain reaction (RT-PCR) from respiratory tract or blood&#xD;
        specimens; 5.Diagnostic criteria of &quot;Severe&quot; or &quot; Critical&quot;:&#xD;
&#xD;
          1. Severe, comply with any of the following:&#xD;
&#xD;
               1. Respiratory distress, Respiratory rate (RR) ≥ 30 times/min&#xD;
&#xD;
               2. Pulse oxygen saturation (SpO2) at rest ≤ 93%&#xD;
&#xD;
               3. Partial pressure of oxygen/fraction of inspired oxygen (PaO2/FiO2) ≤ 300mmHg&#xD;
&#xD;
          2. Critical, comply with any of the following:&#xD;
&#xD;
               1. Respiratory failure, and requirement for mechanical ventilation&#xD;
&#xD;
               2. Shock&#xD;
&#xD;
               3. Other organ failure and requirement for ICU monitoring&#xD;
&#xD;
        Exclusion Criteria:&#xD;
&#xD;
          1. Allergic or hypersensitive to any of the ingredients;&#xD;
&#xD;
          2. Pneumonia caused by bacteria, mycoplasma, chlamydia, legionella, fungi or other&#xD;
             viruses;&#xD;
&#xD;
          3. Obstructive HABP/VABP induced by lung cancer or other known causes;&#xD;
&#xD;
          4. Carcinoid syndrome;&#xD;
&#xD;
          5. History of long-term use of immunosuppressive agents;&#xD;
&#xD;
          6. History of epilepsy and requirement for continuous anticonvulsant treatment or&#xD;
             anticonvulsant treatment received within the last 3 years;&#xD;
&#xD;
          7. History of severe chronic respiratory disease and requirement for long-term oxygen&#xD;
             therapy;&#xD;
&#xD;
          8. Undergoing hemodialysis or peritoneal dialysis;&#xD;
&#xD;
          9. Estimated or actual rate of creatinine clearance &lt; 15 ml/min;&#xD;
&#xD;
         10. History of moderate and severe liver disease (Child-Pugh score &gt;12);&#xD;
&#xD;
         11. Expectation of receiving any of following medications during the study:&#xD;
&#xD;
               1. Receiving continuous valproic acid or sodium valproate within the first 2 weeks&#xD;
                  prior to screening&#xD;
&#xD;
               2. Receiving 5-transtryptamine reuptake inhibitors, tricyclic antidepressants, 5-HT1&#xD;
                  receptor agonists or monoamine oxidase inhibitors within the first 2 weeks prior&#xD;
                  to screening&#xD;
&#xD;
         12. Incapable of understanding study protocol;&#xD;
&#xD;
         13. History of deep venous thrombosis or pulmonary embolism within the last 3 years;&#xD;
&#xD;
         14. Undergoing ECMO or high-frequency oscillatory ventilation support;&#xD;
&#xD;
         15. HIV, hepatitis virus, or syphilis infection;&#xD;
&#xD;
         16. Period of pregnancy or lactation, or planned pregnancy within 6 months;&#xD;
&#xD;
         17. Any condition of unsuitable for the study determined by investigators.&#xD;
      </textblock>
    </criteria>
    <gender>All</gender>
    <minimum_age>18 Years</minimum_age>
    <maximum_age>75 Years</maximum_age>
    <healthy_volunteers>No</healthy_volunteers>
  </eligibility>
  <overall_official>
    <last_name>Jie-ming Qu, MD.,PhD.</last_name>
    <role>Principal Investigator</role>
    <affiliation>Ruijin Hospital, Medical School of Shanghai Jiaotong University Shanghai, China</affiliation>
  </overall_official>
  <location>
    <facility>
      <name>Ruijin Hospital Shanghai Jiao Tong University School of Medicine</name>
      <address>
        <city>Shanghai</city>
        <state>Shanghai</state>
        <zip>200025</zip>
        <country>China</country>
      </address>
    </facility>
  </location>
  <location_countries>
    <country>China</country>
  </location_countries>
  <verification_date>September 2020</verification_date>
  <study_first_submitted>February 16, 2020</study_first_submitted>
  <study_first_submitted_qc>February 18, 2020</study_first_submitted_qc>
  <study_first_posted type="Actual">February 19, 2020</study_first_posted>
  <last_update_submitted>September 3, 2020</last_update_submitted>
  <last_update_submitted_qc>September 3, 2020</last_update_submitted_qc>
  <last_update_posted type="Actual">September 7, 2020</last_update_posted>
  <responsible_party>
    <responsible_party_type>Sponsor</responsible_party_type>
  </responsible_party>
  <keyword>mesenchymal stem cells</keyword>
  <keyword>exosome</keyword>
  <keyword>nebulization</keyword>
  <keyword>SARS-CoV-2</keyword>
  <keyword>novel coronavirus pneumonia</keyword>
  <condition_browse>
    <!-- CAUTION:  The following MeSH terms are assigned with an imperfect algorithm            -->
    <mesh_term>Coronavirus Infections</mesh_term>
    <mesh_term>Pneumonia</mesh_term>
  </condition_browse>
  <patient_data>
    <sharing_ipd>Yes</sharing_ipd>
    <ipd_description>all IPD that underlie results in a publication</ipd_description>
    <ipd_info_type>Study Protocol</ipd_info_type>
    <ipd_info_type>Statistical Analysis Plan (SAP)</ipd_info_type>
    <ipd_info_type>Informed Consent Form (ICF)</ipd_info_type>
    <ipd_info_type>Clinical Study Report (CSR)</ipd_info_type>
    <ipd_info_type>Analytic Code</ipd_info_type>
    <ipd_time_frame>Starting 6 months after publication</ipd_time_frame>
  </patient_data>
  <pending_results>
    <submitted>December 16, 2020</submitted>
    <returned>December 29, 2020</returned>
  </pending_results>
  <!-- Results have not yet been posted for this study                                          -->
</clinical_study>

