<?xml version="1.0" encoding="UTF-8"?>
<clinical_study rank="1764">
  <!-- This xml conforms to an XML Schema at:
    https://clinicaltrials.gov/ct2/html/images/info/public.xsd -->
  <required_header>
    <download_date>ClinicalTrials.gov processed this data on February 18, 2021</download_date>
    <link_text>Link to the current ClinicalTrials.gov record.</link_text>
    <url>https://clinicaltrials.gov/show/NCT04331600</url>
  </required_header>
  <id_info>
    <org_study_id>WROCLAW CORONA STUDY 2020</org_study_id>
    <nct_id>NCT04331600</nct_id>
  </id_info>
  <brief_title>Chloroquine as Antiviral Treatment in Coronavirus Infection 2020</brief_title>
  <official_title>Multicenter, Randomized, Open-label, Non-commercial, Investigator-initiated Study to Evaluate the Efficacy and Safety of Chloroquine Phosphate in Combination With Telemedicine Care in the Risk Reduction of COVID-19 Related Hospitalization or Death, in Ambulatory Patients With COVID-19 Being at Risk of Serious Complications</official_title>
  <sponsors>
    <lead_sponsor>
      <agency>Wroclaw Medical University</agency>
      <agency_class>Other</agency_class>
    </lead_sponsor>
  </sponsors>
  <source>Wroclaw Medical University</source>
  <oversight_info>
    <has_dmc>Yes</has_dmc>
    <is_fda_regulated_drug>No</is_fda_regulated_drug>
    <is_fda_regulated_device>No</is_fda_regulated_device>
    <is_us_export>No</is_us_export>
  </oversight_info>
  <brief_summary>
    <textblock>
      The aim of the study is to evaluate whether the therapy with chloroquine phosphate (CQ, in&#xD;
      combination with telemedical approach) in addition to standard care is effective and safe in&#xD;
      reducing composite endpoint of COVID-19-related hospitalization or all cause death, in&#xD;
      ambulatory patients with SARS-SoV-2 infection at particular risk of serious complications due&#xD;
      to advanced age and/or comorbid conditions (in comparison with subjects not treated with CQ&#xD;
      but receiving standard care and supervised telemedically).&#xD;
    </textblock>
  </brief_summary>
  <detailed_description>
    <textblock>
      Until now there are no evidence-based, good-quality data from sufficiently powered clinical&#xD;
      trials supporting the use of any antiviral medicines or immunomodulatory therapies in the&#xD;
      management or prophylaxis of COVID-19; however there are currently being initiated studies in&#xD;
      Europe and U.S., and a few registered studies are ongoing in China. Currently two groups of&#xD;
      medicines are hypothesized to be effective therapeutic options in COVID-19: (1) classical&#xD;
      antiviral drugs interfering with pathogen dissemination / replication, and (2) compounds&#xD;
      inhibiting host inflammatory reactions, especially (and potentially selectively) in&#xD;
      respiratory tract / system (cytokine inhibitors and specific antibodies). Special hopes are&#xD;
      placed in quinoline derivatives such as chloroquine (CQ), based on some unpublished data from&#xD;
      China and a few experiments in vitro. CQ is an old antimalarial drug that has been used for&#xD;
      more than 50 years in the therapy and prevention of this parasitosis. Anti-inflammatory&#xD;
      features of quinolone derivatives such as CQ or hydroxychloroquine have also been used in&#xD;
      rheumatology (for the therapy of lupus erythematosus or rheumatoid arthritis) due to the&#xD;
      inhibition of the production of proinflammatory cytokines. The effectiveness (and safety) of&#xD;
      CQ in COVID-19 has not been investigated in sufficiently powered RCTs until now.&#xD;
    </textblock>
  </detailed_description>
  <overall_status>Completed</overall_status>
  <start_date type="Actual">April 16, 2020</start_date>
  <completion_date type="Actual">December 17, 2020</completion_date>
  <primary_completion_date type="Actual">December 17, 2020</primary_completion_date>
  <phase>Phase 4</phase>
  <study_type>Interventional</study_type>
  <has_expanded_access>No</has_expanded_access>
  <study_design_info>
    <allocation>Randomized</allocation>
    <intervention_model>Parallel Assignment</intervention_model>
    <primary_purpose>Treatment</primary_purpose>
    <masking>None (Open Label)</masking>
  </study_design_info>
  <primary_outcome>
    <measure>COVID-19-related hospitalization or all-cause death</measure>
    <time_frame>15 days</time_frame>
    <description>Composite endpoint of COVID-19-related hospitalization or all-cause death</description>
  </primary_outcome>
  <secondary_outcome>
    <measure>Decrease in COVID-19 symptoms</measure>
    <time_frame>15 days and 42 days</time_frame>
    <description>Decrease in self-reported symptoms of novel coronavirus infection. Non-dichotomous symptoms (e.g. syncope is dichotomous - yes or no) such as dyspnoea will be self-evaluated by patients using the 0-3 scale with the severity increasing with the punctation (0-no symptoms, 1-mild symptoms, 2-moderate symptoms, 3-severe symptoms).</description>
  </secondary_outcome>
  <secondary_outcome>
    <measure>Development of pneumonia</measure>
    <time_frame>42 days</time_frame>
    <description>Based on X-ray, microbiology and laboratory results</description>
  </secondary_outcome>
  <secondary_outcome>
    <measure>Development of coronavirus infection-related complications</measure>
    <time_frame>42 days</time_frame>
    <description>Acute respiratory distress syndrome, bacterial infection, shock, sepsis, etc</description>
  </secondary_outcome>
  <number_of_arms>2</number_of_arms>
  <enrollment type="Actual">16</enrollment>
  <condition>COVID-19</condition>
  <arm_group>
    <arm_group_label>CHLOROQUINE</arm_group_label>
    <arm_group_type>Experimental</arm_group_type>
    <description>Standard of care + chloroquine phosphate + telemedical approach.</description>
  </arm_group>
  <arm_group>
    <arm_group_label>CONTROL GROUP</arm_group_label>
    <arm_group_type>Other</arm_group_type>
    <description>Standard of care + telemedical approach.</description>
  </arm_group>
  <intervention>
    <intervention_type>Drug</intervention_type>
    <intervention_name>Chloroquine phosphate</intervention_name>
    <description>Oral chloroquine phosphate for 14 days</description>
    <arm_group_label>CHLOROQUINE</arm_group_label>
  </intervention>
  <intervention>
    <intervention_type>Other</intervention_type>
    <intervention_name>Telemedicine</intervention_name>
    <description>Telemedical supervision for 42 days</description>
    <arm_group_label>CHLOROQUINE</arm_group_label>
    <arm_group_label>CONTROL GROUP</arm_group_label>
  </intervention>
  <eligibility>
    <criteria>
      <textblock>
        INCLUSION CRITERIA&#xD;
&#xD;
          1. age &gt;=60 years OR age 18-59 years with one of the following conditions:&#xD;
&#xD;
               1. chronic lung disease&#xD;
&#xD;
               2. chronic cardiovascular disease&#xD;
&#xD;
               3. diabetes&#xD;
&#xD;
               4. malignancy diagnosed within 5 years prior to enrollment&#xD;
&#xD;
               5. history of chronic kidney disease&#xD;
&#xD;
               6. atrial fibrillation&#xD;
&#xD;
               7. past haemorrhagic stroke, ischemic stroke or transient CNS ischemia&#xD;
&#xD;
               8. obesity defined as BMI ≥ 30 kg / m2&#xD;
&#xD;
               9. 10-year risk of fatal cardiovascular disease&#xD;
&#xD;
          2. SARS-CoV-2 infection confirmed in RT-PCR (nasopharyngeal swab)&#xD;
&#xD;
          3. Hospitalization not required based on clinical judgement&#xD;
&#xD;
          4. Ability to participate in telemedical care&#xD;
&#xD;
        EXCLUSION CRITERIA&#xD;
&#xD;
          1. Lack of written informed consent&#xD;
&#xD;
          2. Possible failure to comply with the protocol&#xD;
&#xD;
          3. Chloroquine, hydroxychloroquine therapy within 30 days prior to enrollment&#xD;
&#xD;
          4. Antiviral therapy within 14 days prior to enrollment&#xD;
&#xD;
          5. Contraindications to chloroquine (pregnancy, breast-feeding, severe renal&#xD;
             insufficiency, amiodarone therapy, alcohol disease, haematological disorders,&#xD;
             epilepsia, porphyria, liver disease/cirrhosis, retinopathy, fainting/syncope,&#xD;
             myasthenia)&#xD;
&#xD;
          6. Hypersensitivity to chloroquine or drug excipients&#xD;
&#xD;
          7. HIV infection&#xD;
&#xD;
          8. Other relevant circumstances/conditions based on clinical judgement&#xD;
&#xD;
          9. Concurrent participation in another interventional clinical trial&#xD;
      </textblock>
    </criteria>
    <gender>All</gender>
    <minimum_age>18 Years</minimum_age>
    <maximum_age>N/A</maximum_age>
    <healthy_volunteers>No</healthy_volunteers>
  </eligibility>
  <location>
    <facility>
      <name>Uniwersytecki Szpital Kliniczny</name>
      <address>
        <city>Wrocław</city>
        <state>Ul. Borowska 213</state>
        <zip>50-556</zip>
        <country>Poland</country>
      </address>
    </facility>
  </location>
  <location>
    <facility>
      <name>Wielospecjalistyczny Szpital Miejski</name>
      <address>
        <city>Poznań</city>
        <state>Ul. Szwajcarska 3</state>
        <zip>61-285</zip>
        <country>Poland</country>
      </address>
    </facility>
  </location>
  <location_countries>
    <country>Poland</country>
  </location_countries>
  <verification_date>May 2020</verification_date>
  <study_first_submitted>March 30, 2020</study_first_submitted>
  <study_first_submitted_qc>April 1, 2020</study_first_submitted_qc>
  <study_first_posted type="Actual">April 2, 2020</study_first_posted>
  <last_update_submitted>February 10, 2021</last_update_submitted>
  <last_update_submitted_qc>February 10, 2021</last_update_submitted_qc>
  <last_update_posted type="Actual">February 11, 2021</last_update_posted>
  <responsible_party>
    <responsible_party_type>Sponsor</responsible_party_type>
  </responsible_party>
  <keyword>COVID-19</keyword>
  <intervention_browse>
    <!-- CAUTION:  The following MeSH terms are assigned with an imperfect algorithm            -->
    <mesh_term>Chloroquine</mesh_term>
    <mesh_term>Chloroquine diphosphate</mesh_term>
  </intervention_browse>
  <patient_data>
    <sharing_ipd>No</sharing_ipd>
  </patient_data>
  <!-- Results have not yet been posted for this study                                          -->
</clinical_study>

