<?xml version="1.0" encoding="UTF-8"?>
<clinical_study rank="4688">
  <!-- This xml conforms to an XML Schema at:
    https://clinicaltrials.gov/ct2/html/images/info/public.xsd -->
  <required_header>
    <download_date>ClinicalTrials.gov processed this data on February 18, 2021</download_date>
    <link_text>Link to the current ClinicalTrials.gov record.</link_text>
    <url>https://clinicaltrials.gov/show/NCT04319211</url>
  </required_header>
  <id_info>
    <org_study_id>EAvcil</org_study_id>
    <secondary_id>İpek Yeldan</secondary_id>
    <nct_id>NCT04319211</nct_id>
  </id_info>
  <brief_title>Effects of Social Isolation From Coronavirus; on Physical Activity, Quality of Life and Stress</brief_title>
  <acronym>COVID-19</acronym>
  <official_title>Investigation of Physical Activity, Quality of Life and Stress Levels of Individuals Who Live in Their Homes Isolated Because of Coronavirus (COVID-19) Disease</official_title>
  <sponsors>
    <lead_sponsor>
      <agency>Istanbul University-Cerrahpasa</agency>
      <agency_class>Other</agency_class>
    </lead_sponsor>
  </sponsors>
  <source>Istanbul University-Cerrahpasa</source>
  <oversight_info>
    <has_dmc>No</has_dmc>
    <is_fda_regulated_drug>No</is_fda_regulated_drug>
    <is_fda_regulated_device>No</is_fda_regulated_device>
  </oversight_info>
  <brief_summary>
    <textblock>
      The aim of our study is to investigate the physical activity, quality of life and stress&#xD;
      levels of individuals living in their homes isolated due to coronavirus (COVID-19) disease.&#xD;
      The last three sections of the International Physical Activity Questionnaire (IPAQ) will be&#xD;
      used to evaluate the current physical activity level of the participants. Parameters such as&#xD;
      housework, home care and family care, rest, sports and leisure physical activities, sitting&#xD;
      time will be evaluated. Short Form 12 (Short Form12- SF12) quality of life scale will be used&#xD;
      to evaluate health-related quality of life. Beck Depression Scale will be applied to&#xD;
      investigate the stress levels of the individuals participating in our study.&#xD;
    </textblock>
  </brief_summary>
  <detailed_description>
    <textblock>
      Coronaviruses (CoV) make up a large family of viruses found in nature. The first CoV of this&#xD;
      decade called 2019-nCoV originated in Wuhan, China. On January 30, 2020, the &quot;International&#xD;
      Public Health Emergency&quot; was declared by the World Health Organization (WHO). As of February&#xD;
      11, 2020, the data of the World Health Organization (WHO) reported more than 43,000 confirmed&#xD;
      cases in 28 countries. As of March 19, 2020, 2019-nCoV reported more than 150 countries,&#xD;
      209,839 cases and 8,778 cases resulted in death. Since efforts to design and develop an&#xD;
      antiviral agent will take time to combat the currently occurring coronavirus pathogen, great&#xD;
      emphasis is placed on implementing control measures to minimize the risk of 2019-nCoV&#xD;
      transmission and spread. Countries have implemented serious interventions to prevent the&#xD;
      spread of the disease. Some of those; holiday of schools, cancellation of all crowded&#xD;
      meetings, the cancellation of social events and organizations, encouraging citizens to work&#xD;
      and stay at home and provide social isolation. Turkey is also taken similar measures to&#xD;
      control the outbreak. In this process, people isolate themselves in their homes and live a&#xD;
      quiet life away from the social environment. Being away from the social environment and&#xD;
      loneliness are among the factors that contribute negatively to the mental health of&#xD;
      individuals. It is also an issue associated with quality of life and depressive symptoms. It&#xD;
      is uncertain how and how much an individual's isolated life at home affects the level of&#xD;
      physical activity. The aim of our study is to investigate the physical activity, quality of&#xD;
      life and stress levels of individuals living in their homes isolated due to coronavirus&#xD;
      (COVID-19) disease.&#xD;
    </textblock>
  </detailed_description>
  <overall_status>Not yet recruiting</overall_status>
  <start_date type="Anticipated">March 25, 2020</start_date>
  <completion_date type="Anticipated">July 20, 2020</completion_date>
  <primary_completion_date type="Anticipated">May 15, 2020</primary_completion_date>
  <study_type>Observational</study_type>
  <has_expanded_access>No</has_expanded_access>
  <study_design_info>
    <observational_model>Case-Only</observational_model>
    <time_perspective>Cross-Sectional</time_perspective>
  </study_design_info>
  <primary_outcome>
    <measure>International Physical Activity Questionnaire (IPAQ)</measure>
    <time_frame>4 weeks</time_frame>
    <description>The International Physical Activity Questionnaire (IPAQ) will be used to evaluate the current physical activity level of the participants. The survey validity and reliability studies have been conducted in Turkey by Ozturk. The survey consists of 27 questions and 5 parts.</description>
  </primary_outcome>
  <primary_outcome>
    <measure>Health-Related Quality of Life SF-12 Scale</measure>
    <time_frame>4 weeks</time_frame>
    <description>Short Form 12 (Short Form12- SF12) quality of life scale will be used to evaluate health-related quality of life. SF-12 is an easy-to-apply 12-question scale that has been validated and reliable and obtained by shortening and simplifying SF-36, which evaluates the last 4 weeks.</description>
  </primary_outcome>
  <primary_outcome>
    <measure>Beck Depression Scale</measure>
    <time_frame>4 weeks</time_frame>
    <description>The individuals participating in our study will be evaluated with the Beck Depression Scale developed in 1961 by Beck et al. The scale validity and reliability studies have been conducted in Turkey by Hisli. The scale is a likert-type scale consisting of 21 items, each scored between 0-3.</description>
  </primary_outcome>
  <number_of_groups>1</number_of_groups>
  <enrollment type="Anticipated">200</enrollment>
  <condition>Healthy People</condition>
  <arm_group>
    <arm_group_label>People who isolate at home with the danger of coronavirus</arm_group_label>
    <description>Demographic data of the individuals participating in the study will be recorded. International Physical Activity Questionnaire (IPAQ) will be used to evaluate the current physical activity level of the participants. Parameters such as housework, home care and family care, rest, sports and leisure physical activities, sitting time will be evaluated. Short Form 12 (Short Form12- SF12) quality of life scale will be used to evaluate health-related quality of life. Beck Depression Scale will be applied to investigate the stress levels of the individuals participating in our study.</description>
  </arm_group>
  <intervention>
    <intervention_type>Other</intervention_type>
    <intervention_name>Determination of physical activity, quality of life, stress levels of isolated people at home with the danger of coronavirus.</intervention_name>
    <description>The study will include those who isolate themselves at home for fear of contracting Coronavirus disease or suspected of having it. The last three sections of the International Physical Activity Questionnaire (IPAQ) will be used to evaluate the current physical activity level of the participants. Parameters such as housework, home care and family care, rest, sports and leisure physical activities, sitting time will be evaluated. Short Form 12 (Short Form12- SF12) quality of life scale will be used to evaluate health-related quality of life. Beck Depression Scale will be applied to investigate the stress levels of the individuals participating in our study.</description>
    <arm_group_label>People who isolate at home with the danger of coronavirus</arm_group_label>
  </intervention>
  <eligibility>
    <study_pop>
      <textblock>
        People in the 18-55 age group who live in their homes at risk of Coronavirus.&#xD;
      </textblock>
    </study_pop>
    <sampling_method>Probability Sample</sampling_method>
    <criteria>
      <textblock>
        Inclusion Criteria:&#xD;
&#xD;
          -  Being between the ages of 18-55&#xD;
&#xD;
          -  To continue their active education or business life before the social isolation&#xD;
             period.&#xD;
&#xD;
          -  Spending time at home differently from routine life recently&#xD;
&#xD;
          -  Having a smart phone&#xD;
&#xD;
          -  Not having visual impairment&#xD;
&#xD;
          -  Being literate in Turkish&#xD;
&#xD;
        Exclusion Criteria:&#xD;
&#xD;
          -  Mental disability or diagnosed severe psychological discomfort&#xD;
&#xD;
          -  Being diagnosed with serious systemic disease (cardiovascular, metabolic, pulmonary…)&#xD;
&#xD;
          -  Changing the living conditions in the last 3 months (moving, changing jobs ...)&#xD;
      </textblock>
    </criteria>
    <gender>All</gender>
    <minimum_age>18 Years</minimum_age>
    <maximum_age>55 Years</maximum_age>
  </eligibility>
  <overall_official>
    <last_name>İpek Yeldan, Prof.</last_name>
    <role>Principal Investigator</role>
    <affiliation>Istanbul University-Cerrahpasa</affiliation>
  </overall_official>
  <overall_contact>
    <last_name>Eren Avcıl, M.Sc,Pt</last_name>
    <phone>+9005320683378</phone>
    <email>erenavcil@gmail.com</email>
  </overall_contact>
  <overall_contact_backup>
    <last_name>İpek Yeldan, Prof.</last_name>
    <phone>+9005426513818</phone>
    <email>ipekyeldan@gmail.com</email>
  </overall_contact_backup>
  <location>
    <facility>
      <name>Istanbul University Cerrahpasa</name>
      <address>
        <city>Istanbul</city>
        <country>Turkey</country>
      </address>
    </facility>
    <contact>
      <last_name>Eren Avcıl, M.Sc,Pt</last_name>
      <phone>+9005320683378</phone>
      <email>erenavcil@gmail.com</email>
    </contact>
    <contact_backup>
      <last_name>İpek Yeldan, Prof.</last_name>
      <phone>+9005426513818</phone>
      <email>ipekyeldan@gmail.com</email>
    </contact_backup>
    <investigator>
      <last_name>İpek Yeldan, Prof.</last_name>
      <role>Principal Investigator</role>
    </investigator>
  </location>
  <location_countries>
    <country>Turkey</country>
  </location_countries>
  <verification_date>March 2020</verification_date>
  <study_first_submitted>March 20, 2020</study_first_submitted>
  <study_first_submitted_qc>March 23, 2020</study_first_submitted_qc>
  <study_first_posted type="Actual">March 24, 2020</study_first_posted>
  <last_update_submitted>March 23, 2020</last_update_submitted>
  <last_update_submitted_qc>March 23, 2020</last_update_submitted_qc>
  <last_update_posted type="Actual">March 24, 2020</last_update_posted>
  <responsible_party>
    <responsible_party_type>Principal Investigator</responsible_party_type>
    <investigator_affiliation>Istanbul University-Cerrahpasa</investigator_affiliation>
    <investigator_full_name>Eren Avcıl</investigator_full_name>
    <investigator_title>M.Sc,Pt</investigator_title>
  </responsible_party>
  <keyword>Coronavirus</keyword>
  <keyword>Physicial activity</keyword>
  <keyword>Quality of Life</keyword>
  <keyword>Stress</keyword>
  <condition_browse>
    <!-- CAUTION:  The following MeSH terms are assigned with an imperfect algorithm            -->
    <mesh_term>Coronavirus Infections</mesh_term>
  </condition_browse>
  <!-- Results have not yet been posted for this study                                          -->
</clinical_study>

