<?xml version="1.0" encoding="UTF-8"?>
<clinical_study rank="1731">
  <!-- This xml conforms to an XML Schema at:
    https://clinicaltrials.gov/ct2/html/images/info/public.xsd -->
  <required_header>
    <download_date>ClinicalTrials.gov processed this data on February 18, 2021</download_date>
    <link_text>Link to the current ClinicalTrials.gov record.</link_text>
    <url>https://clinicaltrials.gov/show/NCT04344288</url>
  </required_header>
  <id_info>
    <org_study_id>69HCL20_0321</org_study_id>
    <secondary_id>2020-001553-48</secondary_id>
    <nct_id>NCT04344288</nct_id>
  </id_info>
  <brief_title>Corticosteroids During Covid-19 Viral Pneumonia Related to SARS-Cov-2 Infection</brief_title>
  <acronym>CORTI-Covid</acronym>
  <official_title>Corticosteroids During Covid-19 Viral Pneumonia Related to SARS-Cov-2 Infection</official_title>
  <sponsors>
    <lead_sponsor>
      <agency>Hospices Civils de Lyon</agency>
      <agency_class>Other</agency_class>
    </lead_sponsor>
  </sponsors>
  <source>Hospices Civils de Lyon</source>
  <oversight_info>
    <has_dmc>Yes</has_dmc>
    <is_fda_regulated_drug>No</is_fda_regulated_drug>
    <is_fda_regulated_device>No</is_fda_regulated_device>
  </oversight_info>
  <brief_summary>
    <textblock>
      Infection with the SARS-Cov-2 virus, responsible of severe acute respiratory distress&#xD;
      syndrome (SARS), is an emerging infectious disease called Covid-19 and declared as pandemic&#xD;
      by the World Health Organization on March 11, 2020. This pandemic is responsible of&#xD;
      significant mortality. In France, several thousand patients are hospitalized in intensive&#xD;
      care units, and their number continues to increase. Mortality during Covid-19 is mainly&#xD;
      linked to acute respiratory distress syndrome, which frequency is estimated in France to&#xD;
      occur in 6% of infected patients. Comorbidities such as cardiovascular conditions, obesity&#xD;
      and diabetes increase susceptibility to severe forms of Covid-19 and associated mortality.&#xD;
      Therapeutic management has three components: symptomatic management, including supplementary&#xD;
      oxygen therapy and in case of respiratory distress mechanical ventilation; the antiviral&#xD;
      approach; and immunomodulation, aiming at reducing inflammation associated with viral&#xD;
      infection, which is considered to take part in severe presentations of the disease.&#xD;
&#xD;
      During Covid-19 viral pneumonia related to SARS-COv-2, there is a significant release of&#xD;
      pro-inflammatory cytokines in the acute phase of viral infection, which could participate in&#xD;
      viral pneumonia lesions. In children with less mature immune system than adults, SARS-Cov-2&#xD;
      infection is less severe. The current prevailing assumption is that severe forms of Covid-19&#xD;
      may not only be related to high viral replication, but also to an excessive inflammatory&#xD;
      response favoring acute lung injury and stimulating infection.&#xD;
&#xD;
      The investigators hypothesize that early control of the excessive inflammatory response may&#xD;
      help reducing the risk of acute respiratory distress syndrome.&#xD;
&#xD;
      The investigators will evaluate the benefit, safety and tolerability of corticosteroid&#xD;
      therapy to reduce the rate of subjects hospitalized for Covid-19 viral pneumonia who&#xD;
      experience clinical worsening with a need of high-flow supplemental oxygen supplementation or&#xD;
      transfer in intensive care units for respiratory support.&#xD;
    </textblock>
  </brief_summary>
  <overall_status>Terminated</overall_status>
  <why_stopped>
    Competent Authority's decision&#xD;
  </why_stopped>
  <start_date type="Actual">April 21, 2020</start_date>
  <completion_date type="Actual">August 18, 2020</completion_date>
  <primary_completion_date type="Actual">August 18, 2020</primary_completion_date>
  <phase>Phase 2</phase>
  <study_type>Interventional</study_type>
  <has_expanded_access>No</has_expanded_access>
  <study_design_info>
    <allocation>Randomized</allocation>
    <intervention_model>Parallel Assignment</intervention_model>
    <primary_purpose>Treatment</primary_purpose>
    <masking>None (Open Label)</masking>
  </study_design_info>
  <primary_outcome>
    <measure>Number of patients with a theoretical respiratory indication for transfer to intensive care unit evaluated by a SpO2 &lt;90% stabilized at rest and under not more than 5 L / min of supplemental oxygen using medium concentration mask.</measure>
    <time_frame>7 days</time_frame>
    <description>SpO2 &lt;90% stabilized at rest and under not more than 5 L / min of supplemental oxygen using medium concentration mask. measured twice at 5-15 min intervalsThe average value of the two measurements will be calculated.</description>
  </primary_outcome>
  <secondary_outcome>
    <measure>disease severity assessed on a 7-level ordinal scale</measure>
    <time_frame>7 days</time_frame>
    <description>level1: not hospitalized no limited activities, level 7: death</description>
  </secondary_outcome>
  <secondary_outcome>
    <measure>number of patients with a supplemental oxygen use</measure>
    <time_frame>7 days</time_frame>
  </secondary_outcome>
  <secondary_outcome>
    <measure>radiological signs on chest imaging</measure>
    <time_frame>7 days</time_frame>
    <description>Reduction of radiological signs on chest imaging</description>
  </secondary_outcome>
  <secondary_outcome>
    <measure>number of patients transferred to intensive care unit</measure>
    <time_frame>21 days</time_frame>
  </secondary_outcome>
  <secondary_outcome>
    <measure>number of patients requiring invasive ventilation</measure>
    <time_frame>21 days</time_frame>
  </secondary_outcome>
  <secondary_outcome>
    <measure>Duration of oxygen therapy</measure>
    <time_frame>21 days</time_frame>
    <description>duration on days</description>
  </secondary_outcome>
  <secondary_outcome>
    <measure>number of adverse events induced by corticosteroid treatment</measure>
    <time_frame>21 days</time_frame>
  </secondary_outcome>
  <secondary_outcome>
    <measure>number of patients with infections other than SARS-CoV-2</measure>
    <time_frame>21 days</time_frame>
  </secondary_outcome>
  <secondary_outcome>
    <measure>number of deaths</measure>
    <time_frame>21 days</time_frame>
  </secondary_outcome>
  <number_of_arms>2</number_of_arms>
  <enrollment type="Actual">11</enrollment>
  <condition>Viral Pneumonia Human Coronavirus</condition>
  <condition>COVID-19</condition>
  <arm_group>
    <arm_group_label>Prednisone group</arm_group_label>
    <arm_group_type>Experimental</arm_group_type>
    <description>Prednisone during 10 days after randomization</description>
  </arm_group>
  <arm_group>
    <arm_group_label>Control group</arm_group_label>
    <arm_group_type>Other</arm_group_type>
  </arm_group>
  <intervention>
    <intervention_type>Drug</intervention_type>
    <intervention_name>Prednisone</intervention_name>
    <description>The experimental group will receive oral prednisone during 10 days (0.75 mg/kg/day during 5 days then 20 mg/day during 5 more days)</description>
    <arm_group_label>Prednisone group</arm_group_label>
  </intervention>
  <intervention>
    <intervention_type>Other</intervention_type>
    <intervention_name>Control group</intervention_name>
    <description>The control group will receive standard of care according to the international recommendations and practices of the investigational site. No corticosteroid therapy can be prescribed in this group.</description>
    <arm_group_label>Control group</arm_group_label>
  </intervention>
  <eligibility>
    <criteria>
      <textblock>
        Inclusion Criteria:&#xD;
&#xD;
          -  Age ≥ 18 years old,&#xD;
&#xD;
          -  Hospitalization for COVID-19 infection confirmed by RT-PCR or other virological&#xD;
             method,&#xD;
&#xD;
          -  Peripheral saturation by pulse oximeter SpO2 ≤ 94% in ambient air measured twice at&#xD;
             5-15 min intervals, or PaO2 / FiO2 &lt;300 mmHg,&#xD;
&#xD;
          -  Abnormalities on the chest x-ray or CT scan suggestive of viral pneumonia,&#xD;
&#xD;
          -  Signed informed consent by the patient.&#xD;
&#xD;
        Exclusion Criteria:&#xD;
&#xD;
          -  Covid-19 infection with first symptoms lasting for more than 9 days according to the&#xD;
             patient's interview; D1 of symptoms is defined by the first day with fever, cough,&#xD;
             shortness of breath, and / or chills related to Covid-19 infection;&#xD;
&#xD;
          -  Patients with primary or secondary immune deficiency, including: HIV, chronic&#xD;
             hematological disease, solid organ transplant, ongoing immunosuppressive therapy,&#xD;
&#xD;
          -  Long-term corticosteroid therapy defined by a prescription of more than 10 mg/d&#xD;
             (prednisone equivalent),&#xD;
&#xD;
          -  Suspected or confirmed infection with bacteria, fungal agents or viruses (in addition&#xD;
             to Covid-19),&#xD;
&#xD;
          -  Known contraindication to systemic corticosteroids,&#xD;
&#xD;
          -  Systolic blood pressure &lt;80 mmHg,&#xD;
&#xD;
          -  SpO2 &lt;90% under 5 L / min of oxygen using medium concentration mask, or higher oxygen&#xD;
             requirements,&#xD;
&#xD;
          -  Patient on long-term oxygen therapy,&#xD;
&#xD;
          -  Ongoing mechanical ventilation,&#xD;
&#xD;
          -  Ongoing septic shock ongoing,&#xD;
&#xD;
          -  Ongoing multi-organ failure ongoing,&#xD;
&#xD;
          -  Participating in other COVID-19 therapeutic clinical trial&#xD;
&#xD;
          -  Pregnant or breast-feeding woman (oral diagnosis),&#xD;
&#xD;
          -  No affiliation or beneficiary of health insurance,&#xD;
      </textblock>
    </criteria>
    <gender>All</gender>
    <minimum_age>18 Years</minimum_age>
    <maximum_age>N/A</maximum_age>
    <healthy_volunteers>No</healthy_volunteers>
  </eligibility>
  <overall_official>
    <last_name>Jean-François MORNEX</last_name>
    <role>Principal Investigator</role>
    <affiliation>Hospices Civils de Lyon</affiliation>
  </overall_official>
  <location>
    <facility>
      <name>Hôpital Pneumologique et Cardiovasculaire Louis Pradel</name>
      <address>
        <city>Bron</city>
        <country>France</country>
      </address>
    </facility>
  </location>
  <location>
    <facility>
      <name>Groupement Hospitalier Nord</name>
      <address>
        <city>Lyon</city>
        <country>France</country>
      </address>
    </facility>
  </location>
  <location>
    <facility>
      <name>Hôpital Edouard Herriot</name>
      <address>
        <city>Lyon</city>
        <country>France</country>
      </address>
    </facility>
  </location>
  <location>
    <facility>
      <name>Hôpital St Joseph Saint Luc</name>
      <address>
        <city>Lyon</city>
        <country>France</country>
      </address>
    </facility>
  </location>
  <location>
    <facility>
      <name>Hôpital St Joseph</name>
      <address>
        <city>Marseille</city>
        <country>France</country>
      </address>
    </facility>
  </location>
  <location>
    <facility>
      <name>Centre hospitalier Lyon Sud</name>
      <address>
        <city>Pierre-Bénite</city>
        <country>France</country>
      </address>
    </facility>
  </location>
  <location>
    <facility>
      <name>CHU St Etienne</name>
      <address>
        <city>Saint-Étienne</city>
        <country>France</country>
      </address>
    </facility>
  </location>
  <location>
    <facility>
      <name>Clinique Charcot</name>
      <address>
        <city>Sainte-Foy-lès-Lyon</city>
        <country>France</country>
      </address>
    </facility>
  </location>
  <location>
    <facility>
      <name>CHG Vienne</name>
      <address>
        <city>Vienne</city>
        <country>France</country>
      </address>
    </facility>
  </location>
  <location>
    <facility>
      <name>Médipôle</name>
      <address>
        <city>Villeurbanne</city>
        <country>France</country>
      </address>
    </facility>
  </location>
  <location>
    <facility>
      <name>Clinique des Portes du Sud</name>
      <address>
        <city>Vénissieux</city>
        <country>France</country>
      </address>
    </facility>
  </location>
  <location>
    <facility>
      <name>CH Annecy-Genevois</name>
      <address>
        <city>Épagny</city>
        <country>France</country>
      </address>
    </facility>
  </location>
  <location_countries>
    <country>France</country>
  </location_countries>
  <verification_date>October 2020</verification_date>
  <study_first_submitted>April 10, 2020</study_first_submitted>
  <study_first_submitted_qc>April 10, 2020</study_first_submitted_qc>
  <study_first_posted type="Actual">April 14, 2020</study_first_posted>
  <last_update_submitted>October 23, 2020</last_update_submitted>
  <last_update_submitted_qc>October 23, 2020</last_update_submitted_qc>
  <last_update_posted type="Actual">October 26, 2020</last_update_posted>
  <responsible_party>
    <responsible_party_type>Sponsor</responsible_party_type>
  </responsible_party>
  <keyword>Pneumology</keyword>
  <keyword>viral pneumology</keyword>
  <keyword>SARS-Cov-2</keyword>
  <keyword>COVID 19</keyword>
  <keyword>Prednisone</keyword>
  <condition_browse>
    <!-- CAUTION:  The following MeSH terms are assigned with an imperfect algorithm            -->
    <mesh_term>Pneumonia, Viral</mesh_term>
    <mesh_term>Pneumonia</mesh_term>
  </condition_browse>
  <intervention_browse>
    <!-- CAUTION:  The following MeSH terms are assigned with an imperfect algorithm            -->
    <mesh_term>Prednisone</mesh_term>
  </intervention_browse>
  <patient_data>
    <sharing_ipd>Undecided</sharing_ipd>
  </patient_data>
  <!-- Results have not yet been posted for this study                                          -->
</clinical_study>

