<?xml version="1.0" encoding="UTF-8"?>
<clinical_study rank="760">
  <!-- This xml conforms to an XML Schema at:
    https://clinicaltrials.gov/ct2/html/images/info/public.xsd -->
  <required_header>
    <download_date>ClinicalTrials.gov processed this data on February 18, 2021</download_date>
    <link_text>Link to the current ClinicalTrials.gov record.</link_text>
    <url>https://clinicaltrials.gov/show/NCT04743908</url>
  </required_header>
  <id_info>
    <org_study_id>20-1494</org_study_id>
    <nct_id>NCT04743908</nct_id>
  </id_info>
  <brief_title>Community Network-driven COVID-19 Testing of Vulnerable Populations in the Central US</brief_title>
  <acronym>C3</acronym>
  <official_title>Community Network-driven COVID-19 Testing of Vulnerable Populations in the Central US (C3)</official_title>
  <sponsors>
    <lead_sponsor>
      <agency>University of Chicago</agency>
      <agency_class>Other</agency_class>
    </lead_sponsor>
  </sponsors>
  <source>University of Chicago</source>
  <oversight_info>
    <has_dmc>No</has_dmc>
    <is_fda_regulated_drug>No</is_fda_regulated_drug>
    <is_fda_regulated_device>No</is_fda_regulated_device>
  </oversight_info>
  <brief_summary>
    <textblock>
      This C3 project, Community network-driven COVID-19 testing of vulnerable populations in the&#xD;
      Central US, will implement and evaluate a COVID-19 testing approach that combines an&#xD;
      evidence-based Social Network Testing Strategy (SNS) with community developed COVID-19 public&#xD;
      health messages (SNS+). C3 will engage two disenfranchised populations across rural and urban&#xD;
      sites in states across the Central US (TX, LA, AR, IN, IL). C3 leverages NIDA's Justice&#xD;
      Community Opioid Innovation Network (JCOIN), the PIs' extensive community located COVID-19&#xD;
      testing programs, and a network of established community partnerships. The collaborative&#xD;
      community-academic partnerships, research and engagement infrastructure, and team's&#xD;
      leadership across JCOIN will ensure that C3 can rapidly recruit, enroll and test most&#xD;
      disenfranchised community members, (n=2400) and through this process, accelerate any&#xD;
      forthcoming COVID-19 public health prevention interventions. C3 focuses on two communities&#xD;
      most impacted by COVID-19: 1) Criminal justice involved (CJI) - non-incarcerated people with&#xD;
      previous history of arrest/jail/prison, probation/parole and drug-court attendance; and 2)&#xD;
      Low-income Latinx - community members at 250% or below Federal Poverty Level. Both of these&#xD;
      diverse populations, and the overlap between them, have some of the highest rates of COVID-19&#xD;
      infection and death in the United States. Messaging that affirms individual agency and&#xD;
      corrects misinformation, combined with accessible and acceptable testing, is required to&#xD;
      accelerate COVID-19 prevention for these populations&#xD;
    </textblock>
  </brief_summary>
  <overall_status>Not yet recruiting</overall_status>
  <start_date type="Anticipated">February 2021</start_date>
  <completion_date type="Anticipated">December 2023</completion_date>
  <primary_completion_date type="Anticipated">December 2023</primary_completion_date>
  <phase>N/A</phase>
  <study_type>Interventional</study_type>
  <has_expanded_access>No</has_expanded_access>
  <study_design_info>
    <allocation>Randomized</allocation>
    <intervention_model>Parallel Assignment</intervention_model>
    <intervention_model_description>Using a two-arm randomized controlled trial design, participants will be enrolled into the SNS arm (involves social networking referrals only) or the SNS+messaging arm. The latter includes affirmation/misinformation correction messaging (discussion tools and coaching).</intervention_model_description>
    <primary_purpose>Prevention</primary_purpose>
    <masking>None (Open Label)</masking>
  </study_design_info>
  <primary_outcome>
    <measure>Total number of tests among network members referred for COVID testing (network tested)</measure>
    <time_frame>21 days</time_frame>
    <description>Network tested is measured at the participant level by the number of network members that are tested through the SNS.</description>
  </primary_outcome>
  <number_of_arms>2</number_of_arms>
  <enrollment type="Anticipated">2400</enrollment>
  <condition>Covid19</condition>
  <arm_group>
    <arm_group_label>Social Network Strategy (SNS Condition)</arm_group_label>
    <arm_group_type>No Intervention</arm_group_type>
    <description>This will occur towards the end of the study visit when CEC staff describe the SNS, construct a plan for successfully referring network members into the study, and discuss compensation for the recruitment efforts. CECs will specifically discuss network members of interest: &quot;friend, family, coworker or someone you spend time with on a regular basis&quot;. Walkthrough and scenario play will be strategies to assist with planning regarding: (1) how the conversation will be raised, (2) how potential barriers to testing will be addressed, (3) how the screening by phone or web survey will be conducted, (4) how network members will have the option to bring others into the study visit with them, (5) what information about the study will be shared.</description>
  </arm_group>
  <arm_group>
    <arm_group_label>Social Network Strategy + Messaging</arm_group_label>
    <arm_group_type>Experimental</arm_group_type>
    <description>This will occur towards the end of the study visit when CEC staff describe the SNS, construct a plan for successfully referring network members into the study, and discuss compensation for the recruitment efforts. CECs will specifically discuss network members of interest: &quot;friend, family, coworker or someone you spend time with on a regular basis&quot;. Walkthrough and scenario play will be strategies to assist with planning regarding: (1) how the conversation will be raised, (2) how potential barriers to testing will be addressed, (3) how the screening by phone or web survey will be conducted, (4) how network members will have the option to bring others into the study visit with them, (5) what information about the study will be shared. Finally, community developed COVID-19 public health messages will be shared in the participant's preferred language.</description>
  </arm_group>
  <intervention>
    <intervention_type>Other</intervention_type>
    <intervention_name>Social Network Strategy + COVID-19 messaging</intervention_name>
    <description>Contextually adapted and theory-driven messages - misinformation correction and self-affirmation - to increase awareness, self-efficacy and community engagement in our adapted Social Network testing Strategy (SNS). SNS is an evidence-based testing intervention that has been widely used in multiple settings with marginalized individuals (ie substance-users) who facilitate the recruitment of their social contacts into testing services.</description>
    <arm_group_label>Social Network Strategy + Messaging</arm_group_label>
  </intervention>
  <eligibility>
    <criteria>
      <textblock>
        Inclusion Criteria:&#xD;
&#xD;
          -  Index community members will be:&#xD;
&#xD;
               1. 18 years or older;&#xD;
&#xD;
               2. spend majority of their time in the metropolitan area or county where recruited;&#xD;
&#xD;
               3. have access to a phone for 21-day follow-up call; and&#xD;
&#xD;
               4. primary communication in English or Spanish (based on site chart above) AND at&#xD;
                  least one of the following: (i) CJI in the previous five years (operationalized&#xD;
                  as any jail, prison, arrest, parole (completed), probation, drug court during&#xD;
                  this timeframe); (ii) lower-income Latinx (operationalized as at or below 250% of&#xD;
                  FPL).&#xD;
&#xD;
                  Social network referrals will be:&#xD;
&#xD;
               1. linked to the index as a &quot;friend, family, coworker or someone you spend time with&#xD;
                  on a regular basis&quot;;&#xD;
&#xD;
               2. visit within two weeks of index visit;&#xD;
&#xD;
               3. 18 years or older;&#xD;
&#xD;
               4. spend the majority of their time in the metropolitan area or county where&#xD;
                  recruited;&#xD;
&#xD;
               5. have access to a phone for 21-day follow-up call; and&#xD;
&#xD;
               6. primary communication in English or Spanish.&#xD;
&#xD;
                  Exclusion Criteria:&#xD;
&#xD;
               1. inability to provide informed consent; and&#xD;
&#xD;
               2. active COVID-19 symptoms per CDC. Participants with COVID-19 symptoms will be&#xD;
                  referred for free testing at existing partners for each of the study sites.&#xD;
&#xD;
               3. currently on parole&#xD;
      </textblock>
    </criteria>
    <gender>All</gender>
    <minimum_age>18 Years</minimum_age>
    <maximum_age>N/A</maximum_age>
    <healthy_volunteers>Accepts Healthy Volunteers</healthy_volunteers>
  </eligibility>
  <overall_official>
    <last_name>John Schneider, MD</last_name>
    <role>Principal Investigator</role>
    <affiliation>University of Chicago</affiliation>
  </overall_official>
  <overall_contact>
    <last_name>Mainza L Durrell, DrPH</last_name>
    <phone>7737027589</phone>
    <email>mdurrell@medicine.bsd.uchicago.edu</email>
  </overall_contact>
  <overall_contact_backup>
    <last_name>Ralph Meneghetti</last_name>
    <email>rmeneghetti@medicine.bsd.uchicago.edu</email>
  </overall_contact_backup>
  <verification_date>February 2021</verification_date>
  <study_first_submitted>February 5, 2021</study_first_submitted>
  <study_first_submitted_qc>February 5, 2021</study_first_submitted_qc>
  <study_first_posted type="Actual">February 8, 2021</study_first_posted>
  <last_update_submitted>February 5, 2021</last_update_submitted>
  <last_update_submitted_qc>February 5, 2021</last_update_submitted_qc>
  <last_update_posted type="Actual">February 8, 2021</last_update_posted>
  <responsible_party>
    <responsible_party_type>Sponsor</responsible_party_type>
  </responsible_party>
  <keyword>Criminal Justice Involved</keyword>
  <keyword>Latinx</keyword>
  <keyword>Social Network Strategy</keyword>
  <patient_data>
    <sharing_ipd>No</sharing_ipd>
  </patient_data>
  <!-- Results have not yet been posted for this study                                          -->
</clinical_study>

