<?xml version="1.0" encoding="UTF-8"?>
<clinical_study rank="3041">
  <!-- This xml conforms to an XML Schema at:
    https://clinicaltrials.gov/ct2/html/images/info/public.xsd -->
  <required_header>
    <download_date>ClinicalTrials.gov processed this data on February 18, 2021</download_date>
    <link_text>Link to the current ClinicalTrials.gov record.</link_text>
    <url>https://clinicaltrials.gov/show/NCT04724616</url>
  </required_header>
  <id_info>
    <org_study_id>2128/2020</org_study_id>
    <nct_id>NCT04724616</nct_id>
  </id_info>
  <brief_title>CARTOON: CoronAviRus (COVID-19) educaTional prOgram fOr childreN</brief_title>
  <acronym>CARTOON</acronym>
  <official_title>CARTOON: CoronAviRus educaTional prOgram fOr childreN to Promote Knowledge and Hygiene Measures and Dispel Fear During the COVID- 19 Pandemic</official_title>
  <sponsors>
    <lead_sponsor>
      <agency>Medical University of Vienna</agency>
      <agency_class>Other</agency_class>
    </lead_sponsor>
  </sponsors>
  <source>Medical University of Vienna</source>
  <oversight_info>
    <is_fda_regulated_drug>No</is_fda_regulated_drug>
    <is_fda_regulated_device>No</is_fda_regulated_device>
  </oversight_info>
  <brief_summary>
    <textblock>
      Our study aims to investigate whether our CoronAviRus educaTional prOgram fOr children&#xD;
      (CARTOON) facilitates the adherence to hygiene measures and is feasible to dispel fear in&#xD;
      preschool children (3-6 years old) during the pandemic.&#xD;
    </textblock>
  </brief_summary>
  <detailed_description>
    <textblock>
      This prospective randomized controlled trial will be performed at four kindergartens in&#xD;
      Vienna, Austria. About 60 children between three and six years of age attending kindergarten&#xD;
      will be included in the study. Prior inclusion in the study eligible adults have to sign a&#xD;
      parental consent form. We will randomly assign 30 children to the intervention group (n=30)&#xD;
      and 30 children to the control group (n=30). Depending on the randomization (intervention&#xD;
      group vs. control group), children either receive our CARTOON (intervention group) or no&#xD;
      educational training (control group).&#xD;
    </textblock>
  </detailed_description>
  <overall_status>Recruiting</overall_status>
  <start_date type="Actual">January 6, 2021</start_date>
  <completion_date type="Anticipated">June 2021</completion_date>
  <primary_completion_date type="Anticipated">June 2021</primary_completion_date>
  <phase>N/A</phase>
  <study_type>Interventional</study_type>
  <has_expanded_access>No</has_expanded_access>
  <study_design_info>
    <allocation>Randomized</allocation>
    <intervention_model>Parallel Assignment</intervention_model>
    <primary_purpose>Prevention</primary_purpose>
    <masking>None (Open Label)</masking>
  </study_design_info>
  <primary_outcome>
    <measure>Change of Emotional Outcome</measure>
    <time_frame>Baseline (before the intervention), 1 day after the intervention and three months after the intervention</time_frame>
    <description>For the assessment of emotional wellbeing, fear, and burden during the pandemic we will use the emotional scale which measure feelings including emotional wellbeing, fear, and burden.&#xD;
Since it is often hard for children to describe their own feelings with words, we will use the emotional scales of Gräßler and colleagues. These scales use child-friendly illustrated pictures and can be used to support the children in naming their feelings including emotional wellbeing, fear, and burden.</description>
  </primary_outcome>
  <primary_outcome>
    <measure>Change of Knowledge Outcome</measure>
    <time_frame>Baseline (before the intervention), 1 day after the intervention and three months after the intervention</time_frame>
    <description>The corona quiz consists of a 18-item questionnaire and covers theoretical and practical knowledge. Content validity of the knowledge test was reviewed by an expert panel consisting of three psychologists with expertise in children health, one kindergarten teacher, and one pediatrician.</description>
  </primary_outcome>
  <primary_outcome>
    <measure>Baseline Behavior of the Participants</measure>
    <time_frame>Baseline (before the intervention)</time_frame>
    <description>Behavior will be assessed by using the parent and teacher reported Child Behavior Checklist (CBCL). The CBCL is a questionnaire for parents and teachers revealing behavioral problems of children and adolescents. In the CBCL/1.5-5, two evaluation methods are available. In the first evaluation method, questions are grouped in seven empirically based problem scales including emotionally reactive, anxious/depressed, aggressive behavior, attention problems, somatic complaints, sleep problems, and withdrawn.</description>
  </primary_outcome>
  <secondary_outcome>
    <measure>Nationality of parents</measure>
    <time_frame>Baseline (before the intervention)</time_frame>
    <description>Is there a correlation of the Nationality of the parents with emotional and knowledge outcomes of the children</description>
  </secondary_outcome>
  <secondary_outcome>
    <measure>First language of parents</measure>
    <time_frame>Baseline (before the intervention)</time_frame>
    <description>Is there a correlation of the first language of the parents with emotional and knowledge outcomes of the children</description>
  </secondary_outcome>
  <secondary_outcome>
    <measure>Highest degree of school education</measure>
    <time_frame>Baseline (before the intervention)</time_frame>
    <description>Is there a correlation of the highest degree of school education of the parents with emotional and knowledge outcomes of the children</description>
  </secondary_outcome>
  <secondary_outcome>
    <measure>Profession of the parents</measure>
    <time_frame>Baseline (before the intervention)</time_frame>
    <description>Is there a correlation of the profession of the parents with emotional and knowledge outcomes of the children</description>
  </secondary_outcome>
  <secondary_outcome>
    <measure>Financial standing of the parents</measure>
    <time_frame>Baseline (before the intervention)</time_frame>
    <description>Is there a correlation of the financial standing of the parents with emotional and knowledge outcomes of the children</description>
  </secondary_outcome>
  <secondary_outcome>
    <measure>Housing conditions of the family</measure>
    <time_frame>Baseline (before the intervention)</time_frame>
    <description>Is there a correlation of the housing condition of the family with emotional and knowledge outcomes of the children</description>
  </secondary_outcome>
  <secondary_outcome>
    <measure>Psychological or physical illness in the family</measure>
    <time_frame>Baseline (before the intervention)</time_frame>
    <description>Is there a correlation of the psychological or physical burden in the family with emotional and knowledge outcomes of the children</description>
  </secondary_outcome>
  <number_of_arms>2</number_of_arms>
  <enrollment type="Anticipated">60</enrollment>
  <condition>Covid19</condition>
  <condition>Pediatric Psychiatric Disorder</condition>
  <condition>Psychological Stress</condition>
  <arm_group>
    <arm_group_label>Control Group</arm_group_label>
    <arm_group_type>No Intervention</arm_group_type>
    <description>Participants received no specific educational program</description>
  </arm_group>
  <arm_group>
    <arm_group_label>Intervention Group</arm_group_label>
    <arm_group_type>Experimental</arm_group_type>
    <description>Participants received our educational program for five days, with one teaching session per day. Every teaching session will be conducted for 60 minutes in a group of up to 6 children by a trained member of our staff.</description>
  </arm_group>
  <intervention>
    <intervention_type>Other</intervention_type>
    <intervention_name>Educational Program (CARTOON)</intervention_name>
    <description>CARTOON is an interdisciplinary psychoeducational intervention program. It consists of five teaching sessions: 1) hand hygiene, not grasping the face, 2) sneezing etiquette, 3) wearing a mask, 4) social distancing, and 5) theoretical knowledge about the coronavirus. Using special exercises and games, information about the coronavirus is conveyed in a child friendly manner.</description>
    <arm_group_label>Intervention Group</arm_group_label>
    <other_name>Education</other_name>
    <other_name>Psycho-educational intervention</other_name>
  </intervention>
  <eligibility>
    <criteria>
      <textblock>
        Inclusion Criteria:&#xD;
&#xD;
          -  Children between three and six years who are attending kindergarten&#xD;
&#xD;
          -  consent of the parents and the participants&#xD;
&#xD;
        Exclusion Criteria:&#xD;
&#xD;
          -  physically unable to complete any of the training exercises&#xD;
&#xD;
          -  German skills not good enough to follow the instructions&#xD;
      </textblock>
    </criteria>
    <gender>All</gender>
    <minimum_age>3 Years</minimum_age>
    <maximum_age>6 Years</maximum_age>
    <healthy_volunteers>Accepts Healthy Volunteers</healthy_volunteers>
  </eligibility>
  <overall_official>
    <last_name>Philipp Steinbauer, Dr.</last_name>
    <role>Principal Investigator</role>
    <affiliation>Comprehensive Center For Pediatrics, Division of Neonatology, Intensive Care Medicine and Neuropediatrics</affiliation>
  </overall_official>
  <overall_contact>
    <last_name>Philipp Steinbauer, Dr.</last_name>
    <phone>43 664 38 88 180</phone>
    <email>philipp.steinbauer@meduniwien.ac.at</email>
  </overall_contact>
  <location>
    <facility>
      <name>Medical University of Vienna</name>
      <address>
        <city>Vienna</city>
        <zip>1020</zip>
        <country>Austria</country>
      </address>
    </facility>
    <status>Recruiting</status>
    <contact>
      <last_name>Michaela Reiger, BA</last_name>
      <phone>+43014040067400</phone>
      <email>ausstellungsstrasse@wien.kinderfreunde.at</email>
    </contact>
    <investigator>
      <last_name>Philipp Steinbauer, Dr.</last_name>
      <role>Principal Investigator</role>
    </investigator>
  </location>
  <location_countries>
    <country>Austria</country>
  </location_countries>
  <verification_date>January 2021</verification_date>
  <study_first_submitted>January 10, 2021</study_first_submitted>
  <study_first_submitted_qc>January 24, 2021</study_first_submitted_qc>
  <study_first_posted type="Actual">January 26, 2021</study_first_posted>
  <last_update_submitted>January 24, 2021</last_update_submitted>
  <last_update_submitted_qc>January 24, 2021</last_update_submitted_qc>
  <last_update_posted type="Actual">January 26, 2021</last_update_posted>
  <responsible_party>
    <responsible_party_type>Principal Investigator</responsible_party_type>
    <investigator_affiliation>Medical University of Vienna</investigator_affiliation>
    <investigator_full_name>Philipp Steinbauer</investigator_full_name>
    <investigator_title>Dr.</investigator_title>
  </responsible_party>
  <keyword>Educational Program</keyword>
  <keyword>education</keyword>
  <condition_browse>
    <!-- CAUTION:  The following MeSH terms are assigned with an imperfect algorithm            -->
    <mesh_term>Mental Disorders</mesh_term>
    <mesh_term>Problem Behavior</mesh_term>
    <mesh_term>Stress, Psychological</mesh_term>
  </condition_browse>
  <patient_data>
    <sharing_ipd>Yes</sharing_ipd>
    <ipd_info_type>Study Protocol</ipd_info_type>
    <ipd_info_type>Statistical Analysis Plan (SAP)</ipd_info_type>
  </patient_data>
  <!-- Results have not yet been posted for this study                                          -->
</clinical_study>

