<?xml version="1.0" encoding="UTF-8"?>
<clinical_study rank="4699">
  <!-- This xml conforms to an XML Schema at:
    https://clinicaltrials.gov/ct2/html/images/info/public.xsd -->
  <required_header>
    <download_date>ClinicalTrials.gov processed this data on February 18, 2021</download_date>
    <link_text>Link to the current ClinicalTrials.gov record.</link_text>
    <url>https://clinicaltrials.gov/show/NCT04404192</url>
  </required_header>
  <id_info>
    <org_study_id>PH94B-CL-029</org_study_id>
    <nct_id>NCT04404192</nct_id>
  </id_info>
  <brief_title>PH94B in the Treatment of Adjustment Disorder With Anxiety</brief_title>
  <official_title>A Phase 2a Open-label Study of the Efficacy and Safety of PRN PH94B Neuroactive Nasal Spray in the Treatment of Adjustment Disorder With Anxiety (AjDA) Associated With COVID-19</official_title>
  <sponsors>
    <lead_sponsor>
      <agency>VistaGen Therapeutics, Inc.</agency>
      <agency_class>Industry</agency_class>
    </lead_sponsor>
  </sponsors>
  <source>VistaGen Therapeutics, Inc.</source>
  <oversight_info>
    <has_dmc>No</has_dmc>
    <is_fda_regulated_drug>Yes</is_fda_regulated_drug>
    <is_fda_regulated_device>No</is_fda_regulated_device>
  </oversight_info>
  <brief_summary>
    <textblock>
      This open-label clinical study is designed to evaluate the efficacy, safety and tolerability&#xD;
      of the PRN (on demand) administration of PH94B neuroactive nasal spray as a treatment of&#xD;
      Adjustment Disorder with Anxiety symptoms in adults. Subject participation in the study will&#xD;
      last a total of from eight (8) to fifteen (15) weeks, depending on the duration of the&#xD;
      screening period. Upon signing an IRB-approved informed consent form (ICF), all subjects will&#xD;
      complete Visit 1 and enter a screening period lasting between fourteen (14) and forty-five&#xD;
      (45) days to determine eligibility and washout any contraindicated anti-anxiety medications.&#xD;
      If subjects meet all eligibility criteria at the end of the screening period, subjects will&#xD;
      complete Visit 2, the baseline visit, and will then commence four (4) weeks of open-label&#xD;
      treatment with PH94B on an as-needed basis. During the four (4)-week treatment period,&#xD;
      subjects will complete weekly study visits (Visits 3-6). Two (2) weeks following completion&#xD;
      of Visit 6, subjects will complete a final safety follow-up visit (Visit 7).&#xD;
    </textblock>
  </brief_summary>
  <overall_status>Not yet recruiting</overall_status>
  <start_date type="Anticipated">November 2020</start_date>
  <completion_date type="Anticipated">September 2021</completion_date>
  <primary_completion_date type="Anticipated">July 2021</primary_completion_date>
  <phase>Phase 2</phase>
  <study_type>Interventional</study_type>
  <has_expanded_access>No</has_expanded_access>
  <study_design_info>
    <allocation>N/A</allocation>
    <intervention_model>Single Group Assignment</intervention_model>
    <primary_purpose>Treatment</primary_purpose>
    <masking>None (Open Label)</masking>
  </study_design_info>
  <primary_outcome>
    <measure>Hamilton Anxiety Scale</measure>
    <time_frame>14 days</time_frame>
    <description>Questionnaire on anxiety symptoms - change from baseline</description>
  </primary_outcome>
  <secondary_outcome>
    <measure>Sheehan Disability Scale</measure>
    <time_frame>14 days</time_frame>
    <description>Questionnaire on functioning - change from baseline</description>
  </secondary_outcome>
  <secondary_outcome>
    <measure>Adjustment Disorder New Module (ADNM)</measure>
    <time_frame>14 days</time_frame>
    <description>Questionnaire on worrying etc. - change from baseline</description>
  </secondary_outcome>
  <secondary_outcome>
    <measure>Clinical Global Impression - Improvement rating (CGI-I)</measure>
    <time_frame>14 days</time_frame>
    <description>Clinical impression of improvement - change from baseline</description>
  </secondary_outcome>
  <number_of_arms>1</number_of_arms>
  <enrollment type="Anticipated">30</enrollment>
  <condition>Adjustment Disorder With Anxious Mood</condition>
  <arm_group>
    <arm_group_label>PH94B</arm_group_label>
    <arm_group_type>Experimental</arm_group_type>
    <description>Intranasal spray 3.2 micrograms up to four times a day as needed for anxiety for 14 days.</description>
  </arm_group>
  <intervention>
    <intervention_type>Drug</intervention_type>
    <intervention_name>PH94B</intervention_name>
    <description>Intranasal administration up to 4 times a day as needed for anxiety</description>
    <arm_group_label>PH94B</arm_group_label>
    <other_name>Aloradine</other_name>
  </intervention>
  <eligibility>
    <criteria>
      <textblock>
        Inclusion Criteria:&#xD;
&#xD;
          1. Male and female adults, 18 through 75 years of age, inclusive.&#xD;
&#xD;
          2. Current diagnosis of Adjustment Disorder with Anxiety (AjDA) as defined in the&#xD;
             Diagnostic and Statistical Manual of Mental Disorders, 5th Edition (DSM-5)&#xD;
&#xD;
          3. Clinician-rated Hamilton Anxiety Rating Scale (HAM-A) score ≥20 at both Screening&#xD;
             (Visit 1) and Baseline (Visit 2) visits.&#xD;
&#xD;
          4. Clinician-rated Hamilton Depression Rating Scale (HAM-D17) total score &lt;18 at both&#xD;
             Screening and Baseline visits.&#xD;
&#xD;
          5. Clinical Global Impression - Severity Scale (CGI-S) score ≥4 at both Screening and&#xD;
             Baseline visits.&#xD;
&#xD;
          6. Women of child-bearing-potential must be able to commit to the consistent and correct&#xD;
             use of an effective method of birth control throughout the study, and must also have a&#xD;
             negative urine pregnancy test result at both Screening and Baseline visits, prior to&#xD;
             study drug administration. Effective methods of contraception include: condoms with&#xD;
             spermicide; diaphragm with spermicide; hormonal contraceptive agents (oral,&#xD;
             transdermal; or injectable) or implantable contraceptive devices.&#xD;
&#xD;
        Exclusion Criteria:&#xD;
&#xD;
          1. Any history of schizophrenia or schizoaffective disorder.&#xD;
&#xD;
          2. Any other current Axis I disorder, including, but not limited to, Major Depressive&#xD;
             Disorder (MDD), Bipolar disorder (BD), Post-Traumatic Stress Disorder (PTSD),&#xD;
             Obsessive-Compulsive Disorder (OCD), Generalized Anxiety Disorder (GAD), which is in&#xD;
             poor control and the primary focus of treatment.&#xD;
&#xD;
          3. A primary diagnosis of social anxiety disorder (SAD) with a score &gt;60 on the Liebowitz&#xD;
             Social Anxiety Disorder Scale.&#xD;
&#xD;
          4. Subjects who meet criteria for moderate or severe alcohol or substance use disorder&#xD;
             within the one (1) year prior to study entry.&#xD;
&#xD;
          5. In the opinion of the Investigator, the subject has a significant risk for suicidal&#xD;
             behavior during the course of their participation in the study, or:&#xD;
&#xD;
               1. At Screening: the subject scores &quot;yes&quot; on items 4 or 5 in the Suicidal Ideation&#xD;
                  section of the Columbia Suicide Severity Rating Scale (C SSRS) with reference to&#xD;
                  a six (6)-month period prior to screening; or&#xD;
&#xD;
               2. At Screening: the subject has had one (1) or more suicidal attempts with&#xD;
                  reference to a teo (2)-year period prior to screening; or&#xD;
&#xD;
               3. At Baseline: the subject scores &quot;yes&quot; on items 4 or 5 in the Suicidal Ideation&#xD;
                  section of the C-SSRS with reference to screening; or&#xD;
&#xD;
               4. Considered to be an imminent danger to themself or others.&#xD;
&#xD;
          6. Currently testing positive for SARS-CoV-2 or currently suffering from COVID-19&#xD;
&#xD;
          7. Clinically significant nasal pathology or history of significant nasal trauma, nasal&#xD;
             surgery, or nasal septum perforation that may have damaged the nasal chemosensory&#xD;
             epithelium.&#xD;
&#xD;
          8. An acute or chronic condition, including an infectious illness, uncontrolled seasonal&#xD;
             allergies at the time of the study, or significant nasal congestion that potentially&#xD;
             could affect drug delivery to the nasal chemosensory epithelium. The Investigator may&#xD;
             allow concomitant use of over-the-counter (OTC) nasal decongestants as needed, since&#xD;
             there is no interaction between these and PH94B (PH94B PER 01A).&#xD;
&#xD;
          9. Concomitant use of any anxiolytic, such as a benzodiazepine or buspirone, during the&#xD;
             study and within thirty (30) days prior to study entry.&#xD;
&#xD;
         10. Concomitant use of any OTC, prescription product, or herbal preparation such as&#xD;
             cannabidiol, for treatment of the symptoms of anxiety during the study and within&#xD;
             thirty (30) days prior to study entry.&#xD;
&#xD;
         11. Women who have a positive urine pregnancy test prior to study drug administration.&#xD;
&#xD;
         12. Subjects with clinically significant abnormalities in hematology, blood chemistry,&#xD;
             urinalysis, electrocardiogram (ECG), or physical examination identified at Screening&#xD;
             or Baseline that in the clinical judgment of the Investigator, could place the subject&#xD;
             at undue risk, interfere with study participation, or confound the results of the&#xD;
             study.&#xD;
&#xD;
         13. Subjects with a positive urine drug screen at either Screening or Baseline.&#xD;
&#xD;
         14. Any current clinically significant and/or uncontrolled medical condition that, in the&#xD;
             clinical judgment of the Investigator, could place the subject at undue risk,&#xD;
             interfere with study participation, or confound the results of the study.&#xD;
      </textblock>
    </criteria>
    <gender>All</gender>
    <minimum_age>18 Years</minimum_age>
    <maximum_age>75 Years</maximum_age>
    <healthy_volunteers>No</healthy_volunteers>
  </eligibility>
  <overall_contact>
    <last_name>Matt Turzilli</last_name>
    <phone>212-595-5012</phone>
    <email>mturzilli@medicalresearchnetwork.com</email>
  </overall_contact>
  <location>
    <facility>
      <name>The Medical Research Network</name>
      <address>
        <city>New York</city>
        <state>New York</state>
        <zip>10128</zip>
        <country>United States</country>
      </address>
    </facility>
    <contact>
      <last_name>Ann Draine</last_name>
      <phone>212-595-5012</phone>
      <email>Information@MedicalResearchNetwork.com</email>
    </contact>
    <investigator>
      <last_name>Michael Liebowitz, MD</last_name>
      <role>Principal Investigator</role>
    </investigator>
  </location>
  <location_countries>
    <country>United States</country>
  </location_countries>
  <verification_date>May 2020</verification_date>
  <study_first_submitted>May 21, 2020</study_first_submitted>
  <study_first_submitted_qc>May 21, 2020</study_first_submitted_qc>
  <study_first_posted type="Actual">May 27, 2020</study_first_posted>
  <last_update_submitted>May 21, 2020</last_update_submitted>
  <last_update_submitted_qc>May 21, 2020</last_update_submitted_qc>
  <last_update_posted type="Actual">May 27, 2020</last_update_posted>
  <responsible_party>
    <responsible_party_type>Sponsor</responsible_party_type>
  </responsible_party>
  <condition_browse>
    <!-- CAUTION:  The following MeSH terms are assigned with an imperfect algorithm            -->
    <mesh_term>Adjustment Disorders</mesh_term>
  </condition_browse>
  <patient_data>
    <sharing_ipd>No</sharing_ipd>
  </patient_data>
  <!-- Results have not yet been posted for this study                                          -->
</clinical_study>

