<?xml version="1.0" encoding="UTF-8"?>
<clinical_study rank="311">
  <!-- This xml conforms to an XML Schema at:
    https://clinicaltrials.gov/ct2/html/images/info/public.xsd -->
  <required_header>
    <download_date>ClinicalTrials.gov processed this data on February 18, 2021</download_date>
    <link_text>Link to the current ClinicalTrials.gov record.</link_text>
    <url>https://clinicaltrials.gov/show/NCT04306497</url>
  </required_header>
  <id_info>
    <org_study_id>JSZYJ202001</org_study_id>
    <nct_id>NCT04306497</nct_id>
  </id_info>
  <brief_title>TCM Differentiation and Treatment Protocol of COVID-19</brief_title>
  <acronym>TDATPOC</acronym>
  <official_title>Clinical Trial of TCM Differentiation and Treatment Protocol of COVID-19 in Jiangsu Province</official_title>
  <sponsors>
    <lead_sponsor>
      <agency>Jiangsu Famous Medical Technology Co., Ltd.</agency>
      <agency_class>Industry</agency_class>
    </lead_sponsor>
  </sponsors>
  <source>Jiangsu Famous Medical Technology Co., Ltd.</source>
  <oversight_info>
    <is_fda_regulated_drug>No</is_fda_regulated_drug>
    <is_fda_regulated_device>No</is_fda_regulated_device>
  </oversight_info>
  <brief_summary>
    <textblock>
      Evaluation of the efficacy and safety of TCM differential treatment of COVID-19 in Jiangsu&#xD;
      Province based on the historical prospective multicenter cohort study.&#xD;
    </textblock>
  </brief_summary>
  <detailed_description>
    <textblock>
      This is a multi-center cross-sectional syndrome investigation study, taking confirmed cases&#xD;
      as the main observation object, A prospective multicenter cohort study was designed, focusing&#xD;
      on the common type with the largest number of confirmed cases, to evaluate the intervention&#xD;
      effect of this project in relieving the disEvaluation of the efficacy and safety of TCM&#xD;
      differential treatment of COVID-19 inease and preventing disease progressio.&#xD;
&#xD;
      According to the actual situation of receiving treatment, if the subjects received the&#xD;
      combination of western medicine and traditional Chinese medicine, it was the exposure group&#xD;
      (integrated traditional Chinese and western medicine cohort), and if the subjects only&#xD;
      received western medicine treatment, it was the control group (western medicine cohort). The&#xD;
      choice of treatment for patients is entirely determined by clinicians according to the&#xD;
      patient's condition, and patients are free to choose after fully understanding different&#xD;
      schemes).The choice of control group: COVID-19 (common type) who received routine treatment +&#xD;
      antiviral therapy；The choice of exposure group: COVID-19 (common type) who received routine&#xD;
      treatment + TCM.The sample size is tentatively set at 340.&#xD;
    </textblock>
  </detailed_description>
  <overall_status>Completed</overall_status>
  <start_date type="Actual">January 22, 2020</start_date>
  <completion_date type="Actual">May 30, 2020</completion_date>
  <primary_completion_date type="Actual">April 30, 2020</primary_completion_date>
  <study_type>Observational</study_type>
  <has_expanded_access>No</has_expanded_access>
  <study_design_info>
    <observational_model>Cohort</observational_model>
    <time_perspective>Other</time_perspective>
  </study_design_info>
  <primary_outcome>
    <measure>The relief of main symptoms/ disappearance rate of time</measure>
    <time_frame>9day</time_frame>
    <description>comparison of the time of relief / disappearance of three main symptoms of fever, cough and shortness of breath</description>
  </primary_outcome>
  <primary_outcome>
    <measure>Chest CT absorption</measure>
    <time_frame>9day</time_frame>
    <description>with reference to the &quot;pneumonia chest X-ray absorption Evaluation scale&quot; developed by Renyi Yin et al, the final absorption judgment will be used to evaluate the chest CT absorption of patients with pneumonia, which is divided into four levels according to the degree of absorption: complete absorption, majority absorption, partial absorption and no absorption.</description>
  </primary_outcome>
  <secondary_outcome>
    <measure>Evaluation standard of comprehensive curative effect</measure>
    <time_frame>9day</time_frame>
    <description>With reference to the &quot;Therapeutic effect Standard for diagnosis and Syndrome of Traditional Chinese Medicine&quot; and &quot;guiding principles for Clinical Research of New drugs of traditional Chinese Medicine&quot;, the final evaluation was based on clinical remission.</description>
  </secondary_outcome>
  <secondary_outcome>
    <measure>Virus antigen negative conversion rate</measure>
    <time_frame>9day</time_frame>
    <description>the detection negative rate of nasopharyngeal swab, conjunctival sac secretion virus nucleic acid.</description>
  </secondary_outcome>
  <secondary_outcome>
    <measure>The number of severe and critical conversion cases</measure>
    <time_frame>9day</time_frame>
    <description>the number of severe and critical cases occurred after the start of intervention.</description>
  </secondary_outcome>
  <secondary_outcome>
    <measure>Incidence of complications</measure>
    <time_frame>9day</time_frame>
    <description>defined as complications during isolation and hospitalization due to pneumonia infected by novel coronavirus, including bacterial infection, aggravation of underlying diseases, etc</description>
  </secondary_outcome>
  <secondary_outcome>
    <measure>Traditional Chinese Medicine Syndrome Score</measure>
    <time_frame>9day</time_frame>
    <description>According to the Traditional Chinese Medicine symptom score scale, the change of symptom score before and after treatment was observed.The highest score was 92 points, and the lowest was 23 points. The higher the score, the more severe the symptoms.</description>
  </secondary_outcome>
  <other_outcome>
    <measure>CRP changes</measure>
    <time_frame>9day</time_frame>
    <description>Changes in c-reactive protein.</description>
  </other_outcome>
  <other_outcome>
    <measure>ESR changes</measure>
    <time_frame>9day</time_frame>
    <description>Changes in erythrocyte sedimentation rate.</description>
  </other_outcome>
  <other_outcome>
    <measure>PCTchanges</measure>
    <time_frame>9day</time_frame>
    <description>Changes in procalcitonin.</description>
  </other_outcome>
  <other_outcome>
    <measure>The index of T cell subsets changed</measure>
    <time_frame>9day</time_frame>
    <description>Changes of CD4+ and CD8+</description>
  </other_outcome>
  <number_of_groups>2</number_of_groups>
  <enrollment type="Actual">340</enrollment>
  <condition>COVID-19</condition>
  <arm_group>
    <arm_group_label>Cohort of western medicine</arm_group_label>
    <description>Routine treatment：&#xD;
① support treatment:maintain water and electrolyte balance .&#xD;
②oxygen therapy: give nasal catheters to inhale oxygen.&#xD;
③ basic treatment of traditional Chinese and western medicine: antiviral drugs and proprietary Chinese medicines with similar composition or function to the observed scheme of differentiation and treatment of traditional Chinese medicine are not included in the scope of such drugs.&#xD;
Antiviral drugs ：Clinicians can judge according to the patient's condition according to the latest version of the diagnosis and treatment plan for COvID-19 issued by the General Office of the National Health Commission / the Office of the State Administration of traditional Chinese Medicine (currently the latest version is the sixth trial edition). Select any of the recommended antiviral drugs(for example:IFN-α、lopinavir-ritonavir、Ribavirin、Chloroquine Phosphate、Arbidol)or a combination of two antiviral drugs.</description>
  </arm_group>
  <arm_group>
    <arm_group_label>Cohort of integrated TCM and western medicine</arm_group_label>
    <description>routine treatment + Antiviral drugs + the following TCM regimens. 1.TCM regimens:① Early stage: Dampness trapped in exterior and interior. Recommended prescription: Huoxiang 15g, Suye15g, Cangzhu15g, Houpo10g, Qianhu15g, Chaihu15g, Huangqin10g, Qinghao20g, Xingren10g, JInyinhua15g, Lianqiao15g.&#xD;
Take decocted or granule, one dose a day.&#xD;
② Middle stage: Dampness-toxicity blocking lung Recommended prescription: Zhimahuang9g, Xingren10g, Sangbaipi30g, Tinglizi20g, Dongguazi20g, Fabanxia10g, Houpo10g, Suzi15g, Baijiezi10g, Gualoupi15g, Xuanfuhua9g, Xiangfu10g, Yujin10g, Taoren10g, Huangqi20g.&#xD;
Take decocted or granule, one dose a day.</description>
  </arm_group>
  <intervention>
    <intervention_type>Drug</intervention_type>
    <intervention_name>TCM prescriptions</intervention_name>
    <description>TCM prescriptions1:Take decocted or granule, one dose a day; TCM prescriptions2:Take decocted or granule, one dose a day.</description>
    <arm_group_label>Cohort of integrated TCM and western medicine</arm_group_label>
    <arm_group_label>Cohort of western medicine</arm_group_label>
  </intervention>
  <eligibility>
    <study_pop>
      <textblock>
        It conforms to the diagnostic criteria of confirmed cases of COVID-19.&#xD;
      </textblock>
    </study_pop>
    <sampling_method>Probability Sample</sampling_method>
    <criteria>
      <textblock>
        Inclusion Criteria:&#xD;
&#xD;
          -  It conforms to the diagnostic criteria of confirmed cases of COVID-19 that belongs to&#xD;
             the common type;&#xD;
&#xD;
          -  The age ranges from 18 to 80 years old, regardless gender；&#xD;
&#xD;
          -  In the prospective study, the patient informed consent and sign the informed consent&#xD;
             form (if the subject has no capacity, limited capacity and limited expression of&#xD;
             personal will, he or she should obtain the consent of his guardian and sign the&#xD;
             informed consent at the same time), the retrospective study is visa-free informed&#xD;
             consent.&#xD;
&#xD;
        Exclusion Criteria:&#xD;
&#xD;
          -  Women during pregnancy or lactation;&#xD;
&#xD;
          -  Allergic constitution, such as those who have a history of allergy to two or more&#xD;
             drugs or food, or who are known to be allergic to drug ingredients observed in this&#xD;
             study.&#xD;
&#xD;
          -  Severe complications such as multiple organ failure and shock occurred.&#xD;
&#xD;
          -  Complicated with severe primary diseases such as heart, brain, liver, kidney and so&#xD;
             on.&#xD;
&#xD;
          -  Patients have mental illness.&#xD;
&#xD;
          -  Patients who participated in or is currently participating in other clinical trials&#xD;
             within the first month of this study.&#xD;
      </textblock>
    </criteria>
    <gender>All</gender>
    <minimum_age>18 Years</minimum_age>
    <maximum_age>80 Years</maximum_age>
    <healthy_volunteers>No</healthy_volunteers>
  </eligibility>
  <location>
    <facility>
      <name>Huai'an fourth people's Hospital</name>
      <address>
        <city>Huaian</city>
        <state>Jiangsu</state>
        <zip>210029</zip>
        <country>China</country>
      </address>
    </facility>
  </location>
  <location_countries>
    <country>China</country>
  </location_countries>
  <verification_date>June 2020</verification_date>
  <study_first_submitted>March 1, 2020</study_first_submitted>
  <study_first_submitted_qc>March 10, 2020</study_first_submitted_qc>
  <study_first_posted type="Actual">March 13, 2020</study_first_posted>
  <last_update_submitted>June 2, 2020</last_update_submitted>
  <last_update_submitted_qc>June 2, 2020</last_update_submitted_qc>
  <last_update_posted type="Actual">June 4, 2020</last_update_posted>
  <responsible_party>
    <responsible_party_type>Sponsor</responsible_party_type>
  </responsible_party>
  <keyword>COVID-19</keyword>
  <keyword>Syndrome investigation</keyword>
  <keyword>differentiation treatment</keyword>
  <keyword>multicenter cohort study</keyword>
  <patient_data>
    <sharing_ipd>Undecided</sharing_ipd>
    <ipd_description>All researchers in this study</ipd_description>
  </patient_data>
  <!-- Results have not yet been posted for this study                                          -->
</clinical_study>

