<?xml version="1.0" encoding="UTF-8"?>
<clinical_study rank="4665">
  <!-- This xml conforms to an XML Schema at:
    https://clinicaltrials.gov/ct2/html/images/info/public.xsd -->
  <required_header>
    <download_date>ClinicalTrials.gov processed this data on February 18, 2021</download_date>
    <link_text>Link to the current ClinicalTrials.gov record.</link_text>
    <url>https://clinicaltrials.gov/show/NCT04344665</url>
  </required_header>
  <id_info>
    <org_study_id>v5.0, 2020.09.12</org_study_id>
    <nct_id>NCT04344665</nct_id>
  </id_info>
  <brief_title>Post Discharge After Surgery Virtual Care With Remote Automated Monitoring Technology (PVC-RAM) Trial</brief_title>
  <acronym>PVC-RAM</acronym>
  <official_title>Post Discharge After Surgery Virtual Care With Remote Automated Monitoring Technology (PVC-RAM) Trial</official_title>
  <sponsors>
    <lead_sponsor>
      <agency>Population Health Research Institute</agency>
      <agency_class>Other</agency_class>
    </lead_sponsor>
    <collaborator>
      <agency>Hamilton Health Sciences Corporation</agency>
      <agency_class>Other</agency_class>
    </collaborator>
    <collaborator>
      <agency>McMaster University</agency>
      <agency_class>Other</agency_class>
    </collaborator>
  </sponsors>
  <source>Population Health Research Institute</source>
  <oversight_info>
    <has_dmc>Yes</has_dmc>
    <is_fda_regulated_drug>No</is_fda_regulated_drug>
    <is_fda_regulated_device>No</is_fda_regulated_device>
  </oversight_info>
  <brief_summary>
    <textblock>
      The Post discharge after surgery Virtual Care with Remote Automated Monitoring technology&#xD;
      (PVC-RAM) Trial is a multicentre, parallel group, superiority, randomized controlled trial to&#xD;
      determine the effect of virtual care with remote automated monitoring (RAM) technology&#xD;
      compared to standard care on days alive at home during the 30-day follow-up after&#xD;
      randomization, in adults who have undergone semi-urgent (e.g., oncology), urgent (e.g., hip&#xD;
      fracture), or emergency (e.g., ruptured abdominal aortic aneurysm) surgery. It will also&#xD;
      determine, during the first 30 days, the effect of virtual care with RAM technology on&#xD;
      several secondary outcomes, including: 1. hospital re-admission; 2. emergency department&#xD;
      visit; 3. urgent-care centre visit; 4. acute-hospital care (i.e., a composite of hospital&#xD;
      re-admission and emergency department or urgent-care centre visit) 5. brief acute-hospital&#xD;
      care (i.e., acute-hospital care that lasts &lt;24 hours); 6. all-cause hospital days; 7.&#xD;
      medication error detection; 8. medication error correction; and 9. death. An additional&#xD;
      secondary objective is to determine the effect of virtual care with RAM technology on pain at&#xD;
      7, 15, and 30 days and 6 months after randomization.&#xD;
    </textblock>
  </brief_summary>
  <overall_status>Active, not recruiting</overall_status>
  <start_date type="Actual">April 23, 2020</start_date>
  <completion_date type="Anticipated">January 2021</completion_date>
  <primary_completion_date type="Actual">October 28, 2020</primary_completion_date>
  <phase>N/A</phase>
  <study_type>Interventional</study_type>
  <has_expanded_access>No</has_expanded_access>
  <study_design_info>
    <allocation>Randomized</allocation>
    <intervention_model>Parallel Assignment</intervention_model>
    <primary_purpose>Prevention</primary_purpose>
    <masking>Single (Outcomes Assessor)</masking>
  </study_design_info>
  <primary_outcome>
    <measure>Days alive at home</measure>
    <time_frame>30 Days (after randomization); 6 months (after randomization)</time_frame>
    <description>Days alive at home are the number of days patients spend at their usual residence - be it a house or apartment, a group home or shelter, a seniors residence, or a nursing home - or at a community residence of a relative, friend, or acquaintance without, during that day, being admitted to a hospital or visiting an emergency department or urgent-care centre. Thus, patients lose days alive at home if 1. patients go to an emergency department or urgent-care centre; 2. they become inpatients at a hospital or rehabilitation or convalescence-care facility; or 3. they die.</description>
  </primary_outcome>
  <secondary_outcome>
    <measure>Hospital re-admission</measure>
    <time_frame>30 Days (after randomization); 6 months (after randomization)</time_frame>
  </secondary_outcome>
  <secondary_outcome>
    <measure>Emergency Department visit</measure>
    <time_frame>30 Days (after randomization); 6 months (after randomization)</time_frame>
  </secondary_outcome>
  <secondary_outcome>
    <measure>Urgent Care centre visit</measure>
    <time_frame>30 Days (after randomization); 6 months (after randomization)</time_frame>
  </secondary_outcome>
  <secondary_outcome>
    <measure>Brief acute hospital care</measure>
    <time_frame>30 Days (after randomization); 6 months (after randomization)</time_frame>
  </secondary_outcome>
  <secondary_outcome>
    <measure>Medication error detection</measure>
    <time_frame>Days 1, 7, 8, 15, 22 and 30 Days (after randomization in the intervention arm), 30 Days (after randomization in the standard care arm and collected on day 31)</time_frame>
    <description>Medication errors include mistakes in medication prescribing, transcribing, dispensing, administering, or monitoring due to preventable events or actions taken by a patient, caregiver, or healthcare worker. Medication errors include: drug omission (i.e., patient did not take a drug they were supposed to take), drug commission (i.e., patient taking a drug they were not supposed to take), duration error, dosing error, frequency error, route error, and timing error. We will record all drug errors identified and also report whether they resulted in harm.</description>
  </secondary_outcome>
  <secondary_outcome>
    <measure>Medication error correction</measure>
    <time_frame>Days 1, 7, 8, 15, 22 and 30 Days (after randomization in the intervention arm), 30 Days (after randomization in the standard care arm and collected on day 31)</time_frame>
    <description>Any medication error that is corrected.</description>
  </secondary_outcome>
  <secondary_outcome>
    <measure>Death</measure>
    <time_frame>30 Days (after randomization); 6 months (after randomization)</time_frame>
    <description>All cause mortality</description>
  </secondary_outcome>
  <secondary_outcome>
    <measure>Participant Pain</measure>
    <time_frame>7 Days (after randomization); 15 Days (after randomization); 30 Days (after randomization); 6 months (after randomization)</time_frame>
    <description>Assessed using the Brief Pain Inventory Short Form (BPI-SF)</description>
  </secondary_outcome>
  <secondary_outcome>
    <measure>Acute hospital care</measure>
    <time_frame>30 Days (after randomization); 6 months (after randomization)</time_frame>
    <description>Composite of hospital re-admission and emergency department or urgent-care centre visit</description>
  </secondary_outcome>
  <secondary_outcome>
    <measure>All-cause hospital days</measure>
    <time_frame>30 Days (after randomization); 6 months (after randomization)</time_frame>
    <description>If a patient is admitted to the hospital for any reason anytime between midnight and 23:59 on a given day, this will count as a day in hospital.</description>
  </secondary_outcome>
  <other_outcome>
    <measure>Health services utilization-related costs</measure>
    <time_frame>30 Days (after randomization); 6 months (after randomization)</time_frame>
    <description>Data on hospital re-admission, healthcare utilization, and costs of health service utilization will be obtained from the Institute for Clinical Evaluative Sciences (ICES) data repository</description>
  </other_outcome>
  <other_outcome>
    <measure>Patient level cost of recovery</measure>
    <time_frame>30 Days (after randomization)</time_frame>
    <description>Assessment performed using the Ambulatory Home Care Record</description>
  </other_outcome>
  <other_outcome>
    <measure>Re-operation</measure>
    <time_frame>30 Days (after randomization); 6 months (after randomization)</time_frame>
    <description>Any surgical procedure undertaken for any reason (e.g., wound dehiscence, infection)</description>
  </other_outcome>
  <other_outcome>
    <measure>Arrythmia resulting in electrical cardioversion</measure>
    <time_frame>30 Days (after randomization); 6 months (after randomization)</time_frame>
    <description>Arrythmia resulting in electrical cardioversion</description>
  </other_outcome>
  <other_outcome>
    <measure>Acute renal failure resulting in dialysis</measure>
    <time_frame>30 Days (after randomization); 6 months (after randomization)</time_frame>
    <description>Acute renal failure resulting in dialysis</description>
  </other_outcome>
  <other_outcome>
    <measure>Respiratory failure</measure>
    <time_frame>30 Days (after randomization); 6 months (after randomization)</time_frame>
    <description>Patient intubated or put on bilevel positive airway pressure (BiPAP).</description>
  </other_outcome>
  <other_outcome>
    <measure>Infection</measure>
    <time_frame>30 Days (after randomization); 6 months (after randomization)</time_frame>
    <description>Infection</description>
  </other_outcome>
  <other_outcome>
    <measure>Surgical site infection</measure>
    <time_frame>30 Days (after randomization); 6 months (after randomization)</time_frame>
  </other_outcome>
  <other_outcome>
    <measure>Life-threatening bleed</measure>
    <time_frame>30 Days (after randomization); 6 months (after randomization)</time_frame>
  </other_outcome>
  <other_outcome>
    <measure>Major bleed</measure>
    <time_frame>30 Days (after randomization); 6 months (after randomization)</time_frame>
  </other_outcome>
  <other_outcome>
    <measure>Critical organ bleed</measure>
    <time_frame>30 Days (after randomization); 6 months (after randomization)</time_frame>
  </other_outcome>
  <other_outcome>
    <measure>Ileus</measure>
    <time_frame>30 Days (after randomization); 6 months (after randomization)</time_frame>
  </other_outcome>
  <other_outcome>
    <measure>Myocardial Infarction</measure>
    <time_frame>30 Days (after randomization); 6 months (after randomization)</time_frame>
  </other_outcome>
  <other_outcome>
    <measure>Clinically important atrial fibrillation</measure>
    <time_frame>30 Days (after randomization); 6 months (after randomization)</time_frame>
  </other_outcome>
  <other_outcome>
    <measure>Symptomatic proximal venous thrombo-embolism</measure>
    <time_frame>30 Days (after randomization); 6 months (after randomization)</time_frame>
  </other_outcome>
  <other_outcome>
    <measure>Stroke</measure>
    <time_frame>30 Days (after randomization); 6 months (after randomization)</time_frame>
  </other_outcome>
  <other_outcome>
    <measure>Non-fatal cardiac arrest</measure>
    <time_frame>30 Days (after randomization); 6 months (after randomization)</time_frame>
  </other_outcome>
  <other_outcome>
    <measure>Clostridium difficile-associated diarrhea</measure>
    <time_frame>30 Days (after randomization); 6 months (after randomization)</time_frame>
  </other_outcome>
  <other_outcome>
    <measure>Indwelling device</measure>
    <time_frame>30 Days (after randomization); 6 months (after randomization)</time_frame>
  </other_outcome>
  <other_outcome>
    <measure>COVID-19 Infection</measure>
    <time_frame>30 Days (after randomization); 6 months (after randomization)</time_frame>
  </other_outcome>
  <other_outcome>
    <measure>Delirium</measure>
    <time_frame>30 Days (after randomization); 6 months (after randomization)</time_frame>
    <description>Positive history of delirium in hospital health records, positive 3D-CAM assessment, or FAM-CAM assessment. Assessments performed by telephone or in person.</description>
  </other_outcome>
  <other_outcome>
    <measure>Surgeon, family physician, or specialist in-person clinic visit</measure>
    <time_frame>30 Days (after randomization); 6 months (after randomization)</time_frame>
  </other_outcome>
  <other_outcome>
    <measure>Sepsis</measure>
    <time_frame>30 Days (after randomization); 6 months (after randomization)</time_frame>
  </other_outcome>
  <other_outcome>
    <measure>Acute Heart Failure</measure>
    <time_frame>30 Days (after randomization); 6 months (after randomization)</time_frame>
  </other_outcome>
  <other_outcome>
    <measure>Surgeon, family physician, or specialist virtual visit</measure>
    <time_frame>30 Days (after randomization); 6 months (after randomization)</time_frame>
  </other_outcome>
  <number_of_arms>2</number_of_arms>
  <enrollment type="Actual">905</enrollment>
  <condition>Surgery</condition>
  <condition>Perioperative Complication</condition>
  <condition>COVID</condition>
  <arm_group>
    <arm_group_label>Virtual Care and Remote Automated Monitoring</arm_group_label>
    <arm_group_type>Experimental</arm_group_type>
  </arm_group>
  <arm_group>
    <arm_group_label>Standard Care</arm_group_label>
    <arm_group_type>No Intervention</arm_group_type>
  </arm_group>
  <intervention>
    <intervention_type>Other</intervention_type>
    <intervention_name>Virtual Care and Remote Automated Monitoring</intervention_name>
    <description>Patients will measure daily vitals (blood pressure, heart rate, respiratory rate, oxygen saturation, temperature, weight) with remote monitoring technology and complete recovery surveys daily in home after discharge from hospital. Patients will interact with a virtual nurse daily on days 1-15 and every other day from days 16-30. If the patient's RAM measurements exceed predetermined thresholds, the patient reports specific symptoms (e.g., shortness of breath), a drug error is identified, or the virtual nurse has concerns about the patient's health that they cannot resolve, the virtual nurse will escalate care to a pre-assigned and available physician. Physicians will add or modify treatments as needed, and if required, they will have the patient come to an outpatient facility for evaluation or management. Via secure video or text messaging, patients will also have access to a virtual nurse at night, for any urgent issues.</description>
    <arm_group_label>Virtual Care and Remote Automated Monitoring</arm_group_label>
  </intervention>
  <eligibility>
    <criteria>
      <textblock>
        Inclusion Criteria:&#xD;
&#xD;
          1. are ≥40 years of age;&#xD;
&#xD;
          2. have undergone same-day or inpatient semi-urgent, urgent, or emergency surgery and are&#xD;
             being discharged home or are within 24 hours after discharge home, as long as they&#xD;
             have not had acute-hospital care since their discharge; and&#xD;
&#xD;
          3. provide informed consent to participate.&#xD;
&#xD;
        Exclusion Criteria:&#xD;
&#xD;
          1. underwent same-day surgery and the surgeon or anesthesiologist believe the case&#xD;
             reflects a traditional same-day surgery case with a low likelihood of needing&#xD;
             acute-hospital care;&#xD;
&#xD;
          2. went to rehabilitation or convalescent care for more than 7 days after undergoing&#xD;
             surgery;&#xD;
&#xD;
          3. are unable to communicate with research staff, complete study surveys, or undertake an&#xD;
             interview using a tablet computer due to a cognitive, language, visual, or hearing&#xD;
             impairment; or&#xD;
&#xD;
          4. reside in an area without cellular network coverage and no home Wi-Fi.&#xD;
      </textblock>
    </criteria>
    <gender>All</gender>
    <minimum_age>40 Years</minimum_age>
    <maximum_age>N/A</maximum_age>
    <healthy_volunteers>No</healthy_volunteers>
  </eligibility>
  <overall_official>
    <last_name>Michael McGillion, PhD</last_name>
    <role>Principal Investigator</role>
    <affiliation>McMaster University, Population Health Research Institute</affiliation>
  </overall_official>
  <overall_official>
    <last_name>PJ Devereaux, PhD</last_name>
    <role>Principal Investigator</role>
    <affiliation>McMaster University, Population Health Research Institute</affiliation>
  </overall_official>
  <location>
    <facility>
      <name>University of Alberta Hospital</name>
      <address>
        <city>Edmonton</city>
        <state>Alberta</state>
        <country>Canada</country>
      </address>
    </facility>
  </location>
  <location>
    <facility>
      <name>The Ottawa Hospital</name>
      <address>
        <city>Ottawa</city>
        <state>Ontario</state>
        <country>Canada</country>
      </address>
    </facility>
  </location>
  <location>
    <facility>
      <name>Hamilton General Hospital</name>
      <address>
        <city>Hamilton</city>
        <country>Canada</country>
      </address>
    </facility>
  </location>
  <location>
    <facility>
      <name>Juravinski Hospital</name>
      <address>
        <city>Hamilton</city>
        <country>Canada</country>
      </address>
    </facility>
  </location>
  <location>
    <facility>
      <name>St. Joseph's Healthcare Hamilton</name>
      <address>
        <city>Hamilton</city>
        <country>Canada</country>
      </address>
    </facility>
  </location>
  <location>
    <facility>
      <name>Kingston Health Sciences Centre</name>
      <address>
        <city>Kingston</city>
        <country>Canada</country>
      </address>
    </facility>
  </location>
  <location>
    <facility>
      <name>London Health Sciences Centre</name>
      <address>
        <city>London</city>
        <country>Canada</country>
      </address>
    </facility>
  </location>
  <location_countries>
    <country>Canada</country>
  </location_countries>
  <verification_date>November 2020</verification_date>
  <study_first_submitted>April 9, 2020</study_first_submitted>
  <study_first_submitted_qc>April 9, 2020</study_first_submitted_qc>
  <study_first_posted type="Actual">April 14, 2020</study_first_posted>
  <last_update_submitted>November 20, 2020</last_update_submitted>
  <last_update_submitted_qc>November 20, 2020</last_update_submitted_qc>
  <last_update_posted type="Actual">November 23, 2020</last_update_posted>
  <responsible_party>
    <responsible_party_type>Sponsor</responsible_party_type>
  </responsible_party>
  <keyword>Virtual care</keyword>
  <keyword>Remote monitoring</keyword>
  <keyword>Days alive at home</keyword>
  <patient_data>
    <sharing_ipd>No</sharing_ipd>
  </patient_data>
  <!-- Results have not yet been posted for this study                                          -->
</clinical_study>

