<?xml version="1.0" encoding="UTF-8"?>
<clinical_study rank="2071">
  <!-- This xml conforms to an XML Schema at:
    https://clinicaltrials.gov/ct2/html/images/info/public.xsd -->
  <required_header>
    <download_date>ClinicalTrials.gov processed this data on February 18, 2021</download_date>
    <link_text>Link to the current ClinicalTrials.gov record.</link_text>
    <url>https://clinicaltrials.gov/show/NCT04358926</url>
  </required_header>
  <id_info>
    <org_study_id>120-20-ASF</org_study_id>
    <nct_id>NCT04358926</nct_id>
  </id_info>
  <brief_title>Hyperbaric Oxygen Therapy Effect in COVID-19 RCT (HBOTCOVID19)</brief_title>
  <acronym>HBOTCOVID19</acronym>
  <official_title>Hyperbaric Oxygen Therapy Effect in COVID-19 RCT (HBOTCOVID19)</official_title>
  <sponsors>
    <lead_sponsor>
      <agency>Assaf-Harofeh Medical Center</agency>
      <agency_class>Other</agency_class>
    </lead_sponsor>
  </sponsors>
  <source>Assaf-Harofeh Medical Center</source>
  <oversight_info>
    <has_dmc>No</has_dmc>
    <is_fda_regulated_drug>No</is_fda_regulated_drug>
    <is_fda_regulated_device>No</is_fda_regulated_device>
    <is_us_export>No</is_us_export>
  </oversight_info>
  <brief_summary>
    <textblock>
      The 2019-20 coronavirus disease, caused by COVID-19, is an ongoing pandemic.So far, no&#xD;
      specific treatment has proven efficacy. Recent case series reported the use of Hyperbaric&#xD;
      Oxygen Therapy (HBOT) on 5 severe COVID-19 patients who developed respiratory insufficiency.&#xD;
      HBOT mechanisms of tissue oxygenation and anti-inflammatory effect may explain these&#xD;
      findings.&#xD;
&#xD;
      The purpose of the current study is the evaluate the efficacy of HBOT in moderate-severe&#xD;
      COVID-19 patients in a randomized controlled manner.&#xD;
    </textblock>
  </brief_summary>
  <detailed_description>
    <textblock>
      The 2019-20 coronavirus disease, caused by COVID-19, is an ongoing pandemic. The outbreak&#xD;
      started in Wuhan, Hubei province, China, in December 2019 and the World Health Organization&#xD;
      (WHO) recognized it as a pandemic on 11 March 2020. Up to Apr 9. 2020 there are more than 2&#xD;
      million confirmed cases, and over 140,000 deaths. In Israel, COVID-19 was confirmed in more&#xD;
      12,000 cases and took the life of 140 victims. There are 323 mild admitted cases, 170&#xD;
      moderate admitted cases and 170 severe admitted cases (16.04.2020) .&#xD;
&#xD;
      Even though the general mortality rate is low (0.2-7%, country based), patients who develop&#xD;
      Acute Respiratory Distress Syndrome (ARDS) have a significantly higher mortality rate, up to&#xD;
      61-90%. COVID-19 ARDS is different, causing a rapidly progressive disease including&#xD;
      respiratory insufficiency and pulmonary fibrosis. The mechanism behind isn't clear yet, but&#xD;
      evidence points to the direction of an acute cytokines storm which include: IL-2, IL-7, GCSF,&#xD;
      InterferonGamma, TNF-alpha, Macrophage chemoattractant protein . Poor prognosis include high&#xD;
      levels of IL-6 and Ferritin.&#xD;
&#xD;
      More than 160 clinical trials have been registered, but as of April 2020, there is no proven&#xD;
      effective treatment.&#xD;
&#xD;
      The use of hyperbaric oxygen therapy (HBOT) includes breathing 100% oxygen in pressures&#xD;
      higher than 1 absolute atmospheres (ATA), increasing the amount of oxygen dissolved in the&#xD;
      plasma and the different tissues. In the last month, Chen et al. reported a case series of 5&#xD;
      severe COVID-19 patients treated with 3-8 HBOT sessions in addition to the standard therapy.&#xD;
      In all cases, they reported an increase in oxygen saturation, arterial oxygen content,lactate&#xD;
      levels reduction,fibrinogen levels decrease and increase in lymphocytes number.In addition,&#xD;
      the patients chest CT showed improved signs. Symptomatic relief started following the 2nd&#xD;
      session. No significant adverse events were reported.&#xD;
&#xD;
      These findings may be explained by the known physiological effects of HBOT, related to the&#xD;
      SARS-CoV-2 virus pathogenesis:&#xD;
&#xD;
        1. Increased competitive binding of oxygen to the hemoglobin molecule - it has been&#xD;
           postulated recently the SARS-CoV-2 bind to the heme component in the hemoglobin molecule&#xD;
           and reduces the oxygen affinity to hemoglobin. During HBOT, the increased amount of&#xD;
           available oxygen molecules increases the binding to the hemoglobin molecules. This has&#xD;
           shown significant beneficial effects in cases of another competitive molecule such as&#xD;
           carbon monoxide intoxication.&#xD;
&#xD;
        2. Tissue oxygenation - The oxygen content in the different tissues is multiplied by 25-30&#xD;
           times. This effect has two therapeutic aspects: First, overcoming pulmonary hypoxia&#xD;
           (either shunt or VQ mismatch) by increasing the FiO2 significantly. By increasing the&#xD;
           pulmonary oxygen gradient, oxygen diffusion increases and can overcome the inflammation&#xD;
           in the alveoli and the thickened fibrosis caused by ARDS. Second, during HBOT, the&#xD;
           amount of oxygen dissolved in the plasma becomes significant and enables tissue&#xD;
           oxygenation without the need of red blood cells.&#xD;
&#xD;
        3. Anti inflammatory - HBOT reduces the following inflammatory cytokines both in the&#xD;
           protein level and genes expression (mRNA): IL-2, TNF-alpha, IL-6, IL-1beta. The&#xD;
           anti-inflammatory effect has been shown in chronic diseases as well as models of acute&#xD;
           infection and massive hemorrhage.&#xD;
&#xD;
      The purpose of the current study is the evaluate the efficacy of HBOT in moderate-severe&#xD;
      COVID-19 patients in a randomized controlled manner.&#xD;
&#xD;
      Protocol&#xD;
&#xD;
      Due to the national IRB requirements the protocol includes 2 phases:&#xD;
&#xD;
      The first phase includes 5 patients who following signing an informed consent will be treated&#xD;
      with 8 sessions of HBOT , 2 sessions per day, in 4 consecutive days. During the sessions, the&#xD;
      symptoms and vitals will be monitored. 1 day following the last session, revaluation will be&#xD;
      performed.&#xD;
&#xD;
      The second phase will include 24 patients, who following signing an informed consent, will be&#xD;
      randomized 2:1 to hyperbaric oxygen therapy group and standard of care control group.&#xD;
      Following the randomization the patients will undergo baseline evaluation including symptoms,&#xD;
      vitals, pulmonary function and blood tests The ratio of arterial oxygen partial pressure&#xD;
      (PaO2 in mmHg) to fractional inspired oxygen at 5 days after enrollment was determined as the&#xD;
      primary endpoint of the study. However, the ability to draw arterial blood gases with full&#xD;
      COVID-19 protection gear was found to be challenging, more than usual inconvenient to the&#xD;
      patients and many of the patients asked to avoid it (especially the draw of second arterial&#xD;
      blood gas). Therefore, this endpoint was not completed and changed from the original&#xD;
      protocol.&#xD;
&#xD;
      . The HBOT group patients will undergo 8 sessions of either hyperbaric oxygen therapy, 2&#xD;
      sessions per day, in 4 consecutive days. During the sessions, the symptoms and vitals will be&#xD;
      monitored. 1 day following the last session, revaluation will be performed.&#xD;
&#xD;
      The control group will continue standard of care and undergo similar vitals and symptoms&#xD;
      monitoring. 5 days after baseline evaluation, revaluation will be performed.&#xD;
&#xD;
      The long 30 days outcomes of both groups will be collected.&#xD;
    </textblock>
  </detailed_description>
  <overall_status>Completed</overall_status>
  <start_date type="Actual">April 30, 2020</start_date>
  <completion_date type="Actual">November 1, 2020</completion_date>
  <primary_completion_date type="Actual">October 15, 2020</primary_completion_date>
  <phase>N/A</phase>
  <study_type>Interventional</study_type>
  <has_expanded_access>No</has_expanded_access>
  <study_design_info>
    <allocation>Randomized</allocation>
    <intervention_model>Parallel Assignment</intervention_model>
    <intervention_model_description>Randomized controlled study</intervention_model_description>
    <primary_purpose>Treatment</primary_purpose>
    <masking>Single (Outcomes Assessor)</masking>
    <masking_description>The outcome assessors will receive anonymous blinded data.</masking_description>
  </study_design_info>
  <primary_outcome>
    <measure>SpO2</measure>
    <time_frame>5 days after randomization</time_frame>
    <description>Oxygen saturation measured in % by oxygen apparatus</description>
  </primary_outcome>
  <primary_outcome>
    <measure>NEWS Score</measure>
    <time_frame>5 days after randomization</time_frame>
    <description>Early Warning Score (NEWS) calculated by the patient's vitals and condition</description>
  </primary_outcome>
  <primary_outcome>
    <measure>Inflammation level -CRP</measure>
    <time_frame>5 days after randomization</time_frame>
    <description>blood CRP level</description>
  </primary_outcome>
  <primary_outcome>
    <measure>white blood cells number</measure>
    <time_frame>5 days after randomization</time_frame>
    <description>white blood cells number</description>
  </primary_outcome>
  <primary_outcome>
    <measure>Cytokines - IL1</measure>
    <time_frame>5 days after randomization</time_frame>
    <description>blood IL1 level</description>
  </primary_outcome>
  <primary_outcome>
    <measure>Cytokines - IL2</measure>
    <time_frame>5 days after randomization</time_frame>
    <description>blood IL2 level</description>
  </primary_outcome>
  <primary_outcome>
    <measure>Cytokines - IL6</measure>
    <time_frame>5 days after randomization</time_frame>
    <description>blood IL6 level</description>
  </primary_outcome>
  <primary_outcome>
    <measure>Cytokines - IL10</measure>
    <time_frame>5 days after randomization</time_frame>
    <description>blood IL10 level</description>
  </primary_outcome>
  <primary_outcome>
    <measure>Cytokines - TNFalpha</measure>
    <time_frame>5 days after randomization</time_frame>
    <description>blood TNFalpha level</description>
  </primary_outcome>
  <primary_outcome>
    <measure>Inflammation level - procalcitonin</measure>
    <time_frame>5 days after randomization</time_frame>
    <description>blood procalcitonin level</description>
  </primary_outcome>
  <primary_outcome>
    <measure>Inflammation level - ferritin</measure>
    <time_frame>5 days after randomization</time_frame>
    <description>blood ferritin level</description>
  </primary_outcome>
  <secondary_outcome>
    <measure>Symptoms level</measure>
    <time_frame>5 days after randomization</time_frame>
    <description>Patient's reported symptoms including cough, dyspnea, etc.</description>
  </secondary_outcome>
  <secondary_outcome>
    <measure>Number of patients with IgM seroconversion</measure>
    <time_frame>5 days after randomization</time_frame>
    <description>number of patients who developed SARS-CoV-2 IgM antibodies</description>
  </secondary_outcome>
  <secondary_outcome>
    <measure>Number of patients with IgG seroconversion</measure>
    <time_frame>5 days after randomization</time_frame>
    <description>number of patients who developed SARS-CoV-2 IgG antibodies</description>
  </secondary_outcome>
  <secondary_outcome>
    <measure>FEV1/FVC</measure>
    <time_frame>5 days after randomization</time_frame>
    <description>Pulmonary function tests performed bedside</description>
  </secondary_outcome>
  <secondary_outcome>
    <measure>Time to symptoms recovery</measure>
    <time_frame>Within 30 days</time_frame>
    <description>The measured time the patient suffered symptoms until complete recovery</description>
  </secondary_outcome>
  <secondary_outcome>
    <measure>Number of patients who required invasive ventilation</measure>
    <time_frame>Within 30 days</time_frame>
    <description>The number of patients who required invasive ventilation during the trial</description>
  </secondary_outcome>
  <secondary_outcome>
    <measure>Time to negative virus PCR</measure>
    <time_frame>Within 30 days</time_frame>
    <description>The measured time until the patient had two negative SARS-CoV-2 PCR</description>
  </secondary_outcome>
  <secondary_outcome>
    <measure>Mortality rate</measure>
    <time_frame>Within 30 days</time_frame>
    <description>The number of patients who died</description>
  </secondary_outcome>
  <secondary_outcome>
    <measure>Number of barotrauma events (safety)</measure>
    <time_frame>5 days after randomization</time_frame>
    <description>The number of adverse events in each arm</description>
  </secondary_outcome>
  <number_of_arms>2</number_of_arms>
  <enrollment type="Actual">30</enrollment>
  <condition>COVID-19</condition>
  <condition>Desaturation of Blood</condition>
  <arm_group>
    <arm_group_label>Hyperbaric oxygen therapy</arm_group_label>
    <arm_group_type>Active Comparator</arm_group_type>
    <description>8 sessions in 4 days hyperbaric oxygen therapy</description>
  </arm_group>
  <arm_group>
    <arm_group_label>Control</arm_group_label>
    <arm_group_type>No Intervention</arm_group_type>
    <description>Standard of care</description>
  </arm_group>
  <intervention>
    <intervention_type>Device</intervention_type>
    <intervention_name>Hyperbaric oxygen therapy</intervention_name>
    <description>8 sessions in 4 days of breathing 100% oxygen in 2.2 ATA. Each session is 60 minutes. 1 meter/minute compression/decompression</description>
    <arm_group_label>Hyperbaric oxygen therapy</arm_group_label>
  </intervention>
  <eligibility>
    <criteria>
      <textblock>
        Inclusion Criteria:&#xD;
&#xD;
          -  Within 7 days of patient's need of oxygen supply&#xD;
&#xD;
          -  Positive SARS-CoV-2 RT-PCR&#xD;
&#xD;
          -  At least one risk factor for bad prognosis of COVID-19: Moderate-severe Asthma,&#xD;
             Diabetes mellitus, Cardiac conditions (congestive heart failure, coronary disease,&#xD;
             cardiomyopathy, pulmonary hypertension), severe obesity (BMI&gt;40), age&gt;65,&#xD;
             immunodeficiency, chronic liver disease.&#xD;
&#xD;
          -  Respiratory insufficiency : Room Air SpO2 &lt;94% or PaO2/FiO2&lt;300mmHg&#xD;
&#xD;
          -  Age&gt;18&#xD;
&#xD;
          -  Ability to sign an informed consent&#xD;
&#xD;
        Exclusion Criteria:&#xD;
&#xD;
          -  HBOT contraindication: pneumothorax, pneumomediastinum, claustrophobia, ear/sinus&#xD;
             disease which aren't allowed in HBOT, known chronic pulmonary disease: severe&#xD;
             emphysema or known pulmonary bullae.&#xD;
&#xD;
          -  Pregnancy&#xD;
&#xD;
          -  Inability to sign an informed consent&#xD;
      </textblock>
    </criteria>
    <gender>All</gender>
    <minimum_age>18 Years</minimum_age>
    <maximum_age>N/A</maximum_age>
    <healthy_volunteers>No</healthy_volunteers>
  </eligibility>
  <overall_official>
    <last_name>Amir Hadanny, MD</last_name>
    <role>Principal Investigator</role>
    <affiliation>Shamir Medical Center</affiliation>
  </overall_official>
  <location>
    <facility>
      <name>Amir Hadanny</name>
      <address>
        <city>Zerifin</city>
        <country>Israel</country>
      </address>
    </facility>
  </location>
  <location_countries>
    <country>Israel</country>
  </location_countries>
  <reference>
    <citation>Goh KJ, Choong MC, Cheong EH, Kalimuddin S, Duu Wen S, Phua GC, Chan KS, Haja Mohideen S. Rapid Progression to Acute Respiratory Distress Syndrome: Review of Current Understanding of Critical Illness from COVID-19 Infection. Ann Acad Med Singap. 2020 Mar 16;49(3):108-118.</citation>
    <PMID>32200400</PMID>
  </reference>
  <reference>
    <citation>Mehta P, McAuley DF, Brown M, Sanchez E, Tattersall RS, Manson JJ; HLH Across Speciality Collaboration, UK. COVID-19: consider cytokine storm syndromes and immunosuppression. Lancet. 2020 Mar 28;395(10229):1033-1034. doi: 10.1016/S0140-6736(20)30628-0. Epub 2020 Mar 16.</citation>
    <PMID>32192578</PMID>
  </reference>
  <reference>
    <citation>Ruan Q, Yang K, Wang W, Jiang L, Song J. Clinical predictors of mortality due to COVID-19 based on an analysis of data of 150 patients from Wuhan, China. Intensive Care Med. 2020 May;46(5):846-848. doi: 10.1007/s00134-020-05991-x. Epub 2020 Mar 3. Erratum in: Intensive Care Med. 2020 Apr 6;:.</citation>
    <PMID>32125452</PMID>
  </reference>
  <reference>
    <citation>Rogatsky GG, Mayevsky A. The life-saving effect of hyperbaric oxygenation during early-phase severe blunt chest injuries. Undersea Hyperb Med. 2007 Mar-Apr;34(2):75-81.</citation>
    <PMID>17520858</PMID>
  </reference>
  <reference>
    <citation>Weaver LK, Hopkins RO, Chan KJ, Churchill S, Elliott CG, Clemmer TP, Orme JF Jr, Thomas FO, Morris AH. Hyperbaric oxygen for acute carbon monoxide poisoning. N Engl J Med. 2002 Oct 3;347(14):1057-67.</citation>
    <PMID>12362006</PMID>
  </reference>
  <verification_date>November 2020</verification_date>
  <study_first_submitted>April 21, 2020</study_first_submitted>
  <study_first_submitted_qc>April 21, 2020</study_first_submitted_qc>
  <study_first_posted type="Actual">April 24, 2020</study_first_posted>
  <last_update_submitted>February 1, 2021</last_update_submitted>
  <last_update_submitted_qc>February 1, 2021</last_update_submitted_qc>
  <last_update_posted type="Actual">February 3, 2021</last_update_posted>
  <responsible_party>
    <responsible_party_type>Sponsor</responsible_party_type>
  </responsible_party>
  <patient_data>
    <sharing_ipd>Yes</sharing_ipd>
    <ipd_description>Sharing upon specific requests will be considered</ipd_description>
    <ipd_info_type>Study Protocol</ipd_info_type>
    <ipd_info_type>Statistical Analysis Plan (SAP)</ipd_info_type>
    <ipd_info_type>Informed Consent Form (ICF)</ipd_info_type>
    <ipd_time_frame>Within 1 month of request</ipd_time_frame>
    <ipd_access_criteria>Specific requests</ipd_access_criteria>
  </patient_data>
  <!-- Results have not yet been posted for this study                                          -->
</clinical_study>

