<?xml version="1.0" encoding="UTF-8"?>
<clinical_study rank="1762">
  <!-- This xml conforms to an XML Schema at:
    https://clinicaltrials.gov/ct2/html/images/info/public.xsd -->
  <required_header>
    <download_date>ClinicalTrials.gov processed this data on February 18, 2021</download_date>
    <link_text>Link to the current ClinicalTrials.gov record.</link_text>
    <url>https://clinicaltrials.gov/show/NCT04598594</url>
  </required_header>
  <id_info>
    <org_study_id>APHP200537</org_study_id>
    <secondary_id>2020-003723-42</secondary_id>
    <nct_id>NCT04598594</nct_id>
  </id_info>
  <brief_title>Evaluation of the Efficacy of Nicotine Patches in SARS-CoV2 (COVID-19) Infection in Intensive Care Unit Patients</brief_title>
  <acronym>NICOVID-REA</acronym>
  <official_title>Evaluation of the Efficacy of Nicotine Patches in SARS-CoV2 (COVID-19) Infection in Intensive Care Unit Patients</official_title>
  <sponsors>
    <lead_sponsor>
      <agency>Assistance Publique - Hôpitaux de Paris</agency>
      <agency_class>Other</agency_class>
    </lead_sponsor>
  </sponsors>
  <source>Assistance Publique - Hôpitaux de Paris</source>
  <oversight_info>
    <has_dmc>Yes</has_dmc>
    <is_fda_regulated_drug>No</is_fda_regulated_drug>
    <is_fda_regulated_device>No</is_fda_regulated_device>
  </oversight_info>
  <brief_summary>
    <textblock>
      There is currently no known treatment for COVID19. Active smokers are infrequent among&#xD;
      patients with COVID-19 which has led our team to hypothesize that nicotine is responsible for&#xD;
      this protective effect via the nicotinic acetylcholine receptor (nAChR). In fact, nAChR&#xD;
      possess the ability to modulate ACE2 expression, the cellular doorway for SARS-CoV2. nAChR&#xD;
      modulation by the virus would be responsible for the numerous clinical signs observed in&#xD;
      COVID-19, including the cytokine storm manifested in intensive care hyperinflammatory&#xD;
      patients.&#xD;
&#xD;
      Based on epidemiological data and experimental data from scientific literature, our team&#xD;
      hypothesize that nicotine could inhibit the penetration and propagation of SARS-CoV2. Our&#xD;
      team also claim that nicotine could attenuate the hyperinflammatory response and cytokine&#xD;
      storm leading to acute respiratory failure and a probable multi-organ failure associated with&#xD;
      COVID19.&#xD;
    </textblock>
  </brief_summary>
  <overall_status>Recruiting</overall_status>
  <start_date type="Actual">November 6, 2020</start_date>
  <completion_date type="Anticipated">November 2021</completion_date>
  <primary_completion_date type="Anticipated">September 2021</primary_completion_date>
  <phase>Phase 3</phase>
  <study_type>Interventional</study_type>
  <has_expanded_access>No</has_expanded_access>
  <study_design_info>
    <allocation>Randomized</allocation>
    <intervention_model>Parallel Assignment</intervention_model>
    <primary_purpose>Treatment</primary_purpose>
    <masking>Double (Participant, Investigator)</masking>
  </study_design_info>
  <primary_outcome>
    <measure>Mortality</measure>
    <time_frame>Day 28</time_frame>
  </primary_outcome>
  <secondary_outcome>
    <measure>Mortality</measure>
    <time_frame>Day 60</time_frame>
  </secondary_outcome>
  <secondary_outcome>
    <measure>Time before successful extubation</measure>
    <time_frame>Day 60</time_frame>
    <description>Without reintubation or death in the following 48 hours for tracheotomized patients: alive and not ventilated for 48 hours (with death and LATA in competitive risks).</description>
  </secondary_outcome>
  <secondary_outcome>
    <measure>Number of days living without invasive mechanical ventilation</measure>
    <time_frame>Day 28</time_frame>
  </secondary_outcome>
  <secondary_outcome>
    <measure>Composite score incorporating death and the number of days living without mechanical ventilation</measure>
    <time_frame>Day 60</time_frame>
    <description>This is a ranked composite score that incorporates death and days free from mechanical ventilation through day 28, calculated in such a manner that death constitutes a worse outcome than fewer days off the ventilator.16 Time free from mechanical ventilation was calculated as the number of days between successful liberation from the ventilator and study day 60. Each patient was compared with every other patient in the study and assigned a score (tie: 0, win: +1, loss: -1) for each pairwise comparison based on whom fared better</description>
  </secondary_outcome>
  <secondary_outcome>
    <measure>Mean evolution of blood gases</measure>
    <time_frame>Day 1 to Day 14</time_frame>
    <description>measured each day from day 1 to day 14</description>
  </secondary_outcome>
  <secondary_outcome>
    <measure>Mean evolution of Tidal Volume (ventilator parameters)</measure>
    <time_frame>Day 1 to Day 14</time_frame>
    <description>measured each day from day 1 to day 14</description>
  </secondary_outcome>
  <secondary_outcome>
    <measure>Mean evolution of respiratory rate (ventilator parameters)</measure>
    <time_frame>Day 1 to Day 14</time_frame>
    <description>measured each day from day 1 to day 14</description>
  </secondary_outcome>
  <secondary_outcome>
    <measure>Mean evolution of Positive Expiratory Pressure (ventilator parameters)</measure>
    <time_frame>Day 1 to Day 14</time_frame>
    <description>measured each day from day 1 to day 14</description>
  </secondary_outcome>
  <secondary_outcome>
    <measure>Mean evolution of plateau pressure (ventilator parameters)</measure>
    <time_frame>Day 1 to Day 14</time_frame>
    <description>measured each day from day 1 to day 14</description>
  </secondary_outcome>
  <secondary_outcome>
    <measure>Mean evolution of fraction of inspired oxygen (ventilator parameters)</measure>
    <time_frame>Day 1 to Day 14</time_frame>
    <description>measured each day from day 1 to day 14</description>
  </secondary_outcome>
  <secondary_outcome>
    <measure>Evolution of the Sequential Organ Failure Assessment (SOFA) score and its components by organ</measure>
    <time_frame>Day 1 to Day 28</time_frame>
    <description>A higher score indicate a worse outcome</description>
  </secondary_outcome>
  <secondary_outcome>
    <measure>Number of days alive without organ failure</measure>
    <time_frame>Day 28, day 60</time_frame>
  </secondary_outcome>
  <secondary_outcome>
    <measure>Duration of hospitalization in intensive care unit</measure>
    <time_frame>From day 1 up to 3 months</time_frame>
  </secondary_outcome>
  <secondary_outcome>
    <measure>Duration of hospitalization in hospital</measure>
    <time_frame>From day 1 up to 3 months</time_frame>
  </secondary_outcome>
  <secondary_outcome>
    <measure>Number of days alive and out of the ICU and hospital</measure>
    <time_frame>Day 28, day 60</time_frame>
  </secondary_outcome>
  <secondary_outcome>
    <measure>Evolution of viral load</measure>
    <time_frame>Day 7, Day 14 or day of ICU discharge if before day 14</time_frame>
    <description>samples taken on D7 and D14 or the day of discharge from intensive care unit if before D14</description>
  </secondary_outcome>
  <secondary_outcome>
    <measure>Proportion of active smoker or active vapers or taking nicotine substitutes documented by examination</measure>
    <time_frame>2 weeks after treatment decrease, 8 weeks after treatment decrease</time_frame>
  </secondary_outcome>
  <secondary_outcome>
    <measure>Proportion of active smoker or active vapers or taking nicotine substitutes documented by urinary cotinine</measure>
    <time_frame>2 weeks after treatment decrease, 8 weeks after treatment decrease</time_frame>
  </secondary_outcome>
  <secondary_outcome>
    <measure>Mean score of Desire to smoke defined by French Tobacco Craving scale</measure>
    <time_frame>2 weeks after treatment decrease, 8 weeks after treatment decrease</time_frame>
  </secondary_outcome>
  <secondary_outcome>
    <measure>Mean score of Withdrawal symptoms scale</measure>
    <time_frame>2 weeks after treatment decrease, 8 weeks after treatment decrease</time_frame>
  </secondary_outcome>
  <secondary_outcome>
    <measure>Mean score of Hospital anxiety and depression scale</measure>
    <time_frame>2 weeks after treatment decrease, 8 weeks after treatment decrease</time_frame>
  </secondary_outcome>
  <secondary_outcome>
    <measure>Post traumatic stress disorder scale</measure>
    <time_frame>2 weeks after treatment decrease, 8 weeks after treatment decrease</time_frame>
  </secondary_outcome>
  <secondary_outcome>
    <measure>Mean score of Insomnia severity scale</measure>
    <time_frame>2 weeks after treatment decrease</time_frame>
  </secondary_outcome>
  <secondary_outcome>
    <measure>Cotinin rate in blood</measure>
    <time_frame>8 weeks after treatment decrease</time_frame>
  </secondary_outcome>
  <number_of_arms>2</number_of_arms>
  <enrollment type="Anticipated">220</enrollment>
  <condition>Covid19</condition>
  <condition>SARS-Associated Coronavirus as Cause of Disease Classified Elsewhere</condition>
  <arm_group>
    <arm_group_label>Nicotine patch</arm_group_label>
    <arm_group_type>Experimental</arm_group_type>
  </arm_group>
  <arm_group>
    <arm_group_label>Placebo patch</arm_group_label>
    <arm_group_type>Placebo Comparator</arm_group_type>
  </arm_group>
  <intervention>
    <intervention_type>Drug</intervention_type>
    <intervention_name>Patch, Nicotine</intervention_name>
    <description>Two patches of 7 mg/day Treatment at 14 mg/day during mechanical ventilation since after first successful extubation then, dose decreasing: Week 1: 10,5 mg/day Week 2 : 7 mg/day Week 3 : 3,5 mg/day</description>
    <arm_group_label>Nicotine patch</arm_group_label>
  </intervention>
  <intervention>
    <intervention_type>Drug</intervention_type>
    <intervention_name>Patch, Placebo</intervention_name>
    <description>Two patches of 7 mg/day Treatment at 14 mg/day during mechanical ventilation since after first successful extubation then, dose decreasing: Week 1: 10,5 mg/day Week 2 : 7 mg/day Week 3 : 3,5 mg/day</description>
    <arm_group_label>Placebo patch</arm_group_label>
  </intervention>
  <eligibility>
    <criteria>
      <textblock>
        Inclusion Criteria:&#xD;
&#xD;
          1. Patient ≥ 18 years&#xD;
&#xD;
          2. Documented diagnosis of COVID 19 (according to the tests referenced on the list&#xD;
             published on the website : https://covid-19.sante.gouv.fr.tests)&#xD;
&#xD;
          3. Hospitalized in intensive care unit, intubated and mechanically ventilated for less&#xD;
             than 48 hours&#xD;
&#xD;
          4. Non-smoker and non-vaping or abstinent patient for at least 12 months&#xD;
&#xD;
          5. Obtain written informed consent from a relative / relative / support person. In the&#xD;
             absence of a close/relative/trusted person, the patient may be included according to&#xD;
             the emergency procedure by the investigating doctor.&#xD;
&#xD;
          6. Affiliated to a social security scheme or beneficiary of such a scheme (AME excluded)&#xD;
&#xD;
        Exclusion Criteria:&#xD;
&#xD;
          1. Chronic respiratory failure defined by PaCO2&gt; 60 mmHg in ambulatory patients&#xD;
             (respiratory parameters at baseline).&#xD;
&#xD;
          2. Mechanical ventilation at home (non-invasive mechanical ventilation or via a&#xD;
             tracheostomy) with the exception of CPAP / BIPAP used only for sleep apnea syndromes&#xD;
&#xD;
          3. Predictable mechanical ventilation duration &lt;48 hours&#xD;
&#xD;
          4. Moribund patient or death expected on the day of randomization, or with a SAPS II&#xD;
             score&gt; 90&#xD;
&#xD;
          5. Cerebral deficiency with dilated areactive pupils or irreversible neurological&#xD;
             pathology.&#xD;
&#xD;
          6. Other concomitant severe pathology with an estimated life expectancy of less than 1&#xD;
             year&#xD;
&#xD;
          7. Treatment with nicotine replacement therapy or varenicline or bupropion ongoing&#xD;
&#xD;
          8. Contraindication for nicotine patches:&#xD;
&#xD;
               -  Pregnant or breastfeeding women&#xD;
&#xD;
               -  Allergy to nicotine or to one of the excipients of the transdermal patch&#xD;
&#xD;
               -  Generalized skin pathologies&#xD;
&#xD;
               -  Cerebrovascular accident or acute coronary syndrome for less than 3 months&#xD;
&#xD;
               -  Pheochromocytoma&#xD;
&#xD;
               -  Unstable or worsening angor&#xD;
&#xD;
               -  Severe cardiac arrhythmia (Defined by wearing an automatic implantable&#xD;
                  defibrillator)&#xD;
&#xD;
               -  Known severe heart failure (Defined, for this study, by systolic LV dysfunction&#xD;
                  with an LV ejection fraction (LVEF) of less than 30%)&#xD;
&#xD;
               -  Severe renal failure (Defined by KDIGO stage 3)&#xD;
&#xD;
               -  Severe hepatic impairment (Defined by a factor V &lt;30%)&#xD;
&#xD;
               -  Arteriopathy obliterating of the lower limbs stage III and IV&#xD;
&#xD;
               -  Uncontrolled hyperthyroidism&#xD;
&#xD;
               -  Gastroduodenal esophagitis or ulcer undergoing treatment or active&#xD;
&#xD;
          9. Patient under guardianship or curatorship&#xD;
&#xD;
         10. Patient deprived of liberty by judicial or administrative decision&#xD;
&#xD;
         11. Patient included in another interventional trial evaluating a health product&#xD;
      </textblock>
    </criteria>
    <gender>All</gender>
    <minimum_age>18 Years</minimum_age>
    <maximum_age>N/A</maximum_age>
    <healthy_volunteers>No</healthy_volunteers>
  </eligibility>
  <overall_official>
    <last_name>Alain COMBES, MD</last_name>
    <role>Principal Investigator</role>
    <affiliation>Assistance Publique - Hôpitaux de Paris</affiliation>
  </overall_official>
  <overall_contact>
    <last_name>Alain COMBES, MD</last_name>
    <phone>+33 1 42 16 38 18</phone>
    <email>alain.combes@aphp.fr</email>
  </overall_contact>
  <overall_contact_backup>
    <last_name>Guylaine LABRO, MD</last_name>
    <email>guylainelabro@hotmail.fr</email>
  </overall_contact_backup>
  <location>
    <facility>
      <name>Centre Hospitalier Victor Dupouy - Service de Réanimation polyvalente et USC</name>
      <address>
        <city>Argenteuil</city>
        <zip>95100</zip>
        <country>France</country>
      </address>
    </facility>
    <status>Recruiting</status>
    <contact>
      <last_name>Gaetan PLANTEFEVE, MD</last_name>
      <email>gaetan.plantefeve@ch-argenteuil.fr</email>
    </contact>
  </location>
  <location>
    <facility>
      <name>CHRU de Besançon - Service de Médecine Intensive Réanimation</name>
      <address>
        <city>Besançon</city>
        <zip>25030</zip>
        <country>France</country>
      </address>
    </facility>
    <status>Not yet recruiting</status>
    <contact>
      <last_name>Gaël PITON, MD</last_name>
      <email>gpiton@chu-besancon.fr</email>
    </contact>
  </location>
  <location>
    <facility>
      <name>Centre Hospitalier Sud Francilien - Service de réanimation</name>
      <address>
        <city>Corbeil-Essonnes</city>
        <zip>91100</zip>
        <country>France</country>
      </address>
    </facility>
    <status>Recruiting</status>
    <contact>
      <last_name>Guillaume CHEVREL, MD</last_name>
      <email>guillaume.chevrel@chsf.fr</email>
    </contact>
  </location>
  <location>
    <facility>
      <name>CHU Dijon - Hôpital François Miterrand Service de Médecine Intensive Réanimation</name>
      <address>
        <city>Dijon</city>
        <zip>22033</zip>
        <country>France</country>
      </address>
    </facility>
    <status>Recruiting</status>
    <contact>
      <last_name>Jean-Pierre QUENOT, MD</last_name>
    </contact>
  </location>
  <location>
    <facility>
      <name>Hôpital Simone VEIL - Service d'Anesthésie-Réanimation</name>
      <address>
        <city>Eaubonne</city>
        <zip>95000</zip>
        <country>France</country>
      </address>
    </facility>
    <status>Not yet recruiting</status>
    <contact>
      <last_name>Evelyna OCHIN, MD</last_name>
      <email>evelina.ochin@ch-simoneveil.fr</email>
    </contact>
  </location>
  <location>
    <facility>
      <name>Grand Hôpital de l'Est Francilien - Site Jossigny - Réanimation</name>
      <address>
        <city>Jossigny</city>
        <zip>77600</zip>
        <country>France</country>
      </address>
    </facility>
    <status>Not yet recruiting</status>
    <contact>
      <last_name>Jonathan ZARKA, MD</last_name>
      <email>jzarka@ghef.fr</email>
    </contact>
  </location>
  <location>
    <facility>
      <name>Hôpital Bicêtre - Service de Médecine Intensive Réanimation</name>
      <address>
        <city>Le Kremlin-Bicêtre</city>
        <zip>94270</zip>
        <country>France</country>
      </address>
    </facility>
    <status>Recruiting</status>
    <contact>
      <last_name>David OSMAN, MD</last_name>
      <email>david.osman@aphp.fr</email>
    </contact>
  </location>
  <location>
    <facility>
      <name>Grand Hôpital de l'Est Francilien Site Meaux - Service de Réanimation Médico-Chirurgicale</name>
      <address>
        <city>Meaux</city>
        <zip>77104</zip>
        <country>France</country>
      </address>
    </facility>
    <status>Not yet recruiting</status>
    <contact>
      <last_name>Vivien HONG TUAN HA, MD</last_name>
      <email>vhongtuanha@ghef.fr</email>
    </contact>
  </location>
  <location>
    <facility>
      <name>Groupement Hospitalier de la Région de Mulhouse Sud Alsace - Hop Emile MULLER</name>
      <address>
        <city>Mulhouse</city>
        <zip>68100</zip>
        <country>France</country>
      </address>
    </facility>
    <status>Recruiting</status>
    <contact>
      <last_name>Guylaine LABRO, MD</last_name>
      <email>guylaine.labro@ghrmsa.fr</email>
    </contact>
  </location>
  <location>
    <facility>
      <name>CHU Nice - Hôpital L'Archet 1 - Service de Médecine Intensive Réanimation</name>
      <address>
        <city>Nice</city>
        <zip>06000</zip>
        <country>France</country>
      </address>
    </facility>
    <status>Recruiting</status>
    <contact>
      <last_name>Denis DOYEN, MD</last_name>
      <email>doyen.d@chu-nice.fr</email>
    </contact>
  </location>
  <location>
    <facility>
      <name>CHR Orléans Service de Médecine Intensive Réanimation</name>
      <address>
        <city>Orléans</city>
        <zip>45067</zip>
        <country>France</country>
      </address>
    </facility>
    <status>Recruiting</status>
    <contact>
      <last_name>Grégoire MULLER, MD</last_name>
      <email>gregoire.muller@chr-orleans.fr</email>
    </contact>
  </location>
  <location>
    <facility>
      <name>Hôpital Pitié Salpêtrière - ICU</name>
      <address>
        <city>Paris</city>
        <zip>75013</zip>
        <country>France</country>
      </address>
    </facility>
    <status>Recruiting</status>
    <contact>
      <last_name>Alexandre DEMOULE, MD</last_name>
      <email>alexandre.demoule@aphp.fr</email>
    </contact>
  </location>
  <location>
    <facility>
      <name>Hôpital Pitié Salpêtrière - ICU</name>
      <address>
        <city>Paris</city>
        <zip>75013</zip>
        <country>France</country>
      </address>
    </facility>
    <status>Not yet recruiting</status>
    <contact>
      <last_name>Sophie DEMERET, MD</last_name>
      <email>sophie.demeret@aphp.fr</email>
    </contact>
  </location>
  <location>
    <facility>
      <name>Hôpital Pitié Salpêtrière - Intensive care unit</name>
      <address>
        <city>Paris</city>
        <zip>75013</zip>
        <country>France</country>
      </address>
    </facility>
    <status>Recruiting</status>
    <contact>
      <last_name>Alain COMBES, MD</last_name>
      <email>alain.combes@aphp.fr</email>
    </contact>
  </location>
  <location>
    <facility>
      <name>Institut Mutualiste Montsouris Service de Réanimation Polyvalente</name>
      <address>
        <city>Paris</city>
        <zip>75014</zip>
        <country>France</country>
      </address>
    </facility>
    <status>Not yet recruiting</status>
    <contact>
      <last_name>Christian LAMER, MD</last_name>
      <email>christian.lamer@imm.fr</email>
    </contact>
  </location>
  <location>
    <facility>
      <name>Hôpital Tenon - Service de Médecine Intensive Réanimation</name>
      <address>
        <city>Paris</city>
        <zip>75020</zip>
        <country>France</country>
      </address>
    </facility>
    <status>Recruiting</status>
    <contact>
      <last_name>Matthieu TURPIN, MD</last_name>
      <email>matthieu.turpin@aphp.fr</email>
    </contact>
  </location>
  <location>
    <facility>
      <name>Centre Hospitalier René Dubos - Service de Réanimation Médico-Chirurgicale</name>
      <address>
        <city>Pontoise</city>
        <zip>95303</zip>
        <country>France</country>
      </address>
    </facility>
    <status>Recruiting</status>
    <contact>
      <last_name>Jean-Louis DUBOST, MD</last_name>
      <email>jean-louis.dubost@ght-novo.fr</email>
    </contact>
  </location>
  <location>
    <facility>
      <name>Hôpital DELAFONTAINE Service de Médecine Intensive Réanimation</name>
      <address>
        <city>Saint-Denis</city>
        <zip>93200</zip>
        <country>France</country>
      </address>
    </facility>
    <status>Not yet recruiting</status>
    <contact>
      <last_name>Daniel DA SILVA, MD</last_name>
      <email>daniel.silva@ch-stdenis.fr</email>
    </contact>
  </location>
  <location>
    <facility>
      <name>Médipôle Hôpital Privé - MHP Service de Médecine Intensive Réanimation</name>
      <address>
        <city>Villeurbanne</city>
        <zip>69100</zip>
        <country>France</country>
      </address>
    </facility>
    <status>Not yet recruiting</status>
    <contact>
      <last_name>Cyril MANZON, MD</last_name>
      <email>cmanzon@capio.fr</email>
    </contact>
  </location>
  <location_countries>
    <country>France</country>
  </location_countries>
  <verification_date>November 2020</verification_date>
  <study_first_submitted>October 15, 2020</study_first_submitted>
  <study_first_submitted_qc>October 21, 2020</study_first_submitted_qc>
  <study_first_posted type="Actual">October 22, 2020</study_first_posted>
  <last_update_submitted>January 12, 2021</last_update_submitted>
  <last_update_submitted_qc>January 12, 2021</last_update_submitted_qc>
  <last_update_posted type="Actual">January 13, 2021</last_update_posted>
  <responsible_party>
    <responsible_party_type>Sponsor</responsible_party_type>
  </responsible_party>
  <keyword>Covid19</keyword>
  <keyword>SARS-CoV2</keyword>
  <keyword>Mechanical ventilation</keyword>
  <keyword>ICU</keyword>
  <keyword>Nicotine</keyword>
  <condition_browse>
    <!-- CAUTION:  The following MeSH terms are assigned with an imperfect algorithm            -->
    <mesh_term>Coronavirus Infections</mesh_term>
    <mesh_term>Severe Acute Respiratory Syndrome</mesh_term>
  </condition_browse>
  <intervention_browse>
    <!-- CAUTION:  The following MeSH terms are assigned with an imperfect algorithm            -->
    <mesh_term>Nicotine</mesh_term>
  </intervention_browse>
  <!-- Results have not yet been posted for this study                                          -->
</clinical_study>

