<?xml version="1.0" encoding="UTF-8"?>
<clinical_study rank="1168">
  <!-- This xml conforms to an XML Schema at:
    https://clinicaltrials.gov/ct2/html/images/info/public.xsd -->
  <required_header>
    <download_date>ClinicalTrials.gov processed this data on February 18, 2021</download_date>
    <link_text>Link to the current ClinicalTrials.gov record.</link_text>
    <url>https://clinicaltrials.gov/show/NCT04674553</url>
  </required_header>
  <id_info>
    <org_study_id>16021982</org_study_id>
    <nct_id>NCT04674553</nct_id>
  </id_info>
  <brief_title>Effect of Obesity Among COVID-19 Patients in Critical Care Settings</brief_title>
  <official_title>Effect of Obesity Among COVID-19 Patients in Critical Care Settings</official_title>
  <sponsors>
    <lead_sponsor>
      <agency>Services Institute of Medical Sciences, Pakistan</agency>
      <agency_class>Other</agency_class>
    </lead_sponsor>
  </sponsors>
  <source>Services Institute of Medical Sciences, Pakistan</source>
  <oversight_info>
    <has_dmc>No</has_dmc>
    <is_fda_regulated_drug>No</is_fda_regulated_drug>
    <is_fda_regulated_device>No</is_fda_regulated_device>
  </oversight_info>
  <brief_summary>
    <textblock>
      A novel human coronavirus that is now named severe acute respiratory syndrome coronavirus 2&#xD;
      (SARS-CoV-2) (formerly called HCoV-19) emerged in Wuhan, China, in late 2019 and is now&#xD;
      causing a pandemic. Human-to-human transmission is primarily achieved through close contact&#xD;
      of respiratory droplets, direct contact with the infected individuals, or by contact with&#xD;
      contaminated objects and surfaces. As a new chapter in human life opens up, the world seems&#xD;
      to be divided into two parts pre- and post-COVID-19 era. Body mass index (BMI) is widely used&#xD;
      to define obesity and overweight in adults. A BMI between 25 and 30 indicates overweight and&#xD;
      above 30 indicates obesity. It is important to note that the levels of the inflammatory&#xD;
      cytokines found in obese people are significantly higher than those in lean people, but they&#xD;
      are still lower than those in individuals with infection or trauma. Obesity-mediated&#xD;
      alterations in the airways and immune system are extremely important at the present moment&#xD;
      considering SARS-Cov-2 infection. This study is designed to determine the effect of&#xD;
      overweight and obesity with outcomes of patients with moderate to severe COVID-19 infection&#xD;
      in critical care setting. Also, to see outcomes of assisted ventilation in obese patients.&#xD;
&#xD;
      This may help in establishing strong association of obesity with COVID-19 in our part of the&#xD;
      world. This may open new treatment strategies for COVID-19 by treating obesity as an&#xD;
      essential risk factor.&#xD;
    </textblock>
  </brief_summary>
  <detailed_description>
    <textblock>
      This Prospective Cohort Study study will be conducted in COVID-19 Intensive care unit,&#xD;
      Services hospital Lahore. it will be completed in 3 months after approval of proposal taking&#xD;
      100 patients using Non Probability Purposive sampling.&#xD;
&#xD;
      After ethical approval, research will be started and patients will be recruited from ICU&#xD;
      according to inclusion and exclusion criteria. Patients will be randomized to two groups&#xD;
      Group A with normal BMI and Group B having over weight and obese patients. They will be given&#xD;
      standard treatment as practiced and outcome will be measured in terms of recovery from&#xD;
      disease or death. Duration of stay in hospital, progression of disease, O2 requirement,&#xD;
      improvement in biochemical profile and radiology or occurrence of complications.&#xD;
&#xD;
      Data will be put in SPSS version 25 and analysis will be done.&#xD;
    </textblock>
  </detailed_description>
  <overall_status>Completed</overall_status>
  <start_date type="Actual">November 10, 2020</start_date>
  <completion_date type="Actual">December 10, 2020</completion_date>
  <primary_completion_date type="Actual">December 10, 2020</primary_completion_date>
  <study_type>Observational</study_type>
  <has_expanded_access>No</has_expanded_access>
  <study_design_info>
    <observational_model>Other</observational_model>
    <time_perspective>Cross-Sectional</time_perspective>
  </study_design_info>
  <primary_outcome>
    <measure>In-hospital mortality</measure>
    <time_frame>From date of randomization until the date of death from any cause assessed up to 4weeks of study</time_frame>
    <description>COVID-19 related mortality</description>
  </primary_outcome>
  <primary_outcome>
    <measure>Recovery from COVID-19</measure>
    <time_frame>From date of randomization until recovery and discharge from hospital assessed up to 4weeks of study</time_frame>
    <description>Negative PCR for COVID-19 and discharge from hospital</description>
  </primary_outcome>
  <secondary_outcome>
    <measure>COVID-19 severity</measure>
    <time_frame>From date of randomization until the date of first documented symptom progression assessed up to 4weeks of study</time_frame>
    <description>Mild: Asymptomatic; Moderate:; Severe:; Critical: Any one of ARDS or MOF or septic shock</description>
  </secondary_outcome>
  <secondary_outcome>
    <measure>Oxygen requirement</measure>
    <time_frame>From date of randomization until date of first documented progression assessed up to 4weeks of study</time_frame>
    <description>Mild:SpO2 &gt;94%; Moderate: SpO2&lt;94%; Severe: SpO2&lt;90% but &gt; 80%; Critical: SpO2&lt;80%</description>
  </secondary_outcome>
  <enrollment type="Actual">100</enrollment>
  <condition>Obesity</condition>
  <condition>Covid19</condition>
  <eligibility>
    <study_pop>
      <textblock>
        Asian people having COVID-19 PCR positive&#xD;
      </textblock>
    </study_pop>
    <sampling_method>Non-Probability Sample</sampling_method>
    <criteria>
      <textblock>
        Inclusion Criteria:&#xD;
&#xD;
          1. All Patients presented to ICU with PCR positive for Covid-19 .&#xD;
&#xD;
          2. Both genders included.&#xD;
&#xD;
          3. Age range 18 to 80 years.&#xD;
&#xD;
          4. Patients fulfilling Criteria for moderate to severe disease.&#xD;
&#xD;
          5. Conscious patient on initial presentation.&#xD;
&#xD;
          6. BMI range from 18-&gt; 40.&#xD;
&#xD;
        Exclusion Criteria:&#xD;
&#xD;
          1. Unable to provide free informed consent.&#xD;
&#xD;
          2. Pregnant females.&#xD;
&#xD;
          3. Gross ascites, amputation or other conditions making BMI measurement unreliable.&#xD;
      </textblock>
    </criteria>
    <gender>All</gender>
    <minimum_age>18 Years</minimum_age>
    <maximum_age>80 Years</maximum_age>
  </eligibility>
  <overall_official>
    <last_name>Mehwish Iftikhar, FCPS (Endo)</last_name>
    <role>Principal Investigator</role>
    <affiliation>SIMS</affiliation>
  </overall_official>
  <location>
    <facility>
      <name>Mehwish Iftikhar</name>
      <address>
        <city>Lahore</city>
        <state>Punjab</state>
        <zip>54000</zip>
        <country>Pakistan</country>
      </address>
    </facility>
  </location>
  <location_countries>
    <country>Pakistan</country>
  </location_countries>
  <verification_date>December 2020</verification_date>
  <study_first_submitted>December 16, 2020</study_first_submitted>
  <study_first_submitted_qc>December 16, 2020</study_first_submitted_qc>
  <study_first_posted type="Actual">December 19, 2020</study_first_posted>
  <last_update_submitted>December 16, 2020</last_update_submitted>
  <last_update_submitted_qc>December 16, 2020</last_update_submitted_qc>
  <last_update_posted type="Actual">December 19, 2020</last_update_posted>
  <responsible_party>
    <responsible_party_type>Principal Investigator</responsible_party_type>
    <investigator_affiliation>Services Institute of Medical Sciences, Pakistan</investigator_affiliation>
    <investigator_full_name>Mehwish Iftikhar</investigator_full_name>
    <investigator_title>Principal Inevstigator</investigator_title>
  </responsible_party>
  <keyword>obesity covid-19 assisted ventilation</keyword>
  <condition_browse>
    <!-- CAUTION:  The following MeSH terms are assigned with an imperfect algorithm            -->
    <mesh_term>Obesity</mesh_term>
  </condition_browse>
  <!-- Results have not yet been posted for this study                                          -->
</clinical_study>

