<?xml version="1.0" encoding="UTF-8"?>
<clinical_study rank="4117">
  <!-- This xml conforms to an XML Schema at:
    https://clinicaltrials.gov/ct2/html/images/info/public.xsd -->
  <required_header>
    <download_date>ClinicalTrials.gov processed this data on February 18, 2021</download_date>
    <link_text>Link to the current ClinicalTrials.gov record.</link_text>
    <url>https://clinicaltrials.gov/show/NCT04370886</url>
  </required_header>
  <id_info>
    <org_study_id>Recruit Blood Donors via SMS</org_study_id>
    <nct_id>NCT04370886</nct_id>
  </id_info>
  <brief_title>Recruit Blood Donors Via SMS During Epidemic of COVID-19</brief_title>
  <official_title>Recruit Blood Donors Via SMS With Different Contents During Epidemic of COVID-19</official_title>
  <sponsors>
    <lead_sponsor>
      <agency>Guangzhou Blood Center</agency>
      <agency_class>Other</agency_class>
    </lead_sponsor>
  </sponsors>
  <source>Guangzhou Blood Center</source>
  <oversight_info>
    <has_dmc>No</has_dmc>
    <is_fda_regulated_drug>No</is_fda_regulated_drug>
    <is_fda_regulated_device>No</is_fda_regulated_device>
  </oversight_info>
  <brief_summary>
    <textblock>
      The fight against the spread of the 2019-nCoV epidemic has achieved some success in China,&#xD;
      but the epidemic is far from over. A key factor making the epidemic under control in China is&#xD;
      the government's call for social distance, which has led to few people going out for&#xD;
      donation. As a result, the number of blood donors on the streets has been continuing to&#xD;
      decline. Urgent recruitment of blood donors is therefore planned during the period from 30&#xD;
      April to 10 May via emergency recruitment SMS . This study has been designed to compare which&#xD;
      information extraction frameworks would be more sensitive to blood donors in emergency&#xD;
      situations.&#xD;
    </textblock>
  </brief_summary>
  <detailed_description>
    <textblock>
      Researches has showed that that the information extraction and processing in emergency was&#xD;
      different from the normal situation. To understand what information the blood donors are more&#xD;
      sensitive to in an environment that may pose a potential threat to themselves, this&#xD;
      interventional study has been designed. Eligible blood donors in Guangzhou Blood Center has&#xD;
      been randomly divided into four groups according to their sociological variables, their&#xD;
      interval since last blood donation , their history donation times and the location of their&#xD;
      last blood donation. Three groups of donors has been randomly selected as interventional&#xD;
      groups, and will receive three kindly of emergency blood donor recruitment SMS respectively.&#xD;
      The placebo group donors will only receive a May Day greeting SMS.&#xD;
&#xD;
      One blood donor recruitment SMS will emphasize what blood services will do to ensure the&#xD;
      safety of blood donors during their donation in 2019-nCoV epidemic, one will shows&#xD;
      information about a loss-based framework, while the third one will show information about a&#xD;
      benefit-based framework .&#xD;
    </textblock>
  </detailed_description>
  <overall_status>Completed</overall_status>
  <start_date type="Actual">April 30, 2020</start_date>
  <completion_date type="Actual">May 10, 2020</completion_date>
  <primary_completion_date type="Actual">April 30, 2020</primary_completion_date>
  <phase>N/A</phase>
  <study_type>Interventional</study_type>
  <has_expanded_access>No</has_expanded_access>
  <study_design_info>
    <allocation>Randomized</allocation>
    <intervention_model>Parallel Assignment</intervention_model>
    <primary_purpose>Health Services Research</primary_purpose>
    <masking>None (Open Label)</masking>
  </study_design_info>
  <primary_outcome>
    <measure>Blood donation rate</measure>
    <time_frame>10 days</time_frame>
    <description>Blood donation rate of donors in each group</description>
  </primary_outcome>
  <number_of_arms>4</number_of_arms>
  <enrollment type="Actual">456517</enrollment>
  <condition>Blood Donation</condition>
  <arm_group>
    <arm_group_label>SMS with safty ensurance</arm_group_label>
    <arm_group_type>Experimental</arm_group_type>
    <description>SMS content in this group will be about what blood services will do to ensure the safety of blood donors' life saving donation during 2019-nCoV epidemic</description>
  </arm_group>
  <arm_group>
    <arm_group_label>SMS with saving life call-1</arm_group_label>
    <arm_group_type>Experimental</arm_group_type>
    <description>SMS content in this group will be about calling the blood donors to a life saving donation</description>
  </arm_group>
  <arm_group>
    <arm_group_label>SMS with saving life call-2</arm_group_label>
    <arm_group_type>Experimental</arm_group_type>
    <description>SMS content in this group will be about calling the blood donors to a life saving donation</description>
  </arm_group>
  <arm_group>
    <arm_group_label>SMS with holiday greeting</arm_group_label>
    <arm_group_type>Placebo Comparator</arm_group_type>
    <description>SMS content in this group will be about holiday greeting of Labour Day.</description>
  </arm_group>
  <intervention>
    <intervention_type>Behavioral</intervention_type>
    <intervention_name>blood donation SMS</intervention_name>
    <description>The literature shows that the information extraction and processing in emergency is different from the normal situation. To find the most effective emergency recruitment method during an outbreak, we intervened with a well-balanced group of donors by presenting different emergency recruitment text messages.</description>
    <arm_group_label>SMS with holiday greeting</arm_group_label>
    <arm_group_label>SMS with safty ensurance</arm_group_label>
    <arm_group_label>SMS with saving life call-1</arm_group_label>
    <arm_group_label>SMS with saving life call-2</arm_group_label>
  </intervention>
  <eligibility>
    <criteria>
      <textblock>
        Inclusion Criteria:&#xD;
&#xD;
          -  blood donors whose last turning up were between October 31, 2016 to October 31, 2019&#xD;
&#xD;
        Exclusion Criteria:&#xD;
&#xD;
          -  Blood donors who were deferral by blood screening result and other situations. Blood&#xD;
             donors who have indicated that they would not accept urgent recruitment.&#xD;
      </textblock>
    </criteria>
    <gender>All</gender>
    <minimum_age>18 Years</minimum_age>
    <maximum_age>60 Years</maximum_age>
    <healthy_volunteers>No</healthy_volunteers>
  </eligibility>
  <location>
    <facility>
      <name>Guangzhou Blood Center</name>
      <address>
        <city>Guangzhou</city>
        <state>Guangdong</state>
        <zip>510095</zip>
        <country>China</country>
      </address>
    </facility>
  </location>
  <location_countries>
    <country>China</country>
  </location_countries>
  <verification_date>April 2020</verification_date>
  <study_first_submitted>April 28, 2020</study_first_submitted>
  <study_first_submitted_qc>April 28, 2020</study_first_submitted_qc>
  <study_first_posted type="Actual">May 1, 2020</study_first_posted>
  <last_update_submitted>May 28, 2020</last_update_submitted>
  <last_update_submitted_qc>May 28, 2020</last_update_submitted_qc>
  <last_update_posted type="Actual">June 1, 2020</last_update_posted>
  <responsible_party>
    <responsible_party_type>Sponsor</responsible_party_type>
  </responsible_party>
  <!-- Results have not yet been posted for this study                                          -->
</clinical_study>

