<?xml version="1.0" encoding="UTF-8"?>
<clinical_study rank="2087">
  <!-- This xml conforms to an XML Schema at:
    https://clinicaltrials.gov/ct2/html/images/info/public.xsd -->
  <required_header>
    <download_date>ClinicalTrials.gov processed this data on February 18, 2021</download_date>
    <link_text>Link to the current ClinicalTrials.gov record.</link_text>
    <url>https://clinicaltrials.gov/show/NCT04375644</url>
  </required_header>
  <id_info>
    <org_study_id>69HCL20_0413</org_study_id>
    <nct_id>NCT04375644</nct_id>
  </id_info>
  <brief_title>Impact of the COVID-19 Pandemic on the Quality of Psychological Life (COVID-PRO-IMPACT)</brief_title>
  <acronym>COVIDPROIMPACT</acronym>
  <official_title>Impact of the COVID-19 Pandemic on the Quality of Psychological Life of Healthcare Professionals</official_title>
  <sponsors>
    <lead_sponsor>
      <agency>Hospices Civils de Lyon</agency>
      <agency_class>Other</agency_class>
    </lead_sponsor>
  </sponsors>
  <source>Hospices Civils de Lyon</source>
  <oversight_info>
    <has_dmc>No</has_dmc>
    <is_fda_regulated_drug>No</is_fda_regulated_drug>
    <is_fda_regulated_device>No</is_fda_regulated_device>
  </oversight_info>
  <brief_summary>
    <textblock>
      The COVID-19 pandemic is profoundly changing the way people live and work. After the health&#xD;
      impact, it is the mental and psychological impact that reaches varying degrees in the entire&#xD;
      world population. The previous Asian epidemics have had a lasting impact on the health&#xD;
      professionals concerned.&#xD;
&#xD;
      In France, no study has yet assessed the psychological impact of this health crisis on the&#xD;
      level of health professionals. Investigators propose to study prospectively the evolution of&#xD;
      the state of stress and anxiety of all the professionals practicing within the&#xD;
      gynecology-obstetrics departments of 18 French hospitals.&#xD;
&#xD;
      Investigators also hypothesize that the mental repercussions in terms of stress and anxiety&#xD;
      within the same service could be different depending on the professional status and the place&#xD;
      of exercise (the French regions being impacted in different ways).&#xD;
&#xD;
      In addition to the epidemiological interest, the results of this study may help us to target&#xD;
      regions and professionals who will need psychological support during and after this serious&#xD;
      health crisis.&#xD;
    </textblock>
  </brief_summary>
  <overall_status>Completed</overall_status>
  <start_date type="Actual">May 7, 2020</start_date>
  <completion_date type="Actual">July 15, 2020</completion_date>
  <primary_completion_date type="Actual">July 15, 2020</primary_completion_date>
  <study_type>Observational</study_type>
  <has_expanded_access>No</has_expanded_access>
  <study_design_info>
    <observational_model>Cohort</observational_model>
    <time_perspective>Prospective</time_perspective>
  </study_design_info>
  <primary_outcome>
    <measure>Stress state score, during the confinement period</measure>
    <time_frame>About 10 minutes ( Questionnaire filling time)</time_frame>
    <description>Stress state score, during the confinement period, established by a comparison VAS (visual analogue scale) compared to a period outside COVID-19 (from -5: considerable degradation to +5: considerable improvement, with 0: no change)</description>
  </primary_outcome>
  <enrollment type="Actual">1565</enrollment>
  <condition>Covid 19</condition>
  <condition>Stress, Psychological</condition>
  <intervention>
    <intervention_type>Other</intervention_type>
    <intervention_name>Questionnaires on psychological quality of life</intervention_name>
    <description>Assessement of evolution of the psychological quality of life of health professionals during the confinement period linked to the COVID-19 pandemic by two questionnaires (one during the confinement period and the second one month after the end of the confinement period)</description>
  </intervention>
  <eligibility>
    <study_pop>
      <textblock>
        Person over 18 years of age practicing a health profession in the participating gynecology&#xD;
        and obstetrics departments&#xD;
      </textblock>
    </study_pop>
    <sampling_method>Non-Probability Sample</sampling_method>
    <criteria>
      <textblock>
        Inclusion Criteria:&#xD;
&#xD;
          -  person over 18&#xD;
&#xD;
          -  person exercising a profession in the health field&#xD;
&#xD;
          -  person having expressed his non-opposition&#xD;
&#xD;
        Exclusion Criteria:&#xD;
&#xD;
          -  inability to understand the information given and the questionnaire&#xD;
&#xD;
          -  person deprived of liberty, person under guardianship.&#xD;
      </textblock>
    </criteria>
    <gender>All</gender>
    <minimum_age>18 Years</minimum_age>
    <maximum_age>N/A</maximum_age>
    <healthy_volunteers>Accepts Healthy Volunteers</healthy_volunteers>
  </eligibility>
  <location>
    <facility>
      <name>Gynécologie-Obstétrique CHU de Angers</name>
      <address>
        <city>Angers</city>
        <country>France</country>
      </address>
    </facility>
  </location>
  <location>
    <facility>
      <name>Gynécologie-Obstétrique Hôpital Pellegrin</name>
      <address>
        <city>Bordeaux</city>
        <country>France</country>
      </address>
    </facility>
  </location>
  <location>
    <facility>
      <name>Gynécologie-Obstétrique CHRU de Brest</name>
      <address>
        <city>Brest</city>
        <country>France</country>
      </address>
    </facility>
  </location>
  <location>
    <facility>
      <name>Gynaecology Department, Hôpital Femme Mère Enfant, Hospices Civils de Lyon</name>
      <address>
        <city>Bron</city>
        <zip>69677</zip>
        <country>France</country>
      </address>
    </facility>
  </location>
  <location>
    <facility>
      <name>Gynécologie-Obstétrique Hôpital Antoine Béclère (APHP)</name>
      <address>
        <city>Clamart</city>
        <country>France</country>
      </address>
    </facility>
  </location>
  <location>
    <facility>
      <name>Gynécologie-Obstétrique CHU Grenoble-Alpes, Hôpital Couple Enfant</name>
      <address>
        <city>La Tronche</city>
        <country>France</country>
      </address>
    </facility>
  </location>
  <location>
    <facility>
      <name>Gynécologie-Obstétrique Hôpital BICETRE (APHP)</name>
      <address>
        <city>Le Kremlin-Bicêtre</city>
        <country>France</country>
      </address>
    </facility>
  </location>
  <location>
    <facility>
      <name>Gynécologie-Obstétrique Hôpital Jeanne de Flandre - CHRU Lille</name>
      <address>
        <city>Lille</city>
        <country>France</country>
      </address>
    </facility>
  </location>
  <location>
    <facility>
      <name>Gynécologie-Obstétrique Hôpital de la Mère et de l'Enfant</name>
      <address>
        <city>Limoges</city>
        <country>France</country>
      </address>
    </facility>
  </location>
  <location>
    <facility>
      <name>Gynécologie-Obstétrique Hôpital de la Croix Rousse</name>
      <address>
        <city>Lyon</city>
        <zip>69317</zip>
        <country>France</country>
      </address>
    </facility>
  </location>
  <location>
    <facility>
      <name>Gynécologie-Obstétrique Hôpital La Conception</name>
      <address>
        <city>Marseille</city>
        <country>France</country>
      </address>
    </facility>
  </location>
  <location>
    <facility>
      <name>Gynécologie-Obstétrique Hôpital de la Pitié Salpêtrière (APHP)</name>
      <address>
        <city>Paris</city>
        <country>France</country>
      </address>
    </facility>
  </location>
  <location>
    <facility>
      <name>Gynécologie-Obstétrique Maternité Port-Royal, Groupe Hospitalier Cochin-Broca- Hotel Dieu (APHP)</name>
      <address>
        <city>Paris</city>
        <country>France</country>
      </address>
    </facility>
  </location>
  <location>
    <facility>
      <name>Gynécologie-Obstétrique CHU de Poitiers</name>
      <address>
        <city>Poitiers</city>
        <country>France</country>
      </address>
    </facility>
  </location>
  <location>
    <facility>
      <name>Gynécologie-Obstétrique CHU Reims - Institut Mère Enfant Alix de Champagne</name>
      <address>
        <city>Reims</city>
        <country>France</country>
      </address>
    </facility>
  </location>
  <location>
    <facility>
      <name>Gynécologie-Obstétrique CHU de Rennes</name>
      <address>
        <city>Rennes</city>
        <country>France</country>
      </address>
    </facility>
  </location>
  <location>
    <facility>
      <name>Gynécologie-Obstétrique CHU de Saint Etienne</name>
      <address>
        <city>Saint-Étienne</city>
        <country>France</country>
      </address>
    </facility>
  </location>
  <location>
    <facility>
      <name>Gynécologie-Obstétrique Hôpital de Hautepierre</name>
      <address>
        <city>Strasbourg</city>
        <country>France</country>
      </address>
    </facility>
  </location>
  <location_countries>
    <country>France</country>
  </location_countries>
  <verification_date>December 2020</verification_date>
  <study_first_submitted>May 4, 2020</study_first_submitted>
  <study_first_submitted_qc>May 4, 2020</study_first_submitted_qc>
  <study_first_posted type="Actual">May 5, 2020</study_first_posted>
  <last_update_submitted>December 17, 2020</last_update_submitted>
  <last_update_submitted_qc>December 17, 2020</last_update_submitted_qc>
  <last_update_posted type="Actual">December 21, 2020</last_update_posted>
  <responsible_party>
    <responsible_party_type>Sponsor</responsible_party_type>
  </responsible_party>
  <condition_browse>
    <!-- CAUTION:  The following MeSH terms are assigned with an imperfect algorithm            -->
    <mesh_term>Stress, Psychological</mesh_term>
  </condition_browse>
  <patient_data>
    <sharing_ipd>No</sharing_ipd>
  </patient_data>
  <!-- Results have not yet been posted for this study                                          -->
</clinical_study>

