<?xml version="1.0" encoding="UTF-8"?>
<clinical_study rank="1422">
  <!-- This xml conforms to an XML Schema at:
    https://clinicaltrials.gov/ct2/html/images/info/public.xsd -->
  <required_header>
    <download_date>ClinicalTrials.gov processed this data on February 18, 2021</download_date>
    <link_text>Link to the current ClinicalTrials.gov record.</link_text>
    <url>https://clinicaltrials.gov/show/NCT04613050</url>
  </required_header>
  <id_info>
    <org_study_id>MAHA2020</org_study_id>
    <nct_id>NCT04613050</nct_id>
  </id_info>
  <brief_title>Effect of Respiratory Versus Aerobic Training on Respiratory and Immunity Efficiency in Recovered COVID- 19 Patients</brief_title>
  <official_title>Effect of Respiratory Versus Aerobic Training on Respiratory and Immunity Efficiency in Recovered COVID- 19 Patients</official_title>
  <sponsors>
    <lead_sponsor>
      <agency>Cairo University</agency>
      <agency_class>Other</agency_class>
    </lead_sponsor>
  </sponsors>
  <source>Cairo University</source>
  <oversight_info>
    <has_dmc>No</has_dmc>
    <is_fda_regulated_drug>No</is_fda_regulated_drug>
    <is_fda_regulated_device>No</is_fda_regulated_device>
  </oversight_info>
  <brief_summary>
    <textblock>
      This study will be conducted on eighty patients of both sexes with age ranging from 35 to&#xD;
      45years. The will be recovered from COVID-19 infection with chest symptoms. They will be&#xD;
      selected from Nasr city police authority hospital. They will be randomly assigned into 3&#xD;
      equal groups.&#xD;
    </textblock>
  </brief_summary>
  <detailed_description>
    <textblock>
      This study will be conducted on eighty patients of both sexes with age ranging from 35 to&#xD;
      45years. The will be recovered from COVID-19 infection with chest symptoms. They will be&#xD;
      selected from Nasr city police authority hospital. They will be randomly assigned into 3&#xD;
      equal groups.&#xD;
&#xD;
      Participants will be assigned into 3 groups equal in number (group A, group B, group C)&#xD;
&#xD;
      Group A (Respiratory Training Group) : It will include 30 patients of both sexes, recovered&#xD;
      from COVID-19 infection. In addition to medical drugs, they will receive respiratory training&#xD;
      for 6 weeks.&#xD;
&#xD;
      Group B : (Aerobic Training Group) : It will include 30 patients of both sexes, recovered&#xD;
      from COVID-19 infection. In addition to medical drugs, they will receive aerobic training for&#xD;
      6 weeks&#xD;
&#xD;
      Group C : (control group) :It will include 20 patients of both sexes, recovered from COVID-19&#xD;
      infection on medical drugs only will receive no exercise as control group.&#xD;
    </textblock>
  </detailed_description>
  <overall_status>Recruiting</overall_status>
  <start_date type="Actual">July 2, 2020</start_date>
  <completion_date type="Anticipated">February 20, 2022</completion_date>
  <primary_completion_date type="Anticipated">December 24, 2021</primary_completion_date>
  <phase>N/A</phase>
  <study_type>Interventional</study_type>
  <has_expanded_access>No</has_expanded_access>
  <study_design_info>
    <allocation>Randomized</allocation>
    <intervention_model>Parallel Assignment</intervention_model>
    <primary_purpose>Treatment</primary_purpose>
    <masking>Single (Outcomes Assessor)</masking>
  </study_design_info>
  <primary_outcome>
    <measure>Complete blood picture</measure>
    <time_frame>change from baseline at 6 weeks</time_frame>
    <description>A venous blood sample will be taken to be analyzed in the laboratory</description>
  </primary_outcome>
  <primary_outcome>
    <measure>Arterial blood gases</measure>
    <time_frame>change from baseline at 6 weeks</time_frame>
    <description>arterial blood sample will be assessed</description>
  </primary_outcome>
  <primary_outcome>
    <measure>6-minute walk Distance</measure>
    <time_frame>change from baseline at 6 weeks</time_frame>
    <description>patient will be instructed to walk as fast as long as possible, in a 30 meters obstacle- free corridor, limited by turnaround cones. Standardized verbal encouragement will be given every minute. After 6 min, patient will be instructed to stop, and the total distance will be measured, rounding to the nearest meter.</description>
  </primary_outcome>
  <primary_outcome>
    <measure>Breath-hold test</measure>
    <time_frame>change from baseline at 6 weeks</time_frame>
    <description>A rough index of cardiopulmonary reserve measured by the length of time that a person can voluntarily stop breathing; normal duration is 30 seconds or longer; diminished cardiac or pulmonary reserve is indicated by a duration of 20 seconds or less.</description>
  </primary_outcome>
  <primary_outcome>
    <measure>Oxygen saturation</measure>
    <time_frame>change from baseline at 6 weeks</time_frame>
    <description>Percentage of haemoglobin saturated with oxygen measured by pulse oximeter</description>
  </primary_outcome>
  <primary_outcome>
    <measure>Borg Dyspnea Scale score</measure>
    <time_frame>change from baseline at 6 weeks</time_frame>
    <description>It is a 0 to 10 rated numerical score used to measure dyspnea as reported by the patient during six minute walk test</description>
  </primary_outcome>
  <secondary_outcome>
    <measure>Maximum oxygen consumption</measure>
    <time_frame>change from baseline at 6 weeks</time_frame>
    <description>Maximum oxygen consumption(VO2 max): Results of (6MWT) was used to calculate Vo2 max by using Cahalin equation as follows; Vo2 max = 0.03x distance in meters +3.98, in which distance is obtained from (6MWT)</description>
  </secondary_outcome>
  <number_of_arms>3</number_of_arms>
  <enrollment type="Anticipated">80</enrollment>
  <condition>Covid 19 Infection</condition>
  <arm_group>
    <arm_group_label>Group A (Respiratory Training Group)</arm_group_label>
    <arm_group_type>Active Comparator</arm_group_type>
    <description>It will include 30 patients of both sexes, recovered from COVID-19 infection. In addition to medical drugs, they will receive respiratory training for 6 weeks.</description>
  </arm_group>
  <arm_group>
    <arm_group_label>Group B : (Aerobic Training Group)</arm_group_label>
    <arm_group_type>Active Comparator</arm_group_type>
    <description>It will include 30 patients of both sexes, recovered from COVID-19 infection. In addition to medical drugs, they will receive aerobic training for 6 weeks</description>
  </arm_group>
  <arm_group>
    <arm_group_label>Group C : (control group)</arm_group_label>
    <arm_group_type>No Intervention</arm_group_type>
    <description>It will include 20 patients of both sexes, recovered from COVID-19 infection on medical drugs only will receive no exercise as control group.</description>
  </arm_group>
  <intervention>
    <intervention_type>Other</intervention_type>
    <intervention_name>Respiratory Training</intervention_name>
    <description>Respiratory training in form of :&#xD;
Diaphragmatic breathing,Segmental breathing, Incentive spirometer:</description>
    <arm_group_label>Group A (Respiratory Training Group)</arm_group_label>
  </intervention>
  <intervention>
    <intervention_type>Other</intervention_type>
    <intervention_name>Aerobic training</intervention_name>
    <description>aerobic exercises are customized according to the patient's underlying disease and residual dysfunction. These exercises will include walking on treadmill. After an initial, 5-minute warm-up phase performed on the treadmill at a low load, each endurance training session lasted 30 minutes and ended with 5-minute recovery and relaxation phase. A total of 3-5 sessions are carried out per week. Patients who are prone to fatigue should perform intermittent exercises</description>
    <arm_group_label>Group B : (Aerobic Training Group)</arm_group_label>
  </intervention>
  <eligibility>
    <criteria>
      <textblock>
        Inclusion Criteria:&#xD;
&#xD;
          -  Patients recovered from COVID -19 infection.&#xD;
&#xD;
          -  Patients with body mass index 25 - 35 kg/m2&#xD;
&#xD;
          -  Patients previously diagnosed with chest symptoms of COVID- 19 infection.&#xD;
&#xD;
          -  Patients' body temperature less than 37.5&#xD;
&#xD;
          -  Blood oxygen saturation ≥95%&#xD;
&#xD;
        Exclusion Criteria:&#xD;
&#xD;
          -  Smokers&#xD;
&#xD;
          -  Patients with Myocardial infarction&#xD;
&#xD;
          -  Patients with diabetes.&#xD;
&#xD;
          -  Patients with autoimmune disease.&#xD;
&#xD;
          -  Patients with positive COVID -19 infection.&#xD;
&#xD;
          -  Patients with previous chest diseases&#xD;
&#xD;
          -  a heart rate of &gt;100 bpm&#xD;
&#xD;
          -  a blood pressure of &lt;90/60 mmHg or &gt;140/90 mmHg&#xD;
&#xD;
          -  a blood oxygen saturation of ≤95%&#xD;
&#xD;
          -  other diseases that are not suitable for exercise (osteoarthritis knee - stroke&#xD;
             patients, etc)&#xD;
      </textblock>
    </criteria>
    <gender>All</gender>
    <minimum_age>35 Years</minimum_age>
    <maximum_age>45 Years</maximum_age>
    <healthy_volunteers>No</healthy_volunteers>
  </eligibility>
  <overall_contact>
    <last_name>Maii Fekry Foad, MD</last_name>
    <phone>01003233556</phone>
    <phone_ext>002</phone_ext>
    <email>hypoxia.mb@gmail.com</email>
  </overall_contact>
  <location>
    <facility>
      <name>Police hospital-Nasr city</name>
      <address>
        <city>Cairo</city>
        <zip>002</zip>
        <country>Egypt</country>
      </address>
    </facility>
    <status>Recruiting</status>
  </location>
  <location_countries>
    <country>Egypt</country>
  </location_countries>
  <verification_date>January 2021</verification_date>
  <study_first_submitted>October 30, 2020</study_first_submitted>
  <study_first_submitted_qc>November 2, 2020</study_first_submitted_qc>
  <study_first_posted type="Actual">November 3, 2020</study_first_posted>
  <last_update_submitted>January 26, 2021</last_update_submitted>
  <last_update_submitted_qc>January 26, 2021</last_update_submitted_qc>
  <last_update_posted type="Actual">January 27, 2021</last_update_posted>
  <responsible_party>
    <responsible_party_type>Principal Investigator</responsible_party_type>
    <investigator_affiliation>Cairo University</investigator_affiliation>
    <investigator_full_name>Heba Ahmed Ali Abdeen</investigator_full_name>
    <investigator_title>Assistant Professor</investigator_title>
  </responsible_party>
  <!-- Results have not yet been posted for this study                                          -->
</clinical_study>

