<?xml version="1.0" encoding="UTF-8"?>
<clinical_study rank="151">
  <!-- This xml conforms to an XML Schema at:
    https://clinicaltrials.gov/ct2/html/images/info/public.xsd -->
  <required_header>
    <download_date>ClinicalTrials.gov processed this data on February 18, 2021</download_date>
    <link_text>Link to the current ClinicalTrials.gov record.</link_text>
    <url>https://clinicaltrials.gov/show/NCT04382794</url>
  </required_header>
  <id_info>
    <org_study_id>5/2020</org_study_id>
    <nct_id>NCT04382794</nct_id>
  </id_info>
  <brief_title>Sitagliptin Treatment in Diabetic COVID-19 Positive Patients</brief_title>
  <acronym>SIDIACO-RETRO'</acronym>
  <official_title>Sitagliptin Treatment in Diabetic COVID-19 Positive Patients: Retrospective Study</official_title>
  <sponsors>
    <lead_sponsor>
      <agency>University of Milan</agency>
      <agency_class>Other</agency_class>
    </lead_sponsor>
    <collaborator>
      <agency>Papa Giovanni XXIII Hospital</agency>
      <agency_class>Other</agency_class>
    </collaborator>
    <collaborator>
      <agency>IRCCS Policlinico S. Matteo</agency>
      <agency_class>Other</agency_class>
    </collaborator>
    <collaborator>
      <agency>Humanitas Hospital, Italy</agency>
      <agency_class>Other</agency_class>
    </collaborator>
    <collaborator>
      <agency>Ospedale dell'Angelo, Venezia-Mestre</agency>
      <agency_class>Other</agency_class>
    </collaborator>
    <collaborator>
      <agency>University of Pavia</agency>
      <agency_class>Other</agency_class>
    </collaborator>
  </sponsors>
  <source>University of Milan</source>
  <oversight_info>
    <has_dmc>No</has_dmc>
    <is_fda_regulated_drug>Yes</is_fda_regulated_drug>
    <is_fda_regulated_device>No</is_fda_regulated_device>
    <is_us_export>Yes</is_us_export>
  </oversight_info>
  <brief_summary>
    <textblock>
      Coronavirus Pathology is frequently associated with both diabetes mellitus and metabolic&#xD;
      syndrome. In particular, results of observational studies and meta-analyzes configure&#xD;
      diabetes as one of the main risk factors for the development of complications and unfavorable&#xD;
      course of SARS (Severe Acute Respiratory Syndrome) and MERS (Middle East Respiratory&#xD;
      Syndrome), the syndromes caused respectively by SARS- VOC coronavirus and MERS-COV&#xD;
      coronavirus. The available data confirm this association also in the clinical picture of the&#xD;
      infection supported by SARS-COV 2 (COVID-19). In the epidemic outbreak that erupted at the&#xD;
      beginning of 2020 in the Lombardy Region, about two thirds of the patients who died from&#xD;
      COVID-19 were affected by diabetes mellitus. COVID-19 occurs in 70% of cases with an&#xD;
      inflammatory pathology of the airways that can be fed by a cytokine storm and result in&#xD;
      severe respiratory failure (10% cases) and death (5%). At the moment, the mainly involved&#xD;
      pathophysiological molecular mechanisms are not clearly defined. It has been hypothesized&#xD;
      that the transmembrane glycoprotein type II CD26, known for the enzyme activity&#xD;
      Dipeptilpeptidase 4 exerted by its extracellular domain, may play a fundamental role in this&#xD;
      process. In addition, it is considerably expressed at the parenchyma and lung interstitium&#xD;
      level and carries out both systemic and paracrine enzymatic activity, modulating the activity&#xD;
      of various proinflammatory cytokines, growth factors and vasoactive peptides at the level of&#xD;
      the deep respiratory tract. The pulmonary parenchyma and the interstitium express&#xD;
      significantly the Dipeptilpeptidase 4 protein, which in the Middle East Respiratory Syndrome&#xD;
      favors the entry of the virus into the cells, thus allowing the virus to replicate within the&#xD;
      cells and thus spread throughout the cell inside the organism. Dipeptilpeptidase 4 regulates&#xD;
      the function of bioactive peptides and above all of cytokines, vasoactive peptides and&#xD;
      chemokines present at the level of the mesothelium, of the deep respiratory tract (alveolar&#xD;
      epithelium and alveolar bronchus), of endothelial and immune cells triggering the&#xD;
      inflammatory storm. In line with this evidence, it has been hypothesized that acute&#xD;
      respiratory disease from Coronavirus may depend on the massive localization of&#xD;
      Dipeptilpeptidase 4 in lung tissue. Furthermore, the involvement of Dipeptilpeptidase 4 in&#xD;
      other chronic respiratory diseases has been demonstrated. Starting from these observations we&#xD;
      hypothesized that the selective blockade of Dipeptilpeptidase 4 can favorably modulate the&#xD;
      pulmonary inflammatory response in the subject affected by COVID-19. Among the drugs that&#xD;
      selectively block Dipeptilpeptidase 4, the one with greater affinity precisely for&#xD;
      Dipeptilpeptidase 4 is Sitagliptin.&#xD;
    </textblock>
  </brief_summary>
  <detailed_description>
    <textblock>
      An observational, retrospective-case control, multi-center study is proposed to evaluate any&#xD;
      effects of Sitagliptin on clinical, laboratory and instrumental parameters in the course of&#xD;
      hospitalization for COVID-19. The data will be extracted anonymously from the computerized&#xD;
      medical records commonly used in clinical practice by the centers involved in the study. The&#xD;
      evaluation will be performed by comparing the parameters of COVID-19 positive diabetic&#xD;
      patients treated with Sitagliptin with those of a group of COVID-19 positive diabetic&#xD;
      patients not treated with Sitagliptin. All diabetic subjects treated with Sitagliptin (100 mg&#xD;
      / day, 50 mg / day or 25 mg / day) and all diabetic subjects not treated with Sitagliptin,&#xD;
      eligible for inclusion / exclusion criteria, will be included in the analysis.&#xD;
&#xD;
      The clinical data of patients that will be collected anonymously during hospitalization will&#xD;
      include: smoking habit, remote medical history aimed at assessing the presence of&#xD;
      comorbidities (atrial fibrillation, heart failure, hypertension, arterial hypertension,&#xD;
      chronic obstructive pulmonary disease, other lung disease, chronic renal failure, decay&#xD;
      cognitive, Parkinson's disease, autoimmune diseases), pharmacological history (treatment&#xD;
      introduced during hospitalization for COVID-19, respiratory failure or other complications;&#xD;
      use of ACE-inhibitors, sartans, calcium channel blockers, diuretics, antiarrhythmics, beta&#xD;
      blockers, anti-aggregants, anticoagulants, neuroleptics ). Anthropometric parameters&#xD;
      including blood pressure measurement and BMI will also be collected.&#xD;
&#xD;
      For all patients, the following data will be collected at the baseline (first data available&#xD;
      upon entry into the hospitalization regime) and upon discharge:&#xD;
&#xD;
        -  Clinical picture and symptoms (presence of cough, body temperature, respiratory rate,&#xD;
           need for ventilatory support, duration of ventilatory support in days, duration of&#xD;
           oxygen therapy in day, duration of hospitalization in Intensive Care Unit in days, total&#xD;
           length of stay in days, blood gas parameters, PaO2 / FiO2 ratio, oxygen saturation by&#xD;
           pulse oximeter)&#xD;
&#xD;
        -  Routine blood chemistry tests performed in hospitalization (e.g. glycemia, reactive&#xD;
           protein C, blood count with formula, erythrocyte sedimentation rate, blood gas analysis,&#xD;
           LDH, inflammation indices).&#xD;
&#xD;
        -  Instrumental exams (chest x-ray)&#xD;
&#xD;
        -  glycated hemoglobin&#xD;
&#xD;
        -  Serum creatinine and Estimated Glomerular Filtration Rate (estimated with CKD-EPI)&#xD;
&#xD;
        -  Presence of specific comorbidities for diabetes&#xD;
&#xD;
        -  Average daily blood sugar levels (from capillary blood)&#xD;
    </textblock>
  </detailed_description>
  <overall_status>Completed</overall_status>
  <start_date type="Actual">May 14, 2020</start_date>
  <completion_date type="Actual">June 15, 2020</completion_date>
  <primary_completion_date type="Actual">June 15, 2020</primary_completion_date>
  <study_type>Observational</study_type>
  <has_expanded_access>No</has_expanded_access>
  <study_design_info>
    <observational_model>Case-Control</observational_model>
    <time_perspective>Retrospective</time_perspective>
  </study_design_info>
  <primary_outcome>
    <measure>Clinical parameter of acute lung disease</measure>
    <time_frame>1 month</time_frame>
    <description>Clinical evaluation of physiological parameter &quot;cough&quot; associated with acute lung disease from the beginning of the study to the end of the study</description>
  </primary_outcome>
  <primary_outcome>
    <measure>Clinical parameter of acute lung disease</measure>
    <time_frame>1 month</time_frame>
    <description>Variation of the clinical parameter &quot;oxygen saturation by the use of a pulse oximeter&quot; of acute lung disease from the beginning of the study to the end of the study</description>
  </primary_outcome>
  <primary_outcome>
    <measure>Clinical parameter of acute lung disease</measure>
    <time_frame>1 month</time_frame>
    <description>Variation of the clinical parameter &quot;body temperature&quot; of acute lung disease from the beginning of the study to the end of the study</description>
  </primary_outcome>
  <primary_outcome>
    <measure>Clinical parameter of acute lung disease</measure>
    <time_frame>1 month</time_frame>
    <description>Variation of the clinical parameter &quot;PaO2/FiO2&quot; of acute lung disease from the beginning of the study to the end of the study</description>
  </primary_outcome>
  <primary_outcome>
    <measure>Clinical parameter of acute lung disease</measure>
    <time_frame>1 month</time_frame>
    <description>Variation of the clinical parameter &quot;respiratory rate&quot; of acute lung disease from the beginning of the study to the end of the study</description>
  </primary_outcome>
  <primary_outcome>
    <measure>Clinical parameter of acute lung disease</measure>
    <time_frame>1 month</time_frame>
    <description>Variation of the clinical parameter &quot;need for ventilator support&quot; of acute lung disease from the beginning of the study to the end of the study</description>
  </primary_outcome>
  <primary_outcome>
    <measure>Clinical parameter of acute lung disease</measure>
    <time_frame>1 month</time_frame>
    <description>Variation of the clinical parameter &quot;duration in days of ventilator support, duration in days of oxygen therapy, duration in days of hospitalization, duration in days in the Intensive Care Unit, total length of stay in hospital&quot; of acute lung disease from the beginning of the study to the end of the study</description>
  </primary_outcome>
  <primary_outcome>
    <measure>Death</measure>
    <time_frame>1 month</time_frame>
    <description>Death of the patient during hospitalization due to COVID19</description>
  </primary_outcome>
  <secondary_outcome>
    <measure>Biochemical parameter of acute lung disease</measure>
    <time_frame>1 month</time_frame>
    <description>Variation of the biochemical parameter &quot;reactive C protein&quot; of acute lung disease from the beginning of the study to the end of the study</description>
  </secondary_outcome>
  <secondary_outcome>
    <measure>Biochemical parameter of acute lung disease</measure>
    <time_frame>1 month</time_frame>
    <description>Variation of the biochemical parameter &quot;blood count with formula&quot; of acute lung disease from the beginning of the study to the end of the study</description>
  </secondary_outcome>
  <secondary_outcome>
    <measure>Biochemical parameter of acute lung disease</measure>
    <time_frame>1 month</time_frame>
    <description>Variation of the biochemical parameter &quot;erythrocyte sedimentation rate&quot; of acute lung disease from the beginning of the study to the end of the study</description>
  </secondary_outcome>
  <secondary_outcome>
    <measure>Biochemical parameter of acute lung disease</measure>
    <time_frame>1 month</time_frame>
    <description>Variation of the biochemical parameter &quot;blood gas analysis&quot; of acute lung disease from the beginning of the study to the end of the study</description>
  </secondary_outcome>
  <secondary_outcome>
    <measure>Biochemical parameter of acute lung disease</measure>
    <time_frame>1 month</time_frame>
    <description>Variation of the biochemical parameter &quot;LDH&quot; of acute lung disease from the beginning of the study to the end of the study</description>
  </secondary_outcome>
  <secondary_outcome>
    <measure>Biochemical parameter of acute lung disease</measure>
    <time_frame>1 month</time_frame>
    <description>Variation of the biochemical parameter &quot;fasting blood glucose&quot; of acute lung disease from the beginning of the study to the end of the study</description>
  </secondary_outcome>
  <secondary_outcome>
    <measure>Clinical parameter of acute lung disease</measure>
    <time_frame>1 month</time_frame>
    <description>Variation of the clinical parameter &quot;chest X ray&quot; of acute lung disease from the beginning of the study to the end of the study</description>
  </secondary_outcome>
  <number_of_groups>2</number_of_groups>
  <enrollment type="Actual">338</enrollment>
  <condition>Covid19</condition>
  <arm_group>
    <arm_group_label>DMT2 COVID19 positive patients treated with Sitagliptin</arm_group_label>
    <description>The anonymous data relating to the clinical, laboratory and instrumental parameters of patients hospitalized for COVID-19 and suffering from type 2 diabetes treated with Sitagliptin will be extracted from the medical records currently in use in the centers participating in the study. The data will be anonymous and not attributable to individual subjects</description>
  </arm_group>
  <arm_group>
    <arm_group_label>DMT2 COVID19 positive patients not treated with Sitagliptin</arm_group_label>
    <description>The anonymous data relating to the clinical, laboratory and instrumental parameters of patients hospitalized for COVID-19 and suffering from type 2 diabetes not treated with Sitagliptin will be extracted from the medical records currently in use in the centers participating in the study. The data will be anonymous and not attributable to individual subjects</description>
  </arm_group>
  <intervention>
    <intervention_type>Drug</intervention_type>
    <intervention_name>Retrospective case-control analysis</intervention_name>
    <description>Evaluation of clinical, laboratory and instrumental parameters of diabetic patients during hospitalization for COVID-19. The data will be extracted anonymously from the computerized medical records commonly used in clinical practice by the centers involved in the study</description>
    <arm_group_label>DMT2 COVID19 positive patients not treated with Sitagliptin</arm_group_label>
    <arm_group_label>DMT2 COVID19 positive patients treated with Sitagliptin</arm_group_label>
  </intervention>
  <eligibility>
    <study_pop>
      <textblock>
        The anonymous data of diabetic patients hospitalized for COVID19 in the hospitals&#xD;
        participating in the study will be collected&#xD;
      </textblock>
    </study_pop>
    <sampling_method>Probability Sample</sampling_method>
    <criteria>
      <textblock>
        Inclusion Criteria:&#xD;
&#xD;
          -  Diagnosis of type 2 diabetes, according to ADA 2020 criteria&#xD;
&#xD;
          -  Diagnosis of COVID-19 (positive SARS-COV2 RNA buffer) with pneumonia, with or without&#xD;
             an increase in inflammation indexes, with or without respiratory failure&#xD;
&#xD;
        Exclusion Criteria:&#xD;
&#xD;
          -  Pregnancy&#xD;
&#xD;
          -  Type 1 diabetes&#xD;
&#xD;
          -  Presence of other acute infections in place&#xD;
&#xD;
          -  Presence of serious diseases or conditions that make the patient unsuitable for the&#xD;
             study&#xD;
      </textblock>
    </criteria>
    <gender>All</gender>
    <minimum_age>18 Years</minimum_age>
    <maximum_age>N/A</maximum_age>
    <healthy_volunteers>No</healthy_volunteers>
  </eligibility>
  <overall_official>
    <last_name>Paolo Fiorina, MD, PhD</last_name>
    <role>Principal Investigator</role>
    <affiliation>ASST FBF Sacco</affiliation>
  </overall_official>
  <location>
    <facility>
      <name>ASST FBF-Sacco P.O. Sacco</name>
      <address>
        <city>Milan</city>
        <state>MI</state>
        <zip>20157</zip>
        <country>Italy</country>
      </address>
    </facility>
  </location>
  <location>
    <facility>
      <name>Papa Giovanni XXIII Hospital</name>
      <address>
        <city>Bergamo</city>
        <zip>24127</zip>
        <country>Italy</country>
      </address>
    </facility>
  </location>
  <location>
    <facility>
      <name>Ospedale dell'Angelo, Venezia-Mestre</name>
      <address>
        <city>Mestre</city>
        <zip>30174</zip>
        <country>Italy</country>
      </address>
    </facility>
  </location>
  <location>
    <facility>
      <name>Humanitas Hospital</name>
      <address>
        <city>Milan</city>
        <zip>20089</zip>
        <country>Italy</country>
      </address>
    </facility>
  </location>
  <location>
    <facility>
      <name>University of Pavia</name>
      <address>
        <city>Pavia</city>
        <zip>20100</zip>
        <country>Italy</country>
      </address>
    </facility>
  </location>
  <location>
    <facility>
      <name>IRCCS Policlinico S. Matteo</name>
      <address>
        <city>Pavia</city>
        <zip>27100</zip>
        <country>Italy</country>
      </address>
    </facility>
  </location>
  <location_countries>
    <country>Italy</country>
  </location_countries>
  <reference>
    <citation>Yang JK, Feng Y, Yuan MY, Yuan SY, Fu HJ, Wu BY, Sun GZ, Yang GR, Zhang XL, Wang L, Xu X, Xu XP, Chan JC. Plasma glucose levels and diabetes are independent predictors for mortality and morbidity in patients with SARS. Diabet Med. 2006 Jun;23(6):623-8.</citation>
    <PMID>16759303</PMID>
  </reference>
  <reference>
    <citation>Perlman S, Azhar EI, Memish ZA, Hui DS, Zumla A. Confronting the persisting threat of the Middle East respiratory syndrome to global health security. Lancet Infect Dis. 2020 Feb;20(2):158-160. doi: 10.1016/S1473-3099(19)30347-0. Epub 2019 Jul 3.</citation>
    <PMID>31279728</PMID>
  </reference>
  <reference>
    <citation>Remuzzi A, Remuzzi G. COVID-19 and Italy: what next? Lancet. 2020 Apr 11;395(10231):1225-1228. doi: 10.1016/S0140-6736(20)30627-9. Epub 2020 Mar 13. Review.</citation>
    <PMID>32178769</PMID>
  </reference>
  <reference>
    <citation>Zou H, Zhu N, Li S. The emerging role of dipeptidyl-peptidase-4 as a therapeutic target in lung disease. Expert Opin Ther Targets. 2020 Feb;24(2):147-153. doi: 10.1080/14728222.2020.1721468. Epub 2020 Jan 31. Review.</citation>
    <PMID>31971463</PMID>
  </reference>
  <reference>
    <citation>Yang X, Yu Y, Xu J, Shu H, Xia J, Liu H, Wu Y, Zhang L, Yu Z, Fang M, Yu T, Wang Y, Pan S, Zou X, Yuan S, Shang Y. Clinical course and outcomes of critically ill patients with SARS-CoV-2 pneumonia in Wuhan, China: a single-centered, retrospective, observational study. Lancet Respir Med. 2020 May;8(5):475-481. doi: 10.1016/S2213-2600(20)30079-5. Epub 2020 Feb 24. Erratum in: Lancet Respir Med. 2020 Apr;8(4):e26.</citation>
    <PMID>32105632</PMID>
  </reference>
  <reference>
    <citation>Meyerholz DK, Lambertz AM, McCray PB Jr. Dipeptidyl Peptidase 4 Distribution in the Human Respiratory Tract: Implications for the Middle East Respiratory Syndrome. Am J Pathol. 2016 Jan;186(1):78-86. doi: 10.1016/j.ajpath.2015.09.014. Epub 2015 Nov 18.</citation>
    <PMID>26597880</PMID>
  </reference>
  <reference>
    <citation>Lambeir AM, Durinx C, Scharpé S, De Meester I. Dipeptidyl-peptidase IV from bench to bedside: an update on structural properties, functions, and clinical aspects of the enzyme DPP IV. Crit Rev Clin Lab Sci. 2003 Jun;40(3):209-94. Review.</citation>
    <PMID>12892317</PMID>
  </reference>
  <reference>
    <citation>Schade J, Stephan M, Schmiedl A, Wagner L, Niestroj AJ, Demuth HU, Frerker N, Klemann C, Raber KA, Pabst R, von Hörsten S. Regulation of expression and function of dipeptidyl peptidase 4 (DP4), DP8/9, and DP10 in allergic responses of the lung in rats. J Histochem Cytochem. 2008 Feb;56(2):147-55. Epub 2007 Oct 29.</citation>
    <PMID>17967935</PMID>
  </reference>
  <verification_date>July 2020</verification_date>
  <study_first_submitted>May 8, 2020</study_first_submitted>
  <study_first_submitted_qc>May 8, 2020</study_first_submitted_qc>
  <study_first_posted type="Actual">May 11, 2020</study_first_posted>
  <last_update_submitted>July 8, 2020</last_update_submitted>
  <last_update_submitted_qc>July 8, 2020</last_update_submitted_qc>
  <last_update_posted type="Actual">July 9, 2020</last_update_posted>
  <responsible_party>
    <responsible_party_type>Principal Investigator</responsible_party_type>
    <investigator_affiliation>University of Milan</investigator_affiliation>
    <investigator_full_name>Paolo Fiorina, MD</investigator_full_name>
    <investigator_title>Clinical Professor</investigator_title>
  </responsible_party>
  <keyword>Covid19</keyword>
  <keyword>Sitagliptin</keyword>
  <keyword>Diabetes Mellitus, Type 2</keyword>
  <patient_data>
    <sharing_ipd>No</sharing_ipd>
  </patient_data>
  <!-- Results have not yet been posted for this study                                          -->
</clinical_study>

