<?xml version="1.0" encoding="UTF-8"?>
<clinical_study rank="629">
  <!-- This xml conforms to an XML Schema at:
    https://clinicaltrials.gov/ct2/html/images/info/public.xsd -->
  <required_header>
    <download_date>ClinicalTrials.gov processed this data on February 18, 2021</download_date>
    <link_text>Link to the current ClinicalTrials.gov record.</link_text>
    <url>https://clinicaltrials.gov/show/NCT04716465</url>
  </required_header>
  <id_info>
    <org_study_id>DYSCO</org_study_id>
    <nct_id>NCT04716465</nct_id>
  </id_info>
  <brief_title>Dysautonomia in Patients Post COVID-19 Infection</brief_title>
  <acronym>DYSCO</acronym>
  <official_title>Dysautonomia in Patients Post COVID-19 Infection</official_title>
  <sponsors>
    <lead_sponsor>
      <agency>Moens Maarten</agency>
      <agency_class>Other</agency_class>
    </lead_sponsor>
  </sponsors>
  <source>Universitair Ziekenhuis Brussel</source>
  <oversight_info>
    <is_fda_regulated_drug>No</is_fda_regulated_drug>
    <is_fda_regulated_device>No</is_fda_regulated_device>
  </oversight_info>
  <brief_summary>
    <textblock>
      The aim for this study is further to elucidate the presence of dysautonomia in post-covid-19&#xD;
      patients, by evaluating heart rate variability.&#xD;
    </textblock>
  </brief_summary>
  <detailed_description>
    <textblock>
      The COVID-19 pandemic is currently a serious global public health concern. This disease is&#xD;
      caused by a novel coronavirus which was first discovered in Wuhan, China in 2019 and later&#xD;
      spread rapidly throughout the world. Symptoms of the disease can manifest as fever, cough,&#xD;
      encephalitis, myalgia, fatigue, muscle weakness, arthralgia, anosmia, and impairment in other&#xD;
      bodily functions in the acute phase. In 17% to 67% of cases, COVID-19 patients will develop&#xD;
      acute respiratory distress syndrome (ARDS) and critical illness. Besides the impact on the&#xD;
      respiratory system, coronaviruses have an effect on other systems including the central&#xD;
      nervous system, cardiovascular system, musculoskeletal system, and gastrointestinal system.&#xD;
&#xD;
      Potential long-term secondary effects on the musculoskeletal system such as muscle weakness,&#xD;
      decreased muscle mass, and myopathies have been brought under attention. Persisting symptoms&#xD;
      in patients recovered from COVID-19 infection are frequently a complaint with at least 1&#xD;
      symptom, particularly fatigue and dyspnea. In recent papers, the authors commented on the&#xD;
      potential role of dysautonomia in the post-covid-19 entity related to microangiopathy and&#xD;
      endothelial injury. Such lesions were already reported in brain biopsy samples of severe&#xD;
      COVID-19.&#xD;
&#xD;
      Therefore, the aim of this study is further to elucidate the presence of dysautonomia in&#xD;
      post-covid-19 patients, by evaluating heart rate variability.&#xD;
    </textblock>
  </detailed_description>
  <overall_status>Recruiting</overall_status>
  <start_date type="Actual">January 19, 2021</start_date>
  <completion_date type="Anticipated">January 2023</completion_date>
  <primary_completion_date type="Anticipated">January 2023</primary_completion_date>
  <study_type>Observational</study_type>
  <has_expanded_access>No</has_expanded_access>
  <study_design_info>
    <observational_model>Cohort</observational_model>
    <time_perspective>Prospective</time_perspective>
  </study_design_info>
  <primary_outcome>
    <measure>Heart rate variability</measure>
    <time_frame>The change between baseline, 3 months (primary time endpoint), 6 months and 12 months</time_frame>
    <description>Heart rate variability will be measured using a 2-lead ECG.</description>
  </primary_outcome>
  <secondary_outcome>
    <measure>Electrodermal activity</measure>
    <time_frame>The change between baseline, 3 months (primary time endpoint), 6 months and 12 months</time_frame>
    <description>Electrodermal activity will be measured by applying two skin conductance sensors.</description>
  </secondary_outcome>
  <secondary_outcome>
    <measure>Respiration rate</measure>
    <time_frame>The change between baseline, 3 months (primary time endpoint), 6 months and 12 months</time_frame>
    <description>Respiration will be measured using a respiration sensor (an elastic belt) .</description>
  </secondary_outcome>
  <secondary_outcome>
    <measure>Blood volume pulse</measure>
    <time_frame>The change between baseline, 3 months (primary time endpoint), 6 months and 12 months</time_frame>
    <description>The blood volume pulse sensor uses fingertip photo plethysmography.</description>
  </secondary_outcome>
  <secondary_outcome>
    <measure>Functionality and disability</measure>
    <time_frame>The change between baseline, 3 months (primary time endpoint), 6 months and 12 months</time_frame>
    <description>Functional status will be evaluated by the Post-COVID-19 Functional Status Scale.</description>
  </secondary_outcome>
  <secondary_outcome>
    <measure>Functionality and disability</measure>
    <time_frame>The change between baseline, 3 months (primary time endpoint), 6 months and 12 months</time_frame>
    <description>Level of dyspnea during activities of daily living will be evaluated by the London chest Activity of Daily Living scale.</description>
  </secondary_outcome>
  <number_of_groups>1</number_of_groups>
  <enrollment type="Anticipated">200</enrollment>
  <condition>Covid19</condition>
  <arm_group>
    <arm_group_label>Covid-19 infected patients</arm_group_label>
    <description>In this study male and female patients who were previously infected with covid-19 (symptomatic and asymptomatic) will be included. Patients will only be eligible if they had a positive covid-19 test before inclusion in the study. More specifically, only patients who had a positive COVID-19 test 2 to 8 weeks before study inclusion are eligible.</description>
  </arm_group>
  <intervention>
    <intervention_type>Other</intervention_type>
    <intervention_name>Dysautonomia</intervention_name>
    <description>Indicators of dysautonomia</description>
    <arm_group_label>Covid-19 infected patients</arm_group_label>
  </intervention>
  <eligibility>
    <study_pop>
      <textblock>
        Male and female patients who were previously infected with covid-19.&#xD;
      </textblock>
    </study_pop>
    <sampling_method>Non-Probability Sample</sampling_method>
    <criteria>
      <textblock>
        Inclusion Criteria:&#xD;
&#xD;
          -  Patients with a diagnosed covid-19 infection that took place 2-8 weeks before study&#xD;
             inclusion.&#xD;
&#xD;
          -  Cognitive and language functioning enabling coherent communication between the&#xD;
             researcher and the participant.&#xD;
&#xD;
          -  French-or Dutch speaking persons.&#xD;
&#xD;
        Exclusion Criteria:&#xD;
&#xD;
          -  Covid-19 infection &gt; 8 weeks ago.&#xD;
&#xD;
          -  The presence of one or more coexisting conditions known to affect HRV analysis&#xD;
             (including but not limited to atrial fibrillation, numerous atrial or ventricular&#xD;
             extra beats, paced rhythm, left ventricular bundle branch block, cancer, kidney or&#xD;
             hepatic failure, and diabetes mellitus)&#xD;
      </textblock>
    </criteria>
    <gender>All</gender>
    <minimum_age>18 Years</minimum_age>
    <maximum_age>N/A</maximum_age>
  </eligibility>
  <overall_contact>
    <last_name>Marc Schiltz, MD</last_name>
    <phone>+32 2 477 60 20</phone>
    <email>marc.schiltz@uzbrussel.be</email>
  </overall_contact>
  <location>
    <facility>
      <name>Universitair Ziekenhuis Brussel</name>
      <address>
        <city>Jette</city>
        <state>Brussel</state>
        <zip>1090</zip>
        <country>Belgium</country>
      </address>
    </facility>
    <status>Recruiting</status>
    <contact>
      <last_name>Marc Schiltz, MD</last_name>
      <phone>+32 2 477 60 20</phone>
      <email>marc.schiltz@uzbrussel.be</email>
    </contact>
    <investigator>
      <last_name>Marc Schiltz</last_name>
      <role>Principal Investigator</role>
    </investigator>
    <investigator>
      <last_name>Ann De Smedt</last_name>
      <role>Sub-Investigator</role>
    </investigator>
    <investigator>
      <last_name>Samar Hatem</last_name>
      <role>Sub-Investigator</role>
    </investigator>
    <investigator>
      <last_name>Maarten Moens</last_name>
      <role>Sub-Investigator</role>
    </investigator>
    <investigator>
      <last_name>Lisa Goudman</last_name>
      <role>Sub-Investigator</role>
    </investigator>
  </location>
  <location_countries>
    <country>Belgium</country>
  </location_countries>
  <verification_date>January 2021</verification_date>
  <study_first_submitted>January 18, 2021</study_first_submitted>
  <study_first_submitted_qc>January 18, 2021</study_first_submitted_qc>
  <study_first_posted type="Actual">January 20, 2021</study_first_posted>
  <last_update_submitted>January 19, 2021</last_update_submitted>
  <last_update_submitted_qc>January 19, 2021</last_update_submitted_qc>
  <last_update_posted type="Actual">January 22, 2021</last_update_posted>
  <responsible_party>
    <responsible_party_type>Sponsor-Investigator</responsible_party_type>
    <investigator_affiliation>Universitair Ziekenhuis Brussel</investigator_affiliation>
    <investigator_full_name>Moens Maarten</investigator_full_name>
    <investigator_title>investigator</investigator_title>
  </responsible_party>
  <condition_browse>
    <!-- CAUTION:  The following MeSH terms are assigned with an imperfect algorithm            -->
    <mesh_term>Primary Dysautonomias</mesh_term>
    <mesh_term>Autonomic Nervous System Diseases</mesh_term>
  </condition_browse>
  <!-- Results have not yet been posted for this study                                          -->
</clinical_study>

