<?xml version="1.0" encoding="UTF-8"?>
<clinical_study rank="4049">
  <!-- This xml conforms to an XML Schema at:
    https://clinicaltrials.gov/ct2/html/images/info/public.xsd -->
  <required_header>
    <download_date>ClinicalTrials.gov processed this data on February 18, 2021</download_date>
    <link_text>Link to the current ClinicalTrials.gov record.</link_text>
    <url>https://clinicaltrials.gov/show/NCT04652596</url>
  </required_header>
  <id_info>
    <org_study_id>H-41052</org_study_id>
    <secondary_id>6007145</secondary_id>
    <secondary_id>AD-1603-34662</secondary_id>
    <nct_id>NCT04652596</nct_id>
  </id_info>
  <brief_title>Reducing Food Insecurity During COVID-19</brief_title>
  <official_title>Comparative Effectiveness of Two Interventions to Reduce Food Insecurity During the COVID-19 Pandemic</official_title>
  <sponsors>
    <lead_sponsor>
      <agency>Boston Medical Center</agency>
      <agency_class>Other</agency_class>
    </lead_sponsor>
    <collaborator>
      <agency>Patient-Centered Outcomes Research Institute</agency>
      <agency_class>Other</agency_class>
    </collaborator>
    <collaborator>
      <agency>United States Department of Agriculture (USDA)</agency>
      <agency_class>U.S. Fed</agency_class>
    </collaborator>
    <collaborator>
      <agency>Krupp Family Foundation</agency>
      <agency_class>Other</agency_class>
    </collaborator>
    <collaborator>
      <agency>Waldron Charitable Fund</agency>
      <agency_class>Other</agency_class>
    </collaborator>
  </sponsors>
  <source>Boston Medical Center</source>
  <oversight_info>
    <has_dmc>No</has_dmc>
    <is_fda_regulated_drug>No</is_fda_regulated_drug>
    <is_fda_regulated_device>No</is_fda_regulated_device>
  </oversight_info>
  <brief_summary>
    <textblock>
      This study aims to compare the effectiveness of two interventions to address food insecurity&#xD;
      among low-income families with young children during the COVID pandemic. The investigators&#xD;
      will conduct a parallel group, randomized controlled trial of 250 families. The first&#xD;
      randomly assigned comparator is Fresh Connect, a produce prescription program that provides a&#xD;
      stipend for participants to purchase fresh food items at mobile markets and independent&#xD;
      farmers markets across Boston. The second comparator is grocery store gift cards, redeemable&#xD;
      at conventional grocery stores. In each comparator, participants will be given the equivalent&#xD;
      of $150 on a monthly basis for six consecutive months. All participants will be followed for&#xD;
      12 months to assess outcomes that involve food insecurity (primary), fruit and vegetable&#xD;
      consumption, healthcare utilization, social service utilization, and physical/emotional&#xD;
      health.&#xD;
    </textblock>
  </brief_summary>
  <overall_status>Enrolling by invitation</overall_status>
  <start_date type="Actual">February 8, 2021</start_date>
  <completion_date type="Anticipated">October 2022</completion_date>
  <primary_completion_date type="Anticipated">June 2022</primary_completion_date>
  <phase>N/A</phase>
  <study_type>Interventional</study_type>
  <has_expanded_access>No</has_expanded_access>
  <study_design_info>
    <allocation>Randomized</allocation>
    <intervention_model>Parallel Assignment</intervention_model>
    <primary_purpose>Prevention</primary_purpose>
    <masking>Single (Outcomes Assessor)</masking>
  </study_design_info>
  <primary_outcome>
    <measure>Change in Food Security</measure>
    <time_frame>Baseline, monthly for 12-months post-enrollment</time_frame>
    <description>Self-reported food security status measured by USDA validated 18-question food insecurity screening tool with a 30-day lookback period. Responses are scored with total scores corresponding to four categories: high food security, marginal food security, low food security, and very low food security</description>
  </primary_outcome>
  <secondary_outcome>
    <measure>Change in fruit &amp; vegetable consumption</measure>
    <time_frame>Baseline, monthly for 12 months post-enrollment</time_frame>
    <description>Self-reported consumption frequency of fruits, fruit juices, and vegetables in the past 30 days measured by 10-item Dietary Screener Questionnaire scale. Each item is scored from &quot;never&quot; to &quot;6 or more times per day&quot;. Scoring algorithms convert frequency responses to cup equivalent estimates of average daily dietary intake for fruits and vegetables, using an age and gender coefficient. The higher the score the more daily dietary intake for fruits and vegetables.</description>
  </secondary_outcome>
  <secondary_outcome>
    <measure>Depression Symptoms</measure>
    <time_frame>Baseline, monthly for 12-months post-enrollment</time_frame>
    <description>Assessed by the Quick Inventory of Depressive Symptoms (QIDS SR-16). This scale is a 16-item self-report measure of depressive symptoms over the past 7 days. Each item is scored 0-3 (0 = no presence of the symptom; 3 = high burden of the symptom), yielding a total score range of 0 to 27. Because of its wide scoring range, the QIDS can be used to detect depressive illness in populations with low symptoms. Lower scores reflect less depressive symptoms.</description>
  </secondary_outcome>
  <secondary_outcome>
    <measure>Symptom Relief</measure>
    <time_frame>Baseline, monthly for 12-months post-enrollment</time_frame>
    <description>Assessed by the Beck Anxiety Inventory (BAI). This scale is a 21-item self-report measure the severity of self-reported anxiety. Each item is scored 0-3 (0 = not at all; 3 = severely - it bothered me a lot), yielding a total score range of 0 to 63. The lower the score the less self-reported anxiety.</description>
  </secondary_outcome>
  <secondary_outcome>
    <measure>Changes of behavioral activation for depression</measure>
    <time_frame>Baseline, every 6 months during 12 month post-enrollment</time_frame>
    <description>Assessed by the Behavioral Activation for Depression Scale (BADS). This 25-item self-reported measure is used to track changes weekly in the behaviors hypothesized to underlie depression and specifically targeted for change by behavioral activation. The BADS subscales include activation, avoidance/rumination, work/school impairment, and social impairment. Each item is scored 0-6 (0=not at all; 6=completely), yielding a total score range of 0 to 150. High scores indicate greater levels of activation. For all the subscores, high scores are consistent with the subscale name.</description>
  </secondary_outcome>
  <secondary_outcome>
    <measure>Perceived Stress</measure>
    <time_frame>Baseline, every 6 months during 12 month post-enrollment</time_frame>
    <description>Assessed by Perceived Stress Scale (PSS). This 14-item psychological instrument measures the perception of stress and the degree to which situations in one's life are appraised as stressful. Each item is scored 0-4 (0=never; 4= very often). The scores is obtained by first reversing the scores on items 4, 5, 6, 7, 9, 10, and 13 and then summing the reverse coded items with the rest of the items. The scores can range from 0 to 40 with higher scores indicating higher perceived stress.</description>
  </secondary_outcome>
  <secondary_outcome>
    <measure>Social Support</measure>
    <time_frame>Baseline, every 6 months during 12 month post-enrollment</time_frame>
    <description>Assessed by Social Adjustment Scale Self-Report (SAS-SR). This 54-item measure examines social and role functioning in six areas: work; social activities; relationships with family; spouse or partner; parent; member of family unit. Items are rated on a 5-point scale. Seven mean scores are generated, six-role areas and one overall means. The mean scores are converted into standard T-scores on the SAS-SR Profile Form. Higher scores indicate greater impairment of functioning.</description>
  </secondary_outcome>
  <secondary_outcome>
    <measure>Medical outcomes social support</measure>
    <time_frame>Baseline, every 6 months during 12 month post-enrollment</time_frame>
    <description>Assessed by Medical Outcomes Survey Social Support (MOSSS). This 18-item tool comprises 4 functional support scales (emotional/informational, tangible, affectionate, and positive interaction) and an overall social support index. Each item is scored 0-5 (0=none of the time; 5=all of the time). The higher the overall social support index the more support.</description>
  </secondary_outcome>
  <secondary_outcome>
    <measure>Mastery Control</measure>
    <time_frame>Baseline, every 6 months during 12 month post-enrollment</time_frame>
    <description>Assessed by Pearlin Mastery Scale (PMS). This 7-item tool measures the extent to which an individual regards their life chances as being under their personal control rather than fatalistically ruled. Each item is scored 1-4 (1=strongly agree; 4=strongly disagree) and the values are added. The scores can range from 7 to 28 with higher scores reflect greater mastery.</description>
  </secondary_outcome>
  <secondary_outcome>
    <measure>Self-Esteem</measure>
    <time_frame>Baseline, every 6 months during 12 month post-enrollment</time_frame>
    <description>Assessed by Rosenberg's Self-Esteem Scale (RSES). This 10-item self-report likert scale evaluates an individual's self-esteem. Each item is scored from strong agree to strongly disagree. The higher the sum of the scores, the higher the self-esteem.</description>
  </secondary_outcome>
  <secondary_outcome>
    <measure>Unmet needs</measure>
    <time_frame>Baseline, every 3 months during 12 month post-enrollment</time_frame>
    <description>Assessed by WE CARE. This 12-question screening tool assesses needs in 6 domains: parental educational attainment, employment, child care, risk of homelessness, food security, and household heat and electricity. Individuals respond with &quot;Yes&quot;, &quot;No&quot;, or &quot;Maybe later&quot;. Those with unmet needs are provided with a locally developed community resource information sheet.</description>
  </secondary_outcome>
  <secondary_outcome>
    <measure>Self-Reported Food Assistance Program Participation</measure>
    <time_frame>Baseline, every 6 months during 12 month post-enrollment</time_frame>
    <description>Self-reported participation in food assistance programs including Electronic Benefits Transfer (EBT), Food Stamps/Supplemental Nutrition Assistance Program (SNAP).</description>
  </secondary_outcome>
  <secondary_outcome>
    <measure>Change in Self-Reported Health Status</measure>
    <time_frame>Baseline, monthly for 12-months post-enrollment</time_frame>
    <description>Self-reported health status measured by a report of health status as excellent, very good, good, fair, or poor and measured by 3-item CDC Healthy Days module for a disarticulation of physical and mental health.</description>
  </secondary_outcome>
  <secondary_outcome>
    <measure>Maternal attitudes and safe infant care practices</measure>
    <time_frame>Baseline, every 6 months during 12 month post-enrollment</time_frame>
    <description>Assessed by the Pregnancy Risk Assessment Monitoring System (PRAMS). The survey Identifies groups of women and infants at high risk for health problems, monitors changes in health status, and measures progress towards goals in improving the health of mothers and infants.</description>
  </secondary_outcome>
  <secondary_outcome>
    <measure>Impact of COVID-19</measure>
    <time_frame>Baseline, every 3 months during 12 month post-enrollment</time_frame>
    <description>The Epidemic - Pandemic Impacts Inventory (EPII) + 4-item self-report of the impact of the pandemic on financial capacity and food purchasing/acquisition patterns. The EPII is newly developed, thus, scoring procedures will be determined by future research.</description>
  </secondary_outcome>
  <secondary_outcome>
    <measure>Program Experience</measure>
    <time_frame>6 months post-enrollment, 12 months post-enrollment</time_frame>
    <description>Assessed by 4-item USDA program experience questions. The questions ask about firm type use, dose of program usage, health education, and program satisfaction.</description>
  </secondary_outcome>
  <secondary_outcome>
    <measure>Change in adult acute healthcare utilization</measure>
    <time_frame>Baseline, every 6 months during 12 month post-enrollment</time_frame>
    <description>Claims data composite measure (all cause hospital admissions and ED visits; Total number of all-cause ED visits; Total number of all-cause discharges from IP).</description>
  </secondary_outcome>
  <secondary_outcome>
    <measure>Total adult patient-level cost of care</measure>
    <time_frame>Baseline, every 6 months during 12 month post-enrollment</time_frame>
    <description>Measured via claims data</description>
  </secondary_outcome>
  <secondary_outcome>
    <measure>Child healthcare utilization</measure>
    <time_frame>Baseline, every 6 months during 12 month post-enrollment</time_frame>
    <description>EPIC chart abstractions (number of office visits, hospitalizations, missed appointments, immunization rates)</description>
  </secondary_outcome>
  <secondary_outcome>
    <measure>Child weight</measure>
    <time_frame>Baseline, every 6 months during 12 month post-enrollment</time_frame>
    <description>EPIC chart abstractions (weight for age)</description>
  </secondary_outcome>
  <secondary_outcome>
    <measure>Child height</measure>
    <time_frame>Baseline, every 6 months during 12 month post-enrollment</time_frame>
    <description>EPIC chart abstractions (height for age)</description>
  </secondary_outcome>
  <number_of_arms>2</number_of_arms>
  <enrollment type="Anticipated">250</enrollment>
  <condition>Food Insecurity</condition>
  <arm_group>
    <arm_group_label>Fresh Connect Produce Prescription Program</arm_group_label>
    <arm_group_type>Active Comparator</arm_group_type>
    <description>Investigators will partner with a community organization, About Fresh, that administers a produce prescription program (PPR) and operates mobile fresh foods markets. Participants randomized to this comparator will receive a stipend to Fresh Connect PPR to purchase fresh food items available at mobile markets and at independent farmers markets throughout Boston.</description>
  </arm_group>
  <arm_group>
    <arm_group_label>Grocery store gift cards</arm_group_label>
    <arm_group_type>Active Comparator</arm_group_type>
    <description>Participants randomized to this comparator will receive grocery gift cards redeemable at conventional grocery stores.</description>
  </arm_group>
  <intervention>
    <intervention_type>Other</intervention_type>
    <intervention_name>Produce prescription program</intervention_name>
    <description>A monthly $150 stipend will be provided to participants for 6 consecutive months to purchase fresh food items at mobile markets and independent farmers markets across Boston.</description>
    <arm_group_label>Fresh Connect Produce Prescription Program</arm_group_label>
    <other_name>Fresh Connect</other_name>
  </intervention>
  <intervention>
    <intervention_type>Other</intervention_type>
    <intervention_name>Grocery store gift cards</intervention_name>
    <description>A monthly value of $150 in grocery store gift cards redeemable at conventional grocery stores will be provided to participants for 6 consecutive months.</description>
    <arm_group_label>Grocery store gift cards</arm_group_label>
  </intervention>
  <eligibility>
    <criteria>
      <textblock>
        Inclusion Criteria:&#xD;
&#xD;
          -  Parent of a child 0-18 months of age&#xD;
&#xD;
          -  Child receives care at Boston Medical Center&#xD;
&#xD;
        Exclusion Criteria:&#xD;
&#xD;
          -  Planning to move residence outside of Boston within 12 months&#xD;
      </textblock>
    </criteria>
    <gender>All</gender>
    <gender_based>Yes</gender_based>
    <minimum_age>18 Years</minimum_age>
    <maximum_age>N/A</maximum_age>
    <healthy_volunteers>Accepts Healthy Volunteers</healthy_volunteers>
  </eligibility>
  <overall_official>
    <last_name>Michael Silverstein, MD MPH</last_name>
    <role>Principal Investigator</role>
    <affiliation>Boston Medical Center Department of Pediatrics</affiliation>
  </overall_official>
  <location>
    <facility>
      <name>Boston Medical Center</name>
      <address>
        <city>Boston</city>
        <state>Massachusetts</state>
        <zip>02118</zip>
        <country>United States</country>
      </address>
    </facility>
  </location>
  <location_countries>
    <country>United States</country>
  </location_countries>
  <verification_date>February 2021</verification_date>
  <study_first_submitted>November 30, 2020</study_first_submitted>
  <study_first_submitted_qc>December 2, 2020</study_first_submitted_qc>
  <study_first_posted type="Actual">December 3, 2020</study_first_posted>
  <last_update_submitted>February 9, 2021</last_update_submitted>
  <last_update_submitted_qc>February 9, 2021</last_update_submitted_qc>
  <last_update_posted type="Actual">February 11, 2021</last_update_posted>
  <responsible_party>
    <responsible_party_type>Sponsor</responsible_party_type>
  </responsible_party>
  <keyword>Produce prescription program</keyword>
  <keyword>Mobile markets</keyword>
  <keyword>Grocery store gift cards</keyword>
  <keyword>Fruit and vegetable consumption</keyword>
  <keyword>Low-income families</keyword>
  <keyword>Social determinants of health</keyword>
  <patient_data>
    <sharing_ipd>No</sharing_ipd>
  </patient_data>
  <!-- Results have not yet been posted for this study                                          -->
</clinical_study>

