<?xml version="1.0" encoding="UTF-8"?>
<clinical_study rank="3864">
  <!-- This xml conforms to an XML Schema at:
    https://clinicaltrials.gov/ct2/html/images/info/public.xsd -->
  <required_header>
    <download_date>ClinicalTrials.gov processed this data on February 18, 2021</download_date>
    <link_text>Link to the current ClinicalTrials.gov record.</link_text>
    <url>https://clinicaltrials.gov/show/NCT04367337</url>
  </required_header>
  <id_info>
    <org_study_id>3228-1BPSYPSBEH-30</org_study_id>
    <nct_id>NCT04367337</nct_id>
  </id_info>
  <brief_title>Health Behavior Change During COVID-19 Pandemic</brief_title>
  <official_title>Health Behavior Change During COVID-19 Pandemic: the Focus on Handwashing</official_title>
  <sponsors>
    <lead_sponsor>
      <agency>University of Social Sciences and Humanities, Warsaw</agency>
      <agency_class>Other</agency_class>
    </lead_sponsor>
  </sponsors>
  <source>University of Social Sciences and Humanities, Warsaw</source>
  <oversight_info>
    <has_dmc>Yes</has_dmc>
    <is_fda_regulated_drug>No</is_fda_regulated_drug>
    <is_fda_regulated_device>No</is_fda_regulated_device>
  </oversight_info>
  <brief_summary>
    <textblock>
      This study aims at investigating handwashing behavior during COVID-19 pandemic. It was&#xD;
      hypothesized that social-cognitive and emotional predictors as well as COVID-19 morbidity and&#xD;
      mortality rates within the country would be associated with handwashing behavior in the&#xD;
      general population of adults in 14 countries.&#xD;
    </textblock>
  </brief_summary>
  <detailed_description>
    <textblock>
      This observational study aims at testing the adherence to handwashing guidelines (the World&#xD;
      Health Organization, WHO, 2020) at two measurement points, spanning 1 month. Adults from the&#xD;
      general population in 14 countries (Poland, Australia, Canada, China, France, Gambia,&#xD;
      Germany, Israel, Italy, Malaysia, Portugal, Romania, Singapore, Switzerland) will provide&#xD;
      self-report data on handwashing behavior and its social-cognitive predictors (perceived&#xD;
      effectiveness of handwashing, risk perception, outcome expectancy, self-efficacy, intention,&#xD;
      planning, and action control), anxiety, as well as COVID-19 morbidity and mortality rates&#xD;
      within the country.&#xD;
    </textblock>
  </detailed_description>
  <overall_status>Active, not recruiting</overall_status>
  <start_date type="Actual">March 25, 2020</start_date>
  <completion_date type="Anticipated">March 24, 2021</completion_date>
  <primary_completion_date type="Anticipated">March 24, 2021</primary_completion_date>
  <study_type>Observational</study_type>
  <has_expanded_access>No</has_expanded_access>
  <study_design_info>
    <observational_model>Ecologic or Community</observational_model>
    <time_perspective>Prospective</time_perspective>
  </study_design_info>
  <primary_outcome>
    <measure>Handwashing adherence</measure>
    <time_frame>1 month</time_frame>
    <description>The 12-item self-report measure of adherence to handwashing guidelines across situations (e.g., after visiting public spaces, after touching garbage, etc.) based on the guidelines issued by the World Health Organization and the Centers for Disease Control and Prevention. The responses are provided on a 4-point scale, ranging from 1 (strongly disagree) to 4 (strongly agree). Higher scores indicate better outcomes (the higher level of adherence to handwashing guidelines).</description>
  </primary_outcome>
  <primary_outcome>
    <measure>Frequency of handwashing</measure>
    <time_frame>1 month</time_frame>
    <description>The 1-item self-report measure of the frequency of handwashing (for at least 20 seconds, all surfaces of the hands) daily. The responses are provided on a 4-point scale, ranging from 1 (less than once) to 5 (more than 10 times). Higher scores indicate better outcomes (the higher frequency of handwashing).</description>
  </primary_outcome>
  <secondary_outcome>
    <measure>Self-efficacy</measure>
    <time_frame>1 month</time_frame>
    <description>4 self-efficacy questionnaire items; mean item score ranging from 1 to 4, higher scores indicate stronger self-efficacy</description>
  </secondary_outcome>
  <secondary_outcome>
    <measure>Risk perception</measure>
    <time_frame>1 month</time_frame>
    <description>3 questionnaire items to assess risk perception; mean item score ranging from 1 to 5, higher scores indicate higher risk perception</description>
  </secondary_outcome>
  <secondary_outcome>
    <measure>Outcome expectancy</measure>
    <time_frame>1 month</time_frame>
    <description>4 items assessing positive (1 item) and negative (1 items) outcome expectancies; mean item scores ranging from 1 to 4, higher scores indicate more positive outcome expectancies</description>
  </secondary_outcome>
  <secondary_outcome>
    <measure>Intention</measure>
    <time_frame>1 month</time_frame>
    <description>2 questionnaire items assessing intention to adhere to handwashing recommendations; mean item scores ranging from 1 to 4, higher scores indicate stronger intention to wash hands (for at least 20 seconds, all surfaces of the hands)</description>
  </secondary_outcome>
  <secondary_outcome>
    <measure>Planning</measure>
    <time_frame>1 month</time_frame>
    <description>2 questionnaire items assessing action planning (1 item) and coping planning (1 item); mean item scores ranging from 1 to 4, higher scores indicate a higher level of self-reported planning</description>
  </secondary_outcome>
  <secondary_outcome>
    <measure>Action control</measure>
    <time_frame>1 month</time_frame>
    <description>3 questionnaire items assessing a facet of action control, namely self-monitoring; mean item scores ranging from 1 to 4, higher scores indicate a higher level of self-reported monitoring of handwashing behavior</description>
  </secondary_outcome>
  <secondary_outcome>
    <measure>Perceived effectiveness of hand hygiene</measure>
    <time_frame>1 month</time_frame>
    <description>1 questionnaire item assessing perceptions of handwashing as an effective means of preventing coronavirus SARS-CoV-2 infection; item scores ranging from 1 to 4, higher scores indicate a higher level of perceived effectiveness of hand hygiene</description>
  </secondary_outcome>
  <secondary_outcome>
    <measure>Anxiety</measure>
    <time_frame>1 month</time_frame>
    <description>7-item self-report scale (Generalized Anxiety Disorder, GAD-7) scale to assess anxiety symptoms; mean item scores ranging from 1 to 4, higher scores indicate a higher level of generalized anxiety</description>
  </secondary_outcome>
  <secondary_outcome>
    <measure>Country-level COVID-19 morbidity and mortality rates</measure>
    <time_frame>60 days</time_frame>
    <description>The daily cumulative numbers for COVID-19 morbidity and mortality in the study countries. Published daily as the Situation Report by World Health Organization, starting on 21 January 2020. Higher numbers indicate the higher cumulative COVID-19 morbidity and mortality rates in the country.</description>
  </secondary_outcome>
  <number_of_groups>14</number_of_groups>
  <enrollment type="Actual">6079</enrollment>
  <condition>Health Behavior</condition>
  <arm_group>
    <arm_group_label>Poland</arm_group_label>
    <description>Adults, general population, N = 400</description>
  </arm_group>
  <arm_group>
    <arm_group_label>Australia</arm_group_label>
    <description>Adults, general population, N = 400</description>
  </arm_group>
  <arm_group>
    <arm_group_label>Canada</arm_group_label>
    <description>Adults, general population, N = 400</description>
  </arm_group>
  <arm_group>
    <arm_group_label>China</arm_group_label>
    <description>Adults, general population, N = 400</description>
  </arm_group>
  <arm_group>
    <arm_group_label>France</arm_group_label>
    <description>Adults, general population, N = 400</description>
  </arm_group>
  <arm_group>
    <arm_group_label>Gambia</arm_group_label>
    <description>Adults, general population, N = 400</description>
  </arm_group>
  <arm_group>
    <arm_group_label>Germany</arm_group_label>
    <description>Adults, general population, N = 400</description>
  </arm_group>
  <arm_group>
    <arm_group_label>Israel</arm_group_label>
    <description>Adults, general population, N = 400</description>
  </arm_group>
  <arm_group>
    <arm_group_label>Italy</arm_group_label>
    <description>Adults, general population, N = 400</description>
  </arm_group>
  <arm_group>
    <arm_group_label>Malaysia</arm_group_label>
    <description>Adults, general population, N = 400</description>
  </arm_group>
  <arm_group>
    <arm_group_label>Portugal</arm_group_label>
    <description>Adults, general population, N = 400</description>
  </arm_group>
  <arm_group>
    <arm_group_label>Romania</arm_group_label>
    <description>Adults, general population, N = 400</description>
  </arm_group>
  <arm_group>
    <arm_group_label>Singapore</arm_group_label>
    <description>Adults, general population, N = 400</description>
  </arm_group>
  <arm_group>
    <arm_group_label>Switzerland</arm_group_label>
    <description>Adults, general population, N = 400</description>
  </arm_group>
  <intervention>
    <intervention_type>Other</intervention_type>
    <intervention_name>No intervention</intervention_name>
    <description>Observational data collection only, accounting for COVID-19 morbidity and mortality levels within each country</description>
    <arm_group_label>Australia</arm_group_label>
    <arm_group_label>Canada</arm_group_label>
    <arm_group_label>China</arm_group_label>
    <arm_group_label>France</arm_group_label>
    <arm_group_label>Gambia</arm_group_label>
    <arm_group_label>Germany</arm_group_label>
    <arm_group_label>Israel</arm_group_label>
    <arm_group_label>Italy</arm_group_label>
    <arm_group_label>Malaysia</arm_group_label>
    <arm_group_label>Poland</arm_group_label>
    <arm_group_label>Portugal</arm_group_label>
    <arm_group_label>Romania</arm_group_label>
    <arm_group_label>Singapore</arm_group_label>
    <arm_group_label>Switzerland</arm_group_label>
  </intervention>
  <eligibility>
    <study_pop>
      <textblock>
        Adults in 14 countries are recruited using the snowballing method. Data are collected using&#xD;
        an online platform (software: Qualtricts).&#xD;
      </textblock>
    </study_pop>
    <sampling_method>Non-Probability Sample</sampling_method>
    <criteria>
      <textblock>
        Inclusion Criteria:&#xD;
&#xD;
          -  adults (from general population) who provided informed consent to participate&#xD;
&#xD;
        Exclusion Criteria:&#xD;
&#xD;
          -  younger than &lt;18 years old&#xD;
      </textblock>
    </criteria>
    <gender>All</gender>
    <minimum_age>18 Years</minimum_age>
    <maximum_age>N/A</maximum_age>
    <healthy_volunteers>Accepts Healthy Volunteers</healthy_volunteers>
  </eligibility>
  <overall_official>
    <last_name>Aleksandra Luszczynska, PhD</last_name>
    <role>Principal Investigator</role>
    <affiliation>SWPS University of Social Sciences and Humanities</affiliation>
  </overall_official>
  <location>
    <facility>
      <name>the University of Melbourne</name>
      <address>
        <city>Melbourne</city>
        <country>Australia</country>
      </address>
    </facility>
  </location>
  <location>
    <facility>
      <name>University of New Brunswick</name>
      <address>
        <city>Fredericton</city>
        <country>Canada</country>
      </address>
    </facility>
  </location>
  <location>
    <facility>
      <name>Peking University</name>
      <address>
        <city>Beijing</city>
        <country>China</country>
      </address>
    </facility>
  </location>
  <location>
    <facility>
      <name>University of Bordeaux</name>
      <address>
        <city>Bordeaux</city>
        <country>France</country>
      </address>
    </facility>
  </location>
  <location>
    <facility>
      <name>London School of Hygiene and Tropical Medicine (in collaboration with MRC Unit The Gambia at LSHTM)</name>
      <address>
        <city>Fajara</city>
        <country>Gambia</country>
      </address>
    </facility>
  </location>
  <location>
    <facility>
      <name>Freie Universität Berlin</name>
      <address>
        <city>Berlin</city>
        <country>Germany</country>
      </address>
    </facility>
  </location>
  <location>
    <facility>
      <name>Bar-Ilan University</name>
      <address>
        <city>Ramat Gan</city>
        <country>Israel</country>
      </address>
    </facility>
  </location>
  <location>
    <facility>
      <name>University of Padova</name>
      <address>
        <city>Padova</city>
        <country>Italy</country>
      </address>
    </facility>
  </location>
  <location>
    <facility>
      <name>Perdana University</name>
      <address>
        <city>Serdang</city>
        <country>Malaysia</country>
      </address>
    </facility>
  </location>
  <location>
    <facility>
      <name>SWPS University of Social Sciences and Humanities</name>
      <address>
        <city>Wroclaw</city>
        <state>Lower Silezia</state>
        <zip>53-328</zip>
        <country>Poland</country>
      </address>
    </facility>
  </location>
  <location>
    <facility>
      <name>University of Lisbon</name>
      <address>
        <city>Lisbon</city>
        <country>Portugal</country>
      </address>
    </facility>
  </location>
  <location>
    <facility>
      <name>Babes-Bolyai Unversity</name>
      <address>
        <city>Cluj-Napoca</city>
        <country>Romania</country>
      </address>
    </facility>
  </location>
  <location>
    <facility>
      <name>Nanyang Technological University</name>
      <address>
        <city>Singapore</city>
        <country>Singapore</country>
      </address>
    </facility>
  </location>
  <location>
    <facility>
      <name>University of Zurich</name>
      <address>
        <city>Zürich</city>
        <country>Switzerland</country>
      </address>
    </facility>
  </location>
  <location_countries>
    <country>Australia</country>
    <country>Canada</country>
    <country>China</country>
    <country>France</country>
    <country>Gambia</country>
    <country>Germany</country>
    <country>Israel</country>
    <country>Italy</country>
    <country>Malaysia</country>
    <country>Poland</country>
    <country>Portugal</country>
    <country>Romania</country>
    <country>Singapore</country>
    <country>Switzerland</country>
  </location_countries>
  <reference>
    <citation>World Health Organization. Coronavirus disease (COVID-19) advice for the public. 2020. https://www.who.int/emergencies/diseases/novel-coronavirus-2019/advice-for-public</citation>
  </reference>
  <reference>
    <citation>Centers for Disease Control and Prevention. When and how to wash your hands. 2020. https://www.cdc.gov/handwashing/when-how-handwashing.html</citation>
  </reference>
  <reference>
    <citation>Reyes Fernández B, Knoll N, Hamilton K, Schwarzer R. Social-cognitive antecedents of hand washing: Action control bridges the planning-behaviour gap. Psychol Health. 2016 Aug;31(8):993-1004. doi: 10.1080/08870446.2016.1174236. Epub 2016 Apr 26.</citation>
    <PMID>27049339</PMID>
  </reference>
  <reference>
    <citation>Schwarzer R, Lippke S, Luszczynska A. Mechanisms of health behavior change in persons with chronic illness or disability: the Health Action Process Approach (HAPA). Rehabil Psychol. 2011 Aug;56(3):161-70. doi: 10.1037/a0024509.</citation>
    <PMID>21767036</PMID>
  </reference>
  <reference>
    <citation>Ruiter RAC, Abraham C, Kok G. Scary warnings and rational precautions: A review of the psychology of fear appeals. Psychol Health. 2011;11(1): 613-630. doi: 10.1080/08870440108405863</citation>
  </reference>
  <verification_date>August 2020</verification_date>
  <study_first_submitted>April 28, 2020</study_first_submitted>
  <study_first_submitted_qc>April 28, 2020</study_first_submitted_qc>
  <study_first_posted type="Actual">April 29, 2020</study_first_posted>
  <last_update_submitted>August 19, 2020</last_update_submitted>
  <last_update_submitted_qc>August 19, 2020</last_update_submitted_qc>
  <last_update_posted type="Actual">August 24, 2020</last_update_posted>
  <responsible_party>
    <responsible_party_type>Sponsor</responsible_party_type>
  </responsible_party>
  <keyword>General population</keyword>
  <keyword>Adult</keyword>
  <keyword>Handwashing</keyword>
  <keyword>Social cognition</keyword>
  <keyword>Anxiety</keyword>
  <keyword>COVID-19</keyword>
  <patient_data>
    <sharing_ipd>Undecided</sharing_ipd>
    <ipd_description>The lead researchers in 14 countries will have full access to data collected across the countries.&#xD;
In line with the Consortium Agreement (v2, 16th Jul 2020) data will be openly available under following conditions:&#xD;
De-identified individual participant data that underline the results reported in publications; individual-level aggregated data (e.g., sum scores for scales) used for main analyses in respective publications; available following the publication, no end date of availability; available for analyses that are conducted to achieve aims in the approved proposal.&#xD;
Due to local regulations, there are exceptions in terms of data sharing rules (stated above):&#xD;
AUSTRALIA: Data from Australia will be available for 5 years after collection.&#xD;
GERMANY, SWITZERLAND: Instead of individual-level sum scores, variance-covariance matrices will be shared.&#xD;
MALAYSIA: Data will not be shared.</ipd_description>
  </patient_data>
  <!-- Results have not yet been posted for this study                                          -->
</clinical_study>

