<?xml version="1.0" encoding="UTF-8"?>
<clinical_study rank="4544">
  <!-- This xml conforms to an XML Schema at:
    https://clinicaltrials.gov/ct2/html/images/info/public.xsd -->
  <required_header>
    <download_date>ClinicalTrials.gov processed this data on February 18, 2021</download_date>
    <link_text>Link to the current ClinicalTrials.gov record.</link_text>
    <url>https://clinicaltrials.gov/show/NCT04393077</url>
  </required_header>
  <id_info>
    <org_study_id>2020\0192</org_study_id>
    <nct_id>NCT04393077</nct_id>
  </id_info>
  <brief_title>Emotional Freedom Technique (EFT) Effect on Nurses</brief_title>
  <official_title>Emotional Freedom Technique (EFT) Effect on Nurses' Stress, Anxiety and Burnout Levels During the COVID-19 Pandemic Process: A Randomized Controlled Study</official_title>
  <sponsors>
    <lead_sponsor>
      <agency>Istanbul Saglik Bilimleri University</agency>
      <agency_class>Other</agency_class>
    </lead_sponsor>
  </sponsors>
  <source>Istanbul Saglik Bilimleri University</source>
  <oversight_info>
    <has_dmc>Yes</has_dmc>
    <is_fda_regulated_drug>No</is_fda_regulated_drug>
    <is_fda_regulated_device>No</is_fda_regulated_device>
  </oversight_info>
  <brief_summary>
    <textblock>
      Background: Infectious disease outbreaks have a psychological effect on the general&#xD;
      population, and especially on health workers. Nurses who care for COVID-19 patients feel&#xD;
      negative emotions, fear, and anxiety due to fatigue, discomfort, and helplessness due to&#xD;
      high-intensity work.&#xD;
&#xD;
      Objective: The study aims to evaluate the effect of EFT in the prevention of stress, anxiety,&#xD;
      and burnout of nurses who have an important position in the fight against COVID-19.&#xD;
&#xD;
      Design: Randomized controlled trial. Setting: COVID-19 department of a university hospital in&#xD;
      Istanbul Province, Turkey.&#xD;
&#xD;
      Participants: The sample of the study consisted of nurses working on 80 COVID-19 cases.&#xD;
&#xD;
      Methods: The investigators will recruit nurses who care for the patient infected with&#xD;
      COVID-19 randomly allocated them to the intervention (n = 40) and control (n = 40) groups.&#xD;
      EFT will apply to the experimental group with online access. Data will collect using the&#xD;
      Introductory Characteristics Form, the Subjective Discomfort Unit Scale, the State-Trait&#xD;
      Anxiety Inventory, and the Burnout Scale.&#xD;
    </textblock>
  </brief_summary>
  <detailed_description>
    <textblock>
      With the onset of the COVID-19 epidemic, healthcare workers have assumed important&#xD;
      responsibilities in the control, prevention, care, and treatment of its spread. In this&#xD;
      period, they provided the necessary health practices for suspicious or confirmed COVID-19&#xD;
      patients in the front lines and under harsh conditions, which are generally long and tiring.&#xD;
      It is clear that infectious disease outbreaks have a psychological effect on the general&#xD;
      population, and especially on health workers. The social distance required to prevent&#xD;
      outbreaks is a key factor in disease management while causing social and psychological&#xD;
      effects.&#xD;
&#xD;
      2.1. Design A randomized controlled experimental research design. The study complied with the&#xD;
      guidelines of the Consolidated Standards of Reporting Trials (CONSORT) checklist.&#xD;
&#xD;
      2.2. Participants This study will conduct with nurses working in a university hospital&#xD;
      located in Istanbul between May 2020 and June 2020, working in the care of COVID-19 patients.&#xD;
&#xD;
      2.5. Measures The data will be collected with the Introductory Characteristics Form, the&#xD;
      positive units of distress scale, the State-Trait Anxiety Inventory, and the Burnout&#xD;
      Inventory. The investigators created our data collection forms using Survey Monkey, which&#xD;
      provides electronic self-access and prevents data from multiple entries from the same person,&#xD;
      making it easier to collect and track data. Confidentiality will be guaranteed by completely&#xD;
      disabling electronic and IP address records to obtain anonymous replies.&#xD;
    </textblock>
  </detailed_description>
  <overall_status>Completed</overall_status>
  <start_date type="Actual">May 10, 2020</start_date>
  <completion_date type="Actual">May 20, 2020</completion_date>
  <primary_completion_date type="Actual">May 15, 2020</primary_completion_date>
  <phase>N/A</phase>
  <study_type>Interventional</study_type>
  <has_expanded_access>No</has_expanded_access>
  <study_design_info>
    <allocation>Randomized</allocation>
    <intervention_model>Parallel Assignment</intervention_model>
    <primary_purpose>Supportive Care</primary_purpose>
    <masking>Single (Participant)</masking>
  </study_design_info>
  <primary_outcome>
    <measure>The subjective units of distress scale</measure>
    <time_frame>Immediately after EFT implementation</time_frame>
    <description>The cognitive element of EFT involves self-rating of distress severity and pairing of an abbreviated exposure statement and a self-acceptance statement. The severity of distress was evaluated by subjects on an 11-point Likert scale. 0 corresponds to absolutely no distress, while 10 corresponds to the maximum possible distress. This was considered as the subjective units of distress scale (SUD) and provides clinicians and patients with the measurement of the severity of symptoms experienced by the latter in addition to a repeated measure by which the progress can be evaluated.</description>
  </primary_outcome>
  <primary_outcome>
    <measure>The State Anxiety</measure>
    <time_frame>Immediately after EFT implementation</time_frame>
    <description>The State-Trait Anxiety Inventory includes two separate scales with a total of 40 items. This study employed the State Anxiety Scale. Its validity and reliability in Turkish were confirmed by Öner and Lecompte. The scale consists of 20 questions and anxiety questions. To obtain the anxiety scale, to state how the person feels at any time and under any circumstances, answers were requested taking into account the feelings related to the situation.</description>
  </primary_outcome>
  <primary_outcome>
    <measure>Burnout</measure>
    <time_frame>Immediately after EFT implementation</time_frame>
    <description>The scale was created to measure the professional burnout levels of individuals. Adaptation studies in Turkish were carried out by Çapri in (2006) This 7-point Likert type scale consists of 21 items, scoring between 1 (never) and 7 (always), while 4 items (3, 6, 19, 20) of the scale are scored in reverse. While evaluating the scale scores, the increase in the score obtained indicates that burnout increases and the decrease in score indicates that burnout decreases.</description>
  </primary_outcome>
  <number_of_arms>2</number_of_arms>
  <enrollment type="Actual">80</enrollment>
  <condition>Stress</condition>
  <condition>Anxiety</condition>
  <condition>Burnout, Caregiver</condition>
  <arm_group>
    <arm_group_label>Control</arm_group_label>
    <arm_group_type>No Intervention</arm_group_type>
    <description>Participants will complete the pre-tests of the introductory features form, SUD, STAI-I, and burnout scales sent via Survey Monkey. The participants (n=40) will be given 15 minutes of free time and asked to be in a position where the individuals were comfortable, in the quietest and most tranquil environment possible. At the end of this period, post-test SUD, STAI-I, and burnout scales will be sent to the participants and they will be asked to fill in the scores.</description>
  </arm_group>
  <arm_group>
    <arm_group_label>Intervention</arm_group_label>
    <arm_group_type>Experimental</arm_group_type>
    <description>Firstly, people in the entire group fill out the introductory features form on the online questionnaire form. The time of the meeting will be determined by collaborating with the participants in the experimental group. During the interview, they will be asked to be in a position that was comfortable for the individuals, in the quietest and calm environment possible. At the beginning of the meeting, they will be asked to fill in the pre-test SUD, STAI-I, and burnout scales sent via SurveyMonkey. Then, the EFT session (20 minutes) will be conducted once mutually with the researcher, who is an expert in their field. At the end of the session, they will be filled the post-test SUD, STAI-I and burnout scales</description>
  </arm_group>
  <intervention>
    <intervention_type>Behavioral</intervention_type>
    <intervention_name>Emotional Freedom Technique</intervention_name>
    <description>EFT application was started by showing the meridian points to the participants through the picture. It was advised that these points should be clicked with the index finger and middle finger without hurting, but with certain strokes, and it was ensured that they understood the regions by showing and applying them. Then, the following basic steps, which should be followed by the EFT session (four in total lasting 20 minutes), were carried out in succession with the researcher.</description>
    <arm_group_label>Intervention</arm_group_label>
  </intervention>
  <eligibility>
    <criteria>
      <textblock>
        Inclusion Criteria:&#xD;
&#xD;
          -  Not taking any courses about coping with anxiety and stress,&#xD;
&#xD;
          -  Volunteering to participate in the study.&#xD;
&#xD;
        Exclusion Criteria:&#xD;
&#xD;
          -  Having any psychiatric diagnoses&#xD;
      </textblock>
    </criteria>
    <gender>All</gender>
    <minimum_age>18 Years</minimum_age>
    <maximum_age>65 Years</maximum_age>
    <healthy_volunteers>Accepts Healthy Volunteers</healthy_volunteers>
  </eligibility>
  <overall_official>
    <last_name>Berna Dinçer</last_name>
    <role>Study Chair</role>
    <affiliation>Istanbul Medeniyet University</affiliation>
  </overall_official>
  <location>
    <facility>
      <name>Medeniyet University</name>
      <address>
        <city>Istanbul</city>
        <country>Turkey</country>
      </address>
    </facility>
  </location>
  <location_countries>
    <country>Turkey</country>
  </location_countries>
  <reference>
    <citation>Sun N, Wei L, Shi S, Jiao D, Song R, Ma L, Wang H, Wang C, Wang Z, You Y, Liu S, Wang H. A qualitative study on the psychological experience of caregivers of COVID-19 patients. Am J Infect Control. 2020 Jun;48(6):592-598. doi: 10.1016/j.ajic.2020.03.018. Epub 2020 Apr 8.</citation>
    <PMID>32334904</PMID>
  </reference>
  <reference>
    <citation>Hersch RK, Cook RF, Deitz DK, Kaplan S, Hughes D, Friesen MA, Vezina M. Reducing nurses' stress: A randomized controlled trial of a web-based stress management program for nurses. Appl Nurs Res. 2016 Nov;32:18-25. doi: 10.1016/j.apnr.2016.04.003. Epub 2016 Apr 9.</citation>
    <PMID>27969025</PMID>
  </reference>
  <verification_date>November 2020</verification_date>
  <study_first_submitted>May 11, 2020</study_first_submitted>
  <study_first_submitted_qc>May 15, 2020</study_first_submitted_qc>
  <study_first_posted type="Actual">May 19, 2020</study_first_posted>
  <last_update_submitted>November 20, 2020</last_update_submitted>
  <last_update_submitted_qc>November 20, 2020</last_update_submitted_qc>
  <last_update_posted type="Actual">November 24, 2020</last_update_posted>
  <responsible_party>
    <responsible_party_type>Principal Investigator</responsible_party_type>
    <investigator_affiliation>Istanbul Saglik Bilimleri University</investigator_affiliation>
    <investigator_full_name>Demet İnangil, PhD</investigator_full_name>
    <investigator_title>Assistant Professor</investigator_title>
  </responsible_party>
  <keyword>COVID-19</keyword>
  <keyword>Emotional Freedom Technique</keyword>
  <condition_browse>
    <!-- CAUTION:  The following MeSH terms are assigned with an imperfect algorithm            -->
    <mesh_term>Burnout, Psychological</mesh_term>
  </condition_browse>
  <patient_data>
    <sharing_ipd>No</sharing_ipd>
  </patient_data>
  <!-- Results have not yet been posted for this study                                          -->
</clinical_study>

