<?xml version="1.0" encoding="UTF-8"?>
<clinical_study rank="3372">
  <!-- This xml conforms to an XML Schema at:
    https://clinicaltrials.gov/ct2/html/images/info/public.xsd -->
  <required_header>
    <download_date>ClinicalTrials.gov processed this data on February 18, 2021</download_date>
    <link_text>Link to the current ClinicalTrials.gov record.</link_text>
    <url>https://clinicaltrials.gov/show/NCT04665258</url>
  </required_header>
  <id_info>
    <org_study_id>20201451</org_study_id>
    <nct_id>NCT04665258</nct_id>
  </id_info>
  <brief_title>COVID-19 Vaccine and Impact on Fertility Study</brief_title>
  <official_title>Corona Virus Disease 19 (COVID-19) Vaccine and Impact on Fertility Study</official_title>
  <sponsors>
    <lead_sponsor>
      <agency>University of Miami</agency>
      <agency_class>Other</agency_class>
    </lead_sponsor>
  </sponsors>
  <source>University of Miami</source>
  <oversight_info>
    <has_dmc>No</has_dmc>
    <is_fda_regulated_drug>No</is_fda_regulated_drug>
    <is_fda_regulated_device>No</is_fda_regulated_device>
  </oversight_info>
  <brief_summary>
    <textblock>
      The purpose of this study is to investigate the effects of COVID-19 Vaccination on semen&#xD;
      parameters and to determine how long these possible changes may last following vaccination.&#xD;
    </textblock>
  </brief_summary>
  <overall_status>Recruiting</overall_status>
  <start_date type="Actual">December 14, 2020</start_date>
  <completion_date type="Anticipated">June 14, 2021</completion_date>
  <primary_completion_date type="Anticipated">June 14, 2021</primary_completion_date>
  <study_type>Observational</study_type>
  <has_expanded_access>No</has_expanded_access>
  <study_design_info>
    <observational_model>Case-Only</observational_model>
    <time_perspective>Prospective</time_perspective>
  </study_design_info>
  <primary_outcome>
    <measure>Sperm concentration</measure>
    <time_frame>up to 6 months</time_frame>
    <description>As measured from semen samples.</description>
  </primary_outcome>
  <primary_outcome>
    <measure>Sperm motility</measure>
    <time_frame>up to 6 months</time_frame>
    <description>As measured from semen samples.</description>
  </primary_outcome>
  <number_of_groups>1</number_of_groups>
  <enrollment type="Anticipated">60</enrollment>
  <condition>Infertility, Male</condition>
  <arm_group>
    <arm_group_label>COVID-19 vaccine group</arm_group_label>
    <description>Participants scheduled to receive the COVID-19 vaccine will be evaluated on its effect on semen parameters for up to 6 months post vaccination.</description>
  </arm_group>
  <eligibility>
    <study_pop>
      <textblock>
        Young men of reproductive age scheduled for COVID-19 Vaccine&#xD;
      </textblock>
    </study_pop>
    <sampling_method>Probability Sample</sampling_method>
    <criteria>
      <textblock>
        Inclusion Criteria:&#xD;
&#xD;
          1. Receiving COVID-19 vaccines&#xD;
&#xD;
          2. Male age 18-50 years old&#xD;
&#xD;
        Exclusion Criteria:&#xD;
&#xD;
          1. Adults unable to consent&#xD;
&#xD;
          2. Women&#xD;
&#xD;
          3. Prisoners&#xD;
&#xD;
          4. Men who have been receiving Testosterone replacement therapy or anabolic steroids&#xD;
             within the last year&#xD;
&#xD;
          5. Men with a history of Azoospermia&#xD;
&#xD;
          6. Men with a genetic or other medical condition known to be associated with decreased&#xD;
             semen parameters (i.e. Klinefelter's syndrome, Y-Chromosome Microdeletion (YCMD),&#xD;
             post-chemotherapy treatment, etc.)&#xD;
&#xD;
          7. Positive COVID-19 test within the last 3 weeks&#xD;
      </textblock>
    </criteria>
    <gender>Male</gender>
    <minimum_age>18 Years</minimum_age>
    <maximum_age>50 Years</maximum_age>
    <healthy_volunteers>Accepts Healthy Volunteers</healthy_volunteers>
  </eligibility>
  <overall_official>
    <last_name>Ranjith Ramasamy, MD</last_name>
    <role>Principal Investigator</role>
    <affiliation>University of Miami</affiliation>
  </overall_official>
  <overall_contact>
    <last_name>Manuel Molina, MD</last_name>
    <phone>3052434873</phone>
    <email>m.molina.leyba@miami.edu</email>
  </overall_contact>
  <location>
    <facility>
      <name>University of Miami</name>
      <address>
        <city>Miami</city>
        <state>Florida</state>
        <zip>33136</zip>
        <country>United States</country>
      </address>
    </facility>
    <status>Recruiting</status>
    <contact>
      <last_name>manuel molina, md</last_name>
      <phone>305-243-4873</phone>
      <email>m.molina.leyba@miami.edu</email>
    </contact>
    <investigator>
      <last_name>Ranjith Ramasamy, MD</last_name>
      <role>Principal Investigator</role>
    </investigator>
  </location>
  <location_countries>
    <country>United States</country>
  </location_countries>
  <verification_date>December 2020</verification_date>
  <study_first_submitted>December 10, 2020</study_first_submitted>
  <study_first_submitted_qc>December 10, 2020</study_first_submitted_qc>
  <study_first_posted type="Actual">December 11, 2020</study_first_posted>
  <last_update_submitted>December 29, 2020</last_update_submitted>
  <last_update_submitted_qc>December 29, 2020</last_update_submitted_qc>
  <last_update_posted type="Actual">December 31, 2020</last_update_posted>
  <responsible_party>
    <responsible_party_type>Principal Investigator</responsible_party_type>
    <investigator_affiliation>University of Miami</investigator_affiliation>
    <investigator_full_name>Ranjith Ramasamy, MD</investigator_full_name>
    <investigator_title>Associate Professor</investigator_title>
  </responsible_party>
  <keyword>COVID-19 Vaccine</keyword>
  <condition_browse>
    <!-- CAUTION:  The following MeSH terms are assigned with an imperfect algorithm            -->
    <mesh_term>Infertility</mesh_term>
    <mesh_term>Infertility, Male</mesh_term>
  </condition_browse>
  <patient_data>
    <sharing_ipd>No</sharing_ipd>
  </patient_data>
  <!-- Results have not yet been posted for this study                                          -->
</clinical_study>

