<?xml version="1.0" encoding="UTF-8"?>
<clinical_study rank="2368">
  <!-- This xml conforms to an XML Schema at:
    https://clinicaltrials.gov/ct2/html/images/info/public.xsd -->
  <required_header>
    <download_date>ClinicalTrials.gov processed this data on February 18, 2021</download_date>
    <link_text>Link to the current ClinicalTrials.gov record.</link_text>
    <url>https://clinicaltrials.gov/show/NCT04304690</url>
  </required_header>
  <id_info>
    <org_study_id>APHP200310</org_study_id>
    <nct_id>NCT04304690</nct_id>
  </id_info>
  <brief_title>COVID-19 Seroconversion Among Front Line Medical and Paramedical Staff in Emergency, Intensive Care Units and Infectious Disease Departments During the 2020 Epidemic</brief_title>
  <acronym>SEROCOV</acronym>
  <official_title>COVID-19 Seroconversion Among Medical and Paramedical Staff in Emergency, ICU and Infectious Disease Services During the 2020 Epidemic</official_title>
  <sponsors>
    <lead_sponsor>
      <agency>Assistance Publique - Hôpitaux de Paris</agency>
      <agency_class>Other</agency_class>
    </lead_sponsor>
  </sponsors>
  <source>Assistance Publique - Hôpitaux de Paris</source>
  <oversight_info>
    <has_dmc>No</has_dmc>
    <is_fda_regulated_drug>No</is_fda_regulated_drug>
    <is_fda_regulated_device>No</is_fda_regulated_device>
  </oversight_info>
  <brief_summary>
    <textblock>
      The epidemic due to the Sars-CoV2 virus is spreading in France, without knowning precisely&#xD;
      since when the virus has actually circulated on the territory. Data from China but also&#xD;
      systematic samples taken from the passengers of the Diamond Princess boat also report almost&#xD;
      50% of asymptomatic forms of Covid-19. The medical and paramedical staff of the front-line&#xD;
      services for the care of patients infected with Covid-19 are in fact potentially exposed to&#xD;
      the risk of occupational contamination due to the large number of patients treated, including&#xD;
      in the pre-epidemic phase. Therefore, and despite the application of standard protective&#xD;
      measures, it is possible that a certain number of these personnel already have or will&#xD;
      contract Covid-19 disease, including in its asymptomatic form.&#xD;
    </textblock>
  </brief_summary>
  <detailed_description>
    <textblock>
      The epidemic due to Sars-CoV2 is spreading in France, without it being knowning precisely&#xD;
      since when the virus actually circulated on the territory. Data from China but also&#xD;
      systematic samples taken from the passengers of the boat Diamond Princess also report almost&#xD;
      50% of asymptomatic forms of Covid-19. Medical and paramedical staff are in fact potentially&#xD;
      exposed to the risk of professional contamination, with probably a different risk between the&#xD;
      first-line referent hospitals and the others, due to the large number of patients treated in&#xD;
      the first, including in the pre-epidemic phase (average of 190 consultants per day at the&#xD;
      emergency department Pitié-Salpêtrière for example). Therefore, and despite the application&#xD;
      of standard protective measures, it is possible that a certain number of these personnel&#xD;
      already have or will contract Covid-19 disease, including in its asymptomatic form. Knowledge&#xD;
      of this seroconversion rate, if it is found to be higher than that of the general population,&#xD;
      could lead to a review of the measures to protect personnel from other emerging infectious&#xD;
      risks.&#xD;
    </textblock>
  </detailed_description>
  <overall_status>Active, not recruiting</overall_status>
  <start_date type="Actual">March 16, 2020</start_date>
  <completion_date type="Anticipated">October 16, 2021</completion_date>
  <primary_completion_date type="Anticipated">May 16, 2021</primary_completion_date>
  <phase>N/A</phase>
  <study_type>Interventional</study_type>
  <has_expanded_access>No</has_expanded_access>
  <study_design_info>
    <allocation>N/A</allocation>
    <intervention_model>Single Group Assignment</intervention_model>
    <primary_purpose>Other</primary_purpose>
    <masking>None (Open Label)</masking>
  </study_design_info>
  <primary_outcome>
    <measure>Quantify the proportion of patients with documented Sars-CoV2 infection among medical and paramedical staff</measure>
    <time_frame>3 months</time_frame>
    <description>Sars-CoV2 seroconversion is defined by a T0 sample with no specific antibody (negative) and M3 sample with the presence of specific IgG.</description>
  </primary_outcome>
  <secondary_outcome>
    <measure>Identification of risk factors for seroconversion</measure>
    <time_frame>3 months</time_frame>
    <description>&quot;Age, gender, type of staff, medical staff: resident, Clinic Chief or University Hospital Assistant (CCA / AHU), Associate Practitioner (PA), Contractual Hospital Practitioner (PHC), Hospital Practitioner (PH), Lecturer-Hospital Practitioner (MCU-PH) , University Professor-Hospital Practitioner (PUPH) non-medical staff: nursing assistants (AS), nurses (IDE), physiotherapist, managers, others, Seniority in the profession (number of years) Service tenure (years), Night, day, day or mixed work, Type of service: emergency department, infectious disease service, ICU), Type of hospital (firstline reference hospital or not), Documented contact with a confirmed patient.&quot;</description>
  </secondary_outcome>
  <secondary_outcome>
    <measure>Quantify the proportion of asymptomatic infections among staff who have seroconverted</measure>
    <time_frame>3 months</time_frame>
    <description>&quot;Seroconversion without clinical manifestation (fever, body aches, headache, sweating, chills + respiratory symptoms (cough dyspnea, sputum) or digestive (nausea / vomiting diarrhea abdominal pain) reported via the weekly self-monitoring booklet.&#xD;
The asymptomatic characteristics will be determined by an adjudication committee, in the light of the weekly self-monitoring notebooks, without knowing the results of the serologies.&quot;</description>
  </secondary_outcome>
  <secondary_outcome>
    <measure>&quot; Describe symptomatic infections for personnel developing acute clinical (respiratory or digestive) viral syndrome &quot;</measure>
    <time_frame>3 months</time_frame>
    <description>&quot;Description of symptomatic infections&#xD;
Clinical manifestations associated with seroconversion.&#xD;
On the intermediate sample if necessary, performed within 10 days of the start of a clinical picture compatible with an acute Sars-CoV2 infection (fever, body aches, headache, sweating, chills + respiratory picture (cough dyspnea, sputum, ) or digestive (nausea / vomiting diarrhea abdominal pain) &quot;</description>
  </secondary_outcome>
  <number_of_arms>1</number_of_arms>
  <enrollment type="Anticipated">1000</enrollment>
  <condition>Sars-CoV2</condition>
  <arm_group>
    <arm_group_label>caregiver</arm_group_label>
    <arm_group_type>Other</arm_group_type>
    <description>caregivers from emergency, ICU, virology and infectious disease services</description>
  </arm_group>
  <intervention>
    <intervention_type>Other</intervention_type>
    <intervention_name>blood sample</intervention_name>
    <description>2 blood samples at T0 and 3 months</description>
    <arm_group_label>caregiver</arm_group_label>
  </intervention>
  <eligibility>
    <criteria>
      <textblock>
        Inclusion Criteria:&#xD;
&#xD;
          -  Any permanent medical or paramedic staff of participating services who have given&#xD;
             written consent to participate&#xD;
&#xD;
          -  Having a social security insurance.&#xD;
&#xD;
        Exclusion Criteria:&#xD;
&#xD;
          -  Non-permanent staff (occasional staffing), administrative staff, technical staff of&#xD;
             participating services.&#xD;
&#xD;
          -  Staff who were not active during the inclusion period.&#xD;
      </textblock>
    </criteria>
    <gender>All</gender>
    <minimum_age>N/A</minimum_age>
    <maximum_age>N/A</maximum_age>
    <healthy_volunteers>Accepts Healthy Volunteers</healthy_volunteers>
  </eligibility>
  <location>
    <facility>
      <name>Hopital Pitié Salpetrière</name>
      <address>
        <city>Paris</city>
        <zip>75013</zip>
        <country>France</country>
      </address>
    </facility>
  </location>
  <location_countries>
    <country>France</country>
  </location_countries>
  <verification_date>April 2020</verification_date>
  <study_first_submitted>March 9, 2020</study_first_submitted>
  <study_first_submitted_qc>March 9, 2020</study_first_submitted_qc>
  <study_first_posted type="Actual">March 11, 2020</study_first_posted>
  <last_update_submitted>November 30, 2020</last_update_submitted>
  <last_update_submitted_qc>November 30, 2020</last_update_submitted_qc>
  <last_update_posted type="Actual">December 1, 2020</last_update_posted>
  <responsible_party>
    <responsible_party_type>Sponsor</responsible_party_type>
  </responsible_party>
  <condition_browse>
    <!-- CAUTION:  The following MeSH terms are assigned with an imperfect algorithm            -->
    <mesh_term>Communicable Diseases</mesh_term>
    <mesh_term>Infection</mesh_term>
    <mesh_term>Emergencies</mesh_term>
  </condition_browse>
  <patient_data>
    <sharing_ipd>No</sharing_ipd>
  </patient_data>
  <!-- Results have not yet been posted for this study                                          -->
</clinical_study>

