<?xml version="1.0" encoding="UTF-8"?>
<clinical_study rank="1608">
  <!-- This xml conforms to an XML Schema at:
    https://clinicaltrials.gov/ct2/html/images/info/public.xsd -->
  <required_header>
    <download_date>ClinicalTrials.gov processed this data on February 18, 2021</download_date>
    <link_text>Link to the current ClinicalTrials.gov record.</link_text>
    <url>https://clinicaltrials.gov/show/NCT04659239</url>
  </required_header>
  <id_info>
    <org_study_id>20200404</org_study_id>
    <nct_id>NCT04659239</nct_id>
  </id_info>
  <brief_title>The Efficacy, Safety and Immunogenicity Study of Inactivated SARS-CoV-2 Vaccine for Preventing Against COVID-19</brief_title>
  <official_title>A Randomized, Double-Blinded, Placebo Controlled Phase III Clinical Trial of SARS-CoV-2 Vaccine, Inactivated (Vero Cell) in Adults Aged 18 Years and Above</official_title>
  <sponsors>
    <lead_sponsor>
      <agency>Chinese Academy of Medical Sciences</agency>
      <agency_class>Other</agency_class>
    </lead_sponsor>
  </sponsors>
  <source>Chinese Academy of Medical Sciences</source>
  <oversight_info>
    <has_dmc>Yes</has_dmc>
    <is_fda_regulated_drug>No</is_fda_regulated_drug>
    <is_fda_regulated_device>No</is_fda_regulated_device>
  </oversight_info>
  <brief_summary>
    <textblock>
      This is a randomized, double-blinded, placebo controlled phase III clinical trial to evaluate&#xD;
      the efficacy, safety and immunogenicity of SARS-CoV-2 Vaccine, Inactivated (Vero Cell) in&#xD;
      adults aged 18 years and above after 2-dose schedule.&#xD;
    </textblock>
  </brief_summary>
  <detailed_description>
    <textblock>
      The trial includes two parts, namely the efficacy study and immunogenicity bridging study. A&#xD;
      total of 34020 participants will be enrolled, i.e. 32820 for efficacy cohort, and 1200 for&#xD;
      domestic immunogenicity cohort in China.&#xD;
&#xD;
      Efficacy study: Participants will be randomly inoculated with two doses of investigational&#xD;
      vaccine or placebo according to 1:1 ratio following Day 0-Day 14 immunization schedule and&#xD;
      will be observed from the first dose of investigational vaccine to collect symptomatic and&#xD;
      laboratory-confirmed COVID-19 cases for the evaluation of the efficacy of the investigational&#xD;
      vaccine.&#xD;
&#xD;
      Immunogenicity bridging study: Before inoculating the first dose, 14 days, 6 months and 12&#xD;
      months after the whole-course immunization, blood samples will be taken for determination of&#xD;
      neutralizing antibody and IgG antibody against SARS-CoV-2 (ELISA method); and before&#xD;
      inoculating the first dose, 6 months and 12 months after the whole-course immunization, blood&#xD;
      samples will be taken for detecting specific T cells with the ELISPOT assay with an aim to&#xD;
      evaluate immunogenicity and immune persistence.&#xD;
&#xD;
      Safety observations for all participants will be conducted from the first dose to 28 days&#xD;
      after the whole-course immunization, and follow-up of SAEs will also be conducted from the&#xD;
      first dose to at least 12 months after the whole-course immunization to evaluate the safety&#xD;
      of the investigational vaccine.&#xD;
    </textblock>
  </detailed_description>
  <overall_status>Enrolling by invitation</overall_status>
  <start_date type="Actual">January 28, 2021</start_date>
  <completion_date type="Anticipated">July 2022</completion_date>
  <primary_completion_date type="Anticipated">September 2021</primary_completion_date>
  <phase>Phase 3</phase>
  <study_type>Interventional</study_type>
  <has_expanded_access>No</has_expanded_access>
  <study_design_info>
    <allocation>Randomized</allocation>
    <intervention_model>Parallel Assignment</intervention_model>
    <primary_purpose>Prevention</primary_purpose>
    <masking>Quadruple (Participant, Care Provider, Investigator, Outcomes Assessor)</masking>
  </study_design_info>
  <primary_outcome>
    <measure>The incidence of COVID-19 cases after two-doses of vaccination</measure>
    <time_frame>From 14 days after the second dose to 1 year after the second dose.</time_frame>
    <description>The incidence of the symptomatic and laboratory-confirmed COVID-19 cases starting from Day 14 after the second dose.</description>
  </primary_outcome>
  <primary_outcome>
    <measure>The incidence of solicited AEs.</measure>
    <time_frame>7 days after each dose</time_frame>
    <description>The incidence of solicited AEs at the inoculation site (local) and solicited AEs at the non-inoculation site (systemic) within 7 days after each dose</description>
  </primary_outcome>
  <secondary_outcome>
    <measure>The incidence of COVID-19 cases after at least one dose of immunization.</measure>
    <time_frame>From the first dose to 1 year after the second dose.</time_frame>
    <description>The incidence of the symptomatic and laboratory-confirmed COVID-19 cases after at least one dose of immunization.</description>
  </secondary_outcome>
  <secondary_outcome>
    <measure>The Geometric Mean Titer (GMT) of neutralizing antibody</measure>
    <time_frame>14 days after the whole-course immunization</time_frame>
    <description>The Geometric Mean Titer (GMT) of neutralizing antibody against SARS-CoV-2 14 days after the whole-course immunization.</description>
  </secondary_outcome>
  <secondary_outcome>
    <measure>The Geometric Mean Titer (GMT) of IgG antibody</measure>
    <time_frame>14 days after the whole-course immunization</time_frame>
    <description>The Geometric Mean Titer (GMT) of IgG antibody (ELISA method) against SARS-CoV-2 14 days after the whole-course immunization.</description>
  </secondary_outcome>
  <secondary_outcome>
    <measure>The positive rates of neutralizing antibody</measure>
    <time_frame>14 days after the whole-course immunization</time_frame>
    <description>The positive rates of neutralizing antibody against SARS-CoV-2 14 days after the whole-course immunization.</description>
  </secondary_outcome>
  <secondary_outcome>
    <measure>The positive rates of IgG antibody</measure>
    <time_frame>14 days after the whole-course immunization</time_frame>
    <description>The positive rates of IgG antibody (ELISA method) against SARS-CoV-2 14 days after the whole-course immunization.</description>
  </secondary_outcome>
  <secondary_outcome>
    <measure>The seroconversion rates of neutralizing antibody</measure>
    <time_frame>14 days after the whole-course immunization</time_frame>
    <description>The seroconversion rates of neutralizing antibody against SARS-CoV-2 14 days after the whole-course immunization.</description>
  </secondary_outcome>
  <secondary_outcome>
    <measure>The seroconversion rates of IgG antibody</measure>
    <time_frame>14 days after the whole-course immunization</time_frame>
    <description>The seroconversion rates of IgG antibody (ELISA method) against SARS-CoV-2 14 days after the whole-course immunization.</description>
  </secondary_outcome>
  <secondary_outcome>
    <measure>The positive rates of neutralizing antibody</measure>
    <time_frame>6 months and 12 months after whole-course immunization.</time_frame>
    <description>The positive rates of neutralizing antibody against SARS-CoV-2 6 months and 12 months after whole-course immunization.</description>
  </secondary_outcome>
  <secondary_outcome>
    <measure>The positive rates of IgG antibody</measure>
    <time_frame>6 months and 12 months after whole-course immunization.</time_frame>
    <description>The positive rates of IgG antibody (ELISA method) against SARS-CoV-2 6 months and 12 months after whole-course immunization.</description>
  </secondary_outcome>
  <secondary_outcome>
    <measure>The Geometric Mean Titer (GMT) of neutralizing antibody</measure>
    <time_frame>6 months and 12 months after whole-course immunization.</time_frame>
    <description>The Geometric Mean Titer (GMT) of neutralizing antibody against SARS-CoV-2 6 months and 12 months after whole-course immunization.</description>
  </secondary_outcome>
  <secondary_outcome>
    <measure>The Geometric Mean Titer (GMT) of IgG antibody</measure>
    <time_frame>6 months and 12 months after whole-course immunization.</time_frame>
    <description>The Geometric Mean Titer (GMT) of IgG antibody (ELISA method) against SARS-CoV-2 6 months and 12 months after whole-course immunization.</description>
  </secondary_outcome>
  <secondary_outcome>
    <measure>Specific T cells with ELISPOT assay</measure>
    <time_frame>6 months and 12 months after the whole-course immunization</time_frame>
    <description>Detecting specific T cells with ELISPOT assay 6 months and 12 months after the whole-course immunization</description>
  </secondary_outcome>
  <secondary_outcome>
    <measure>The incidence of AEs</measure>
    <time_frame>From the first dose to 28 days after whole-course immunization.</time_frame>
    <description>The incidence of AEs from the first dose to 28 days after whole-course immunization</description>
  </secondary_outcome>
  <secondary_outcome>
    <measure>The incidence of SAEs</measure>
    <time_frame>From the first dose to at least 12 months after whole-course immunization.</time_frame>
    <description>The incidence of SAEs from the first dose to at least 12 months after whole-course immunization.</description>
  </secondary_outcome>
  <secondary_outcome>
    <measure>The occurrence of Antibody Dependent Enhancement (ADE)/ Vaccine Enhanced Disease(VED)</measure>
    <time_frame>From 14 days after the second dose to 1 year after the second dose.</time_frame>
    <description>The occurrence of Antibody Dependent Enhancement (ADE)/ Vaccine Enhanced Disease(VED) that probably related to the laboratory-confirmed COVID-19 from 14 days after the second dose till the end of trial.</description>
  </secondary_outcome>
  <other_outcome>
    <measure>The surrogate endpoint of immunogenicity</measure>
    <time_frame>From 14 days after the second dose to 1 year after the second dose.</time_frame>
    <description>The correlation between the efficacy of the vaccine and the levels of neutralizing antibody and IgG antibody against SARS-CoV-2.</description>
  </other_outcome>
  <number_of_arms>2</number_of_arms>
  <enrollment type="Anticipated">34020</enrollment>
  <condition>COVID-19</condition>
  <arm_group>
    <arm_group_label>Investigational Vaccine</arm_group_label>
    <arm_group_type>Experimental</arm_group_type>
    <description>Participants will receive 2 doses of the inactivated SARS-CoV-2 vaccine (Vero cell) according to the immunization schedule of D0, D14.</description>
  </arm_group>
  <arm_group>
    <arm_group_label>Placebo</arm_group_label>
    <arm_group_type>Placebo Comparator</arm_group_type>
    <description>Participants will receive 2 doses of the placebo according to the immunization schedule of D0, D14.</description>
  </arm_group>
  <intervention>
    <intervention_type>Biological</intervention_type>
    <intervention_name>Inactivated SARS-CoV-2 Vaccine (Vero cell)</intervention_name>
    <description>The inactivated SARS-CoV-2 vaccine (vero cell) was manufactured by IMBCAMS. Each dose of 0.5ml is for per person per time use.</description>
    <arm_group_label>Investigational Vaccine</arm_group_label>
  </intervention>
  <intervention>
    <intervention_type>Biological</intervention_type>
    <intervention_name>Placebo</intervention_name>
    <description>The placebo was manufactured by IMBCAMS. Each dose of 0.5ml is for per person per time use.</description>
    <arm_group_label>Placebo</arm_group_label>
  </intervention>
  <eligibility>
    <criteria>
      <textblock>
        Inclusion Criteria:&#xD;
&#xD;
          1. Adults aged 18 years and above (including boundary values), both female and male.&#xD;
&#xD;
          2. Legal identification of the participants shall be provided.&#xD;
&#xD;
          3. Participants shall understand the content in the Informed Consent Form (ICF) and the&#xD;
             vaccine for administration, sign the ICF voluntarily and are capable of using&#xD;
             thermometers and rulers, and filling in diary cards and contact cards as per the&#xD;
             requirements.&#xD;
&#xD;
          4. Subject shall be able to communicate well with investigators, understand and comply&#xD;
             with the requirements of this study.&#xD;
&#xD;
          5. Participants with oral temperature ≤ 37.9 ℃.&#xD;
&#xD;
          6. Female participants of childbearing potential (defined as any female who has&#xD;
             experienced menarche and who is NOT surgically sterile [i.e., hysterectomy, bilateral&#xD;
             tubal ligation, or bilateral oophorectomy] or postmenopausal [defined as amenorrhea at&#xD;
             least 12 consecutive months]) must agree to be heterosexually inactive OR consistently&#xD;
             use any of the following methods of contraception:&#xD;
&#xD;
               1. Condoms (male or female)&#xD;
&#xD;
               2. Diaphragm with spermicide&#xD;
&#xD;
               3. Cervical cap with spermicide&#xD;
&#xD;
               4. Intrauterine device&#xD;
&#xD;
               5. Oral or patch contraceptives&#xD;
&#xD;
               6. Any country regulatory-approved contraceptive method that is designed to protect&#xD;
                  against pregnancy&#xD;
&#xD;
               7. Abstinence, as a form of contraception, is acceptable if in line with the&#xD;
                  participant's lifestyle (other approaches to abstinence are not acceptable).&#xD;
&#xD;
        Exclusion Criteria:&#xD;
&#xD;
          1. Contraindications to commonly used vaccines;&#xD;
&#xD;
          2. History of allergy to any vaccines or drug;&#xD;
&#xD;
          3. Received any vaccine within 1 month before the first dose of vaccination；&#xD;
&#xD;
          4. Serious diseases required to be excluded, including but not limited to history of&#xD;
             diseases in nervous system, cardiovascular system, blood and lymphatic system, immune&#xD;
             system, kidney, liver, gastrointestinal tract, respiratory system, metabolism, bones&#xD;
             and other systems, and a history of malignant tumors;&#xD;
&#xD;
          5. Before immunizing the first dose of investigational vaccine, those who developed acute&#xD;
             disease within 2 weeks, or had symptoms of fever or upper respiratory tract infection&#xD;
             within 7 days;&#xD;
&#xD;
          6. Those who have a hereditary bleeding tendency or blood coagulation dysfunction, or a&#xD;
             history of thrombosis or hemorrhagic disease；&#xD;
&#xD;
          7. Surgical removal of whole or part of spleen for any reason；&#xD;
&#xD;
          8. Those who have undergone surgery within 3 months before signing the ICF or those who&#xD;
             plan to undergo surgery during or within 3 months after completion of the trial&#xD;
             (including plastic surgery, dental and oral surgery);&#xD;
&#xD;
          9. Those who donated or lost blood (≥400 mL) in the past 3 months, who received blood&#xD;
             transfusion or use of blood products, or who plan blood donation during the trial;&#xD;
&#xD;
         10. Those who received other investigational or unregistered products (drugs, vaccines,&#xD;
             biological product or devices) in the past 3 months before signing the ICF, or plan to&#xD;
             use them during the study.&#xD;
&#xD;
         11. Those who received immunosuppressant therapy within 6 months before signing the ICF,&#xD;
             such as long-term systemic glucocorticoid treatment (with systemic glucocorticoid&#xD;
             therapy for more than 2 consecutive weeks within 6 months, such as prednisone or&#xD;
             similar drugs), but local administration is permitted (such as ointment, eye drops,&#xD;
             inhalants, or nasal spray). The local administration should not exceed the recommended&#xD;
             dose in the package insert or have any signs of systemic exposure;&#xD;
&#xD;
         12. Participants cannot meet the criteria through the comprehensive physical examination,&#xD;
             mainly including:&#xD;
&#xD;
               -  Abnormal vital signs with clinical significance (awakening heart rate &lt;55&#xD;
                  beats/min or &gt;100 beats/min, systolic blood pressure ≥140mmHg or diastolic blood&#xD;
                  pressure ≥90mmHg);&#xD;
&#xD;
               -  Those who tested positive for type 1 or type 2 human immunodeficiency virus&#xD;
                  (HIV-1/2) antibody, or SARS-CoV-2 nucleic acid;&#xD;
&#xD;
         13. History of COVID-19;&#xD;
&#xD;
         14. Participants who have a positive pregnancy test, or are breastfeeding, or planning&#xD;
             pregnancy, or plan to donate sperm or eggs within 12 months from the screening period&#xD;
             to the whole-course immunization;&#xD;
&#xD;
         15. Participants who are considered as inappropriate for the trial by investigators.&#xD;
&#xD;
         16. Suspected or known current alcohol or drug dependency.&#xD;
&#xD;
         17. Investigator site personnel directly related to this study and/or their immediate&#xD;
             families; immediate family is defined as a spouse, parent, child, or sibling, whether&#xD;
             biological or legally adopted.&#xD;
      </textblock>
    </criteria>
    <gender>All</gender>
    <minimum_age>18 Years</minimum_age>
    <maximum_age>N/A</maximum_age>
    <healthy_volunteers>Accepts Healthy Volunteers</healthy_volunteers>
  </eligibility>
  <overall_official>
    <last_name>Yasmin binti Mohamed Gani, PhD</last_name>
    <role>Principal Investigator</role>
    <affiliation>Hospital Sungai Buloh</affiliation>
  </overall_official>
  <overall_official>
    <last_name>Adilson JW Cavalcante, PhD</last_name>
    <role>Principal Investigator</role>
    <affiliation>CEMEC Pesquisa Clinica</affiliation>
  </overall_official>
  <location>
    <facility>
      <name>CEMEC Pesquisa Clinica</name>
      <address>
        <city>São Bernardo do Campo</city>
        <state>São Paulo</state>
        <country>Brazil</country>
      </address>
    </facility>
  </location>
  <location>
    <facility>
      <name>Hospital Sungai Buloh</name>
      <address>
        <city>Sungai Buloh</city>
        <state>Selangor</state>
        <zip>47000</zip>
        <country>Malaysia</country>
      </address>
    </facility>
  </location>
  <location_countries>
    <country>Brazil</country>
    <country>Malaysia</country>
  </location_countries>
  <verification_date>February 2021</verification_date>
  <study_first_submitted>December 5, 2020</study_first_submitted>
  <study_first_submitted_qc>December 8, 2020</study_first_submitted_qc>
  <study_first_posted type="Actual">December 9, 2020</study_first_posted>
  <last_update_submitted>February 9, 2021</last_update_submitted>
  <last_update_submitted_qc>February 9, 2021</last_update_submitted_qc>
  <last_update_posted type="Actual">February 10, 2021</last_update_posted>
  <responsible_party>
    <responsible_party_type>Principal Investigator</responsible_party_type>
    <investigator_affiliation>Chinese Academy of Medical Sciences</investigator_affiliation>
    <investigator_full_name>Qihan Li</investigator_full_name>
    <investigator_title>Professor</investigator_title>
  </responsible_party>
  <!-- Results have not yet been posted for this study                                          -->
</clinical_study>

