<?xml version="1.0" encoding="UTF-8"?>
<clinical_study rank="4220">
  <!-- This xml conforms to an XML Schema at:
    https://clinicaltrials.gov/ct2/html/images/info/public.xsd -->
  <required_header>
    <download_date>ClinicalTrials.gov processed this data on February 18, 2021</download_date>
    <link_text>Link to the current ClinicalTrials.gov record.</link_text>
    <url>https://clinicaltrials.gov/show/NCT04661410</url>
  </required_header>
  <id_info>
    <org_study_id>2009008088</org_study_id>
    <secondary_id>R01MH122392-01S1</secondary_id>
    <nct_id>NCT04661410</nct_id>
  </id_info>
  <brief_title>Reward Re-Training: A New Treatment to Address Reward Imbalance During the COVID-19 Pandemic</brief_title>
  <official_title>Reward Re-Training: A New Treatment to Address Reward Imbalance During the COVID-19 Pandemic</official_title>
  <sponsors>
    <lead_sponsor>
      <agency>Drexel University</agency>
      <agency_class>Other</agency_class>
    </lead_sponsor>
    <collaborator>
      <agency>National Institute of Mental Health (NIMH)</agency>
      <agency_class>NIH</agency_class>
    </collaborator>
  </sponsors>
  <source>Drexel University</source>
  <oversight_info>
    <has_dmc>Yes</has_dmc>
    <is_fda_regulated_drug>No</is_fda_regulated_drug>
    <is_fda_regulated_device>No</is_fda_regulated_device>
  </oversight_info>
  <brief_summary>
    <textblock>
      In the current study, the investigators will revise our existing 10-session group RRT&#xD;
      treatment manual to specifically address the challenges in building social support and&#xD;
      enhancing both momentary and sustained reward during the COVID-19 pandemic (Preliminary Aim&#xD;
      1). In months 2-18, the investigators will conduct a small pilot RCT that will randomize&#xD;
      individuals to receive either 10-sessions of RRT (n=30) or supportive therapy (n=30), both&#xD;
      delivered as group-treatments via videoconferencing software. The specific aims of the&#xD;
      current study are to confirm the feasibility and acceptability of RRT for EDs (Primary Aim&#xD;
      1), evaluate the ability of RRT to engage critical targets including reward to day-to-day&#xD;
      life activities, reward to palatable foods, social isolation, and loneliness (Primary Aim 2),&#xD;
      and provide preliminary estimates of efficacy in reducing ED symptoms at both post-treatment&#xD;
      and a 3-month follow-up (Primary Aim 3). the investigators will also evaluate the impact of&#xD;
      RRT on secondary outcome variables including depression, substance use, and quality of life&#xD;
      (Secondary Aim 1).&#xD;
    </textblock>
  </brief_summary>
  <overall_status>Recruiting</overall_status>
  <start_date type="Actual">December 1, 2020</start_date>
  <completion_date type="Anticipated">March 30, 2022</completion_date>
  <primary_completion_date type="Anticipated">December 1, 2021</primary_completion_date>
  <phase>N/A</phase>
  <study_type>Interventional</study_type>
  <has_expanded_access>No</has_expanded_access>
  <study_design_info>
    <allocation>Randomized</allocation>
    <intervention_model>Parallel Assignment</intervention_model>
    <primary_purpose>Treatment</primary_purpose>
    <masking>Single (Participant)</masking>
  </study_design_info>
  <primary_outcome>
    <measure>Binge eating frequency assessed by the Eating Disorder Examination</measure>
    <time_frame>Changes from each assessment time point throughout treatment (3 assessments over 10 weeks) and 3-month post-treatment follow-up assessment</time_frame>
    <description>Frequency (number of instances) of binge eating over the past 28 days assessed by the Eating Disorder Examination</description>
  </primary_outcome>
  <primary_outcome>
    <measure>Global Eating Pathology</measure>
    <time_frame>Changes from each assessment time point throughout treatment (3 assessments over 10 weeks) and 3-month post-treatment follow-up assessment</time_frame>
    <description>The Eating Disorder Examination is a semi-structured interview that measures eating. pathology. The EDE yields a total eating pathology score that will be used as an outcome variable. Global eating pathology is on a 0-6 point scale with higher scores indicating more significant eating pathology.</description>
  </primary_outcome>
  <primary_outcome>
    <measure>Remission Status</measure>
    <time_frame>Changes from each assessment time point throughout treatment (3 assessments over 10 weeks) and 3-month post-treatment follow-up assessment</time_frame>
    <description>Presence or absence of eating disorder diagnosis. Not in remission; in partial remission; or in full remission.</description>
  </primary_outcome>
  <primary_outcome>
    <measure>Compensatory behavior frequency assessed by the Eating Disorder Examination (EDE)</measure>
    <time_frame>Changes from each assessment time point throughout treatment (3 assessments over 10 weeks) and 3-month post-treatment follow-up assessment</time_frame>
    <description>Frequency ( number of instances) of compensatory behaviors assessed by the Eating Disorder Examination</description>
  </primary_outcome>
  <secondary_outcome>
    <measure>Depressive symptoms as assessed by the Beck Depression Inventory-II</measure>
    <time_frame>Changes from each assessment time point throughout treatment (3 assessments over 10 weeks) and 3-month post-treatment follow-up assessment</time_frame>
    <description>Assesses the type (description of certain feelings or attitudes) and intensity (how often or how much the feelings and attitudes are present) of various depressive symptoms using a total score. The scale ranges from 0-63 with higher scores indicating worse depressive symptoms.</description>
  </secondary_outcome>
  <secondary_outcome>
    <measure>Substance Use assessed by the NIDA-Modified ASSIST</measure>
    <time_frame>Changes from each assessment time point throughout treatment (3 assessments over 10 weeks) and 3-month post-treatment follow-up assessment</time_frame>
    <description>Frequency of substance use (number of days/month)</description>
  </secondary_outcome>
  <secondary_outcome>
    <measure>Quality of Life assessed by the Quality of Life Inventory (QOLI)</measure>
    <time_frame>Changes from each assessment time point throughout treatment (3 assessments over 10 weeks) and 3-month post-treatment follow-up assessment</time_frame>
    <description>Assesses the importance of 16 given life domains have on influencing happiness and current satisfaction level regarding these 16 life domains. Scores range from 1-77 with higher scores indicating better quality of life.</description>
  </secondary_outcome>
  <number_of_arms>2</number_of_arms>
  <enrollment type="Anticipated">60</enrollment>
  <condition>Bulimia Nervosa</condition>
  <condition>Bulimia; Atypical</condition>
  <condition>Binge Eating</condition>
  <condition>Binge-Eating Disorder</condition>
  <arm_group>
    <arm_group_label>Reward Re-Training</arm_group_label>
    <arm_group_type>Experimental</arm_group_type>
    <description>10 weekly sessions of Reward Re-Training Group Therapy.</description>
  </arm_group>
  <arm_group>
    <arm_group_label>Supportive Therapy</arm_group_label>
    <arm_group_type>Active Comparator</arm_group_type>
    <description>10 weekly sessions of Supportive Group Therapy.</description>
  </arm_group>
  <intervention>
    <intervention_type>Behavioral</intervention_type>
    <intervention_name>Reward Re-Training</intervention_name>
    <description>A brief, 10-session group-based behavioral treatment that is designed to indirectly change binge eating by directly focusing on building a more rewarding life. RRT hypothesizes that reductions in binge eating will occur as life becomes more rewarding because individuals will no longer need to rely on binge eating as a primary source of momentary reward. RRT notes that in order to live a satisfying life, individuals need to experience an adequate amount of reward in two overlapping yet distinguishable domains: momentary reward (i.e., the active experience of pleasure in the moment) and sustained reward (i.e., a deeper and more long-lasting sense of fulfillment and meaning that arises from building a personally valued life). A key aspect of RRT is an emphasize on building lasting and meaningful social relationships given the clear evidence that social connectedness can enhance both momentary reward and sustained reward.</description>
    <arm_group_label>Reward Re-Training</arm_group_label>
  </intervention>
  <intervention>
    <intervention_type>Behavioral</intervention_type>
    <intervention_name>Supportive Therapy</intervention_name>
    <description>A brief, 10-session group-based treatment that is designed to instill hope and optimism and to increase social connection and support through a non-directive group leader that allows the patients to determine the focus of each session. The group leader will act as an empathetic provider by using reflective listening, eliciting and validating affect, and offering empathic comments.</description>
    <arm_group_label>Supportive Therapy</arm_group_label>
  </intervention>
  <eligibility>
    <criteria>
      <textblock>
        Inclusion Criteria:&#xD;
&#xD;
          1. Have experienced 12 or more loss of control episodes within the previous 3 months&#xD;
&#xD;
          2. Have a BMI above 18.5&#xD;
&#xD;
          3. Are located in the US and willing/able to participate in remote treatment and&#xD;
             assessments&#xD;
&#xD;
          4. Are able to give consent&#xD;
&#xD;
        Exclusion Criteria:&#xD;
&#xD;
          1. Are unable to fluently speak, write and read English&#xD;
&#xD;
          2. Have a BMI below 18.5&#xD;
&#xD;
          3. Are receiving treatment for an eating disorder&#xD;
&#xD;
          4. Require immediate treatment for medical complications as a result of eating disorder&#xD;
             symptoms&#xD;
&#xD;
          5. Have a mental handicap, or are experiencing other severe psychopathology that would&#xD;
             limit the participants' ability to comply with the demands of the current study (e.g.&#xD;
             severe depression with suicidal intent, active psychotic disorder)&#xD;
      </textblock>
    </criteria>
    <gender>All</gender>
    <minimum_age>18 Years</minimum_age>
    <maximum_age>65 Years</maximum_age>
    <healthy_volunteers>No</healthy_volunteers>
  </eligibility>
  <overall_contact>
    <last_name>Research Coordinator</last_name>
    <phone>215-553-7130</phone>
    <email>EDresearch@drexel.edu</email>
  </overall_contact>
  <location>
    <facility>
      <name>Drexel University, Stratton Hall</name>
      <address>
        <city>Philadelphia</city>
        <state>Pennsylvania</state>
        <zip>19104</zip>
        <country>United States</country>
      </address>
    </facility>
    <status>Recruiting</status>
    <contact>
      <last_name>Research Coordinator</last_name>
      <phone>215-553-7130</phone>
      <email>EDresearch@drexel.edu</email>
    </contact>
  </location>
  <location_countries>
    <country>United States</country>
  </location_countries>
  <link>
    <url>https://drexel.edu/coas/academics/departments-centers/well-center/research/current-research-projects/</url>
    <description>For more information on the study or whether you are eligible, send an email to EDresearch@drexel.edu.</description>
  </link>
  <verification_date>October 2020</verification_date>
  <study_first_submitted>December 7, 2020</study_first_submitted>
  <study_first_submitted_qc>December 9, 2020</study_first_submitted_qc>
  <study_first_posted type="Actual">December 10, 2020</study_first_posted>
  <last_update_submitted>January 20, 2021</last_update_submitted>
  <last_update_submitted_qc>January 20, 2021</last_update_submitted_qc>
  <last_update_posted type="Actual">January 22, 2021</last_update_posted>
  <responsible_party>
    <responsible_party_type>Sponsor</responsible_party_type>
  </responsible_party>
  <keyword>Eating Disorders</keyword>
  <keyword>Bulimia Nervosa</keyword>
  <keyword>Binge Eating Disorder</keyword>
  <keyword>Binge Eating</keyword>
  <keyword>Reward Re-training</keyword>
  <keyword>Supportive Psychotherapy</keyword>
  <condition_browse>
    <!-- CAUTION:  The following MeSH terms are assigned with an imperfect algorithm            -->
    <mesh_term>Bulimia</mesh_term>
    <mesh_term>Feeding and Eating Disorders</mesh_term>
    <mesh_term>Binge-Eating Disorder</mesh_term>
    <mesh_term>Bulimia Nervosa</mesh_term>
  </condition_browse>
  <!-- Results have not yet been posted for this study                                          -->
</clinical_study>

