<?xml version="1.0" encoding="UTF-8"?>
<clinical_study rank="3140">
  <!-- This xml conforms to an XML Schema at:
    https://clinicaltrials.gov/ct2/html/images/info/public.xsd -->
  <required_header>
    <download_date>ClinicalTrials.gov processed this data on February 18, 2021</download_date>
    <link_text>Link to the current ClinicalTrials.gov record.</link_text>
    <url>https://clinicaltrials.gov/show/NCT04371393</url>
  </required_header>
  <id_info>
    <org_study_id>GCO 08-1078-0014</org_study_id>
    <nct_id>NCT04371393</nct_id>
  </id_info>
  <brief_title>MSCs in COVID-19 ARDS</brief_title>
  <official_title>Mesenchymal Stromal Cells for the Treatment of Moderate to Severe COVID-19 Acute Respiratory Distress Syndrome</official_title>
  <sponsors>
    <lead_sponsor>
      <agency>Icahn School of Medicine at Mount Sinai</agency>
      <agency_class>Other</agency_class>
    </lead_sponsor>
    <collaborator>
      <agency>Mesoblast, Inc.</agency>
      <agency_class>Industry</agency_class>
    </collaborator>
    <collaborator>
      <agency>National Heart, Lung, and Blood Institute (NHLBI)</agency>
      <agency_class>NIH</agency_class>
    </collaborator>
  </sponsors>
  <source>Icahn School of Medicine at Mount Sinai</source>
  <oversight_info>
    <has_dmc>Yes</has_dmc>
    <is_fda_regulated_drug>Yes</is_fda_regulated_drug>
    <is_fda_regulated_device>No</is_fda_regulated_device>
  </oversight_info>
  <brief_summary>
    <textblock>
      The mortality rate in SARS-CoV-2-related severe ARDS is high despite treatment with&#xD;
      antivirals, glucocorticoids, immunoglobulins, and ventilation. Preclinical and clinical&#xD;
      evidence indicate that MSCs migrate to the lung and respond to the pro-inflammatory lung&#xD;
      environment by releasing anti-inflammatory factors reducing the proliferation of&#xD;
      pro-inflammatory cytokines while modulating regulatory T cells and macrophages to promote&#xD;
      resolution of inflammation. Therefore, MSCs may have the potential to increase survival in&#xD;
      management of COVID-19 induced ARDS.&#xD;
&#xD;
      The primary objective of this phase 3 trial is to evaluate the efficacy and safety of the&#xD;
      addition of the mesenchymal stromal cell (MSC) remestemcel-L plus standard of care compared&#xD;
      to placebo plus standard of care in patients with acute respiratory distress syndrome (ARDS)&#xD;
      due to SARS-CoV-2. The secondary objective is to assess the impact of MSCs on inflammatory&#xD;
      biomarkers.&#xD;
    </textblock>
  </brief_summary>
  <detailed_description>
    <textblock>
      This will be a randomized (1:1 ratio), double blind, parallel design, placebo controlled&#xD;
      trial. Randomization will be stratified by clinical center and by moderate versus severe&#xD;
      ARDS. The study is designed to have three interim analyses for stopping accrual early for&#xD;
      efficacy and futility when 30%, 45% and 60% of the 300 patients have reached the primary&#xD;
      endpoint using Bayesian predictive probabilities.&#xD;
&#xD;
      Patients will be randomized in a 1:1 allocation to intravenous infusion of MSCs&#xD;
      (remestemcel-L) plus standard of care versus placebo plus standard of care for the treatment&#xD;
      of COVID-19 related ARDS:&#xD;
&#xD;
        -  Group 1: 2x10^6 MSC/kg of body weight plus standard of care, administered twice during&#xD;
           the first week, with the second infusion at 4 days following the first infusion (± 1&#xD;
           day)&#xD;
&#xD;
        -  Group 2: Placebo (Plasma-Lyte) plus standard of care, administered twice during the&#xD;
           first week, with the second infusion at 4 days following the first infusion (± 1 day)&#xD;
           (control)&#xD;
&#xD;
      MSCs and placebo will initially be administered intravenously in the dose defined above at&#xD;
      randomization. The rate of infusion may be tailored to the patient's respiratory status and&#xD;
      fluid status, but the duration of infusion should not exceed 60 minutes.&#xD;
&#xD;
      Patients will be followed for 90 days post randomization, with assessment of pulmonary&#xD;
      symptoms at 6 and 12 months.&#xD;
    </textblock>
  </detailed_description>
  <overall_status>Active, not recruiting</overall_status>
  <start_date type="Actual">April 30, 2020</start_date>
  <completion_date type="Anticipated">February 2022</completion_date>
  <primary_completion_date type="Anticipated">February 2021</primary_completion_date>
  <phase>Phase 3</phase>
  <study_type>Interventional</study_type>
  <has_expanded_access>No</has_expanded_access>
  <study_design_info>
    <allocation>Randomized</allocation>
    <intervention_model>Parallel Assignment</intervention_model>
    <intervention_model_description>This will be a randomized (1:1 ratio), double blind, parallel design, placebo controlled trial.</intervention_model_description>
    <primary_purpose>Treatment</primary_purpose>
    <masking>Triple (Participant, Investigator, Outcomes Assessor)</masking>
    <masking_description>This is a randomized clinical trial, in which the patients and investigators are masked to treatment assignment.</masking_description>
  </study_design_info>
  <primary_outcome>
    <measure>Number of all-cause mortality</measure>
    <time_frame>30 days</time_frame>
    <description>Number of all-cause mortality within 30 days of randomization.</description>
  </primary_outcome>
  <secondary_outcome>
    <measure>Number of days alive off mechanical ventilatory support</measure>
    <time_frame>60 days</time_frame>
    <description>Number of days alive off mechanical ventilatory support calculated as the number of days, within the 60 days window, that patients were alive and free of mechanical ventilatory support.</description>
  </secondary_outcome>
  <secondary_outcome>
    <measure>Number of adverse events</measure>
    <time_frame>30 days</time_frame>
    <description>Safety analyses will be assessed by adverse event rates calculated as the ratio of the total number of events over 30 days divided by total patient-time at risk for the specific event from randomization.</description>
  </secondary_outcome>
  <secondary_outcome>
    <measure>Number of participants alive at day 7</measure>
    <time_frame>7 days</time_frame>
  </secondary_outcome>
  <secondary_outcome>
    <measure>Number of participants alive at day 14</measure>
    <time_frame>14 days</time_frame>
  </secondary_outcome>
  <secondary_outcome>
    <measure>Number of participants alive at day 60</measure>
    <time_frame>60 days</time_frame>
  </secondary_outcome>
  <secondary_outcome>
    <measure>Number of participants alive at day 90</measure>
    <time_frame>90 days</time_frame>
  </secondary_outcome>
  <secondary_outcome>
    <measure>Number of participants alive at 12 Months</measure>
    <time_frame>12 Months</time_frame>
  </secondary_outcome>
  <secondary_outcome>
    <measure>Number of participants with resolution and/or improvement of ARDS</measure>
    <time_frame>7 days</time_frame>
    <description>The number and percent of patients with resolution and/or improvement of ARDS at day 7</description>
  </secondary_outcome>
  <secondary_outcome>
    <measure>Number of participants with resolution and/or improvement of ARDS</measure>
    <time_frame>14 days</time_frame>
    <description>The number and percent of patients with resolution and/or improvement of ARDS at day 14</description>
  </secondary_outcome>
  <secondary_outcome>
    <measure>Number of participants with resolution and/or improvement of ARDS</measure>
    <time_frame>21 days</time_frame>
    <description>The number and percent of patients with resolution and/or improvement of ARDS at day 21</description>
  </secondary_outcome>
  <secondary_outcome>
    <measure>Number of participants with resolution and/or improvement of ARDS</measure>
    <time_frame>30 days</time_frame>
    <description>The number and percent of patients with resolution and/or improvement of ARDS at day 30</description>
  </secondary_outcome>
  <secondary_outcome>
    <measure>Severity of ARDS</measure>
    <time_frame>baseline and 7 days</time_frame>
    <description>severity of ARDS according to Berlin Criteria at days 7 post-randomization Change from baseline of the severity of ARDS according to Berlin Criteria at days 7, 14, 21 and 30 post-randomization will be compared between treatment groups using a Cochran-Mantel-Haenszel test stratified by baseline severity.</description>
  </secondary_outcome>
  <secondary_outcome>
    <measure>Severity of ARDS</measure>
    <time_frame>baseline and 14 days</time_frame>
    <description>severity of ARDS according to Berlin Criteria at days 14 post-randomization Change from baseline of the severity of ARDS according to Berlin Criteria at days 7, 14, 21 and 30 post-randomization will be compared between treatment groups using a Cochran-Mantel-Haenszel test stratified by baseline severity.</description>
  </secondary_outcome>
  <secondary_outcome>
    <measure>Severity of ARDS</measure>
    <time_frame>baseline and 21 days</time_frame>
    <description>severity of ARDS according to Berlin Criteria at days 21 post-randomization Change from baseline of the severity of ARDS according to Berlin Criteria at days 7, 14, 21 and 30 post-randomization will be compared between treatment groups using a Cochran-Mantel-Haenszel test stratified by baseline severity.</description>
  </secondary_outcome>
  <secondary_outcome>
    <measure>Severity of ARDS</measure>
    <time_frame>baseline and 30 days</time_frame>
    <description>severity of ARDS according to Berlin Criteria at days 30 post-randomization Change from baseline of the severity of ARDS according to Berlin Criteria at days 7, 14, 21 and 30 post-randomization will be compared between treatment groups using a Cochran-Mantel-Haenszel test stratified by baseline severity.</description>
  </secondary_outcome>
  <secondary_outcome>
    <measure>Length of stay</measure>
    <time_frame>12 months</time_frame>
    <description>Hospital length of stay</description>
  </secondary_outcome>
  <secondary_outcome>
    <measure>Readmissions</measure>
    <time_frame>12 months</time_frame>
    <description>number of readmission</description>
  </secondary_outcome>
  <secondary_outcome>
    <measure>Length of Stay in Intensive Care Unit</measure>
    <time_frame>12 months</time_frame>
  </secondary_outcome>
  <secondary_outcome>
    <measure>Clinical Improvement Scale</measure>
    <time_frame>7 days</time_frame>
    <description>Change from baseline in Clinical Improvement Scale at day 7. Clinical Improvement Scale full scale from 1 to 7, with higher score indicating more clinical improvement.</description>
  </secondary_outcome>
  <secondary_outcome>
    <measure>Clinical Improvement Scale</measure>
    <time_frame>14 days</time_frame>
    <description>Change from baseline in Clinical Improvement Scale at day 14. Full scale from 1 to 7, with higher score indicating more clinical improvement.</description>
  </secondary_outcome>
  <secondary_outcome>
    <measure>Clinical Improvement Scale</measure>
    <time_frame>21 days</time_frame>
    <description>Change from baseline in Clinical Improvement Scale at day 21. Clinical Improvement Scale full scale from 1 to 7, with higher score indicating more clinical improvement.</description>
  </secondary_outcome>
  <secondary_outcome>
    <measure>Clinical Improvement Scale</measure>
    <time_frame>30 days</time_frame>
    <description>Change from baseline in Clinical Improvement Scale at day 30. Clinical Improvement Scale full scale from 1 to 7, with higher score indicating more clinical improvement.</description>
  </secondary_outcome>
  <secondary_outcome>
    <measure>Change in plasma hs-CRP concentration</measure>
    <time_frame>baseline and 7 days</time_frame>
    <description>Changes from baseline in plasma hs-CRP concentration at days 7</description>
  </secondary_outcome>
  <secondary_outcome>
    <measure>Change in plasma hs-CRP concentration</measure>
    <time_frame>baseline and 14 days</time_frame>
    <description>Changes from baseline in plasma hs-CRP concentration at days 14</description>
  </secondary_outcome>
  <secondary_outcome>
    <measure>Change in plasma hs-CRP concentration</measure>
    <time_frame>baseline and 21 days</time_frame>
    <description>Changes from baseline in plasma hs-CRP concentration at days 21</description>
  </secondary_outcome>
  <secondary_outcome>
    <measure>Change in serum hs-CRP concentration</measure>
    <time_frame>baseline and 30 days</time_frame>
    <description>Changes from baseline in serum hs-CRP concentration at days 30</description>
  </secondary_outcome>
  <secondary_outcome>
    <measure>Change in IL-6 inflammatory marker level</measure>
    <time_frame>baseline and 7 days</time_frame>
    <description>Changes from baseline in IL-6 inflammatory marker level at 7 days</description>
  </secondary_outcome>
  <secondary_outcome>
    <measure>Change in IL-6 inflammatory marker level</measure>
    <time_frame>baseline and 14 days</time_frame>
    <description>Changes from baseline in IL-6 inflammatory marker level at 14 days</description>
  </secondary_outcome>
  <secondary_outcome>
    <measure>Change in IL-6 inflammatory marker level</measure>
    <time_frame>baseline and 21 days</time_frame>
    <description>Changes from baseline in IL-6 inflammatory marker level at 21 days</description>
  </secondary_outcome>
  <secondary_outcome>
    <measure>Change in IL-6 inflammatory marker level</measure>
    <time_frame>baseline and 30 days</time_frame>
    <description>Changes from baseline in IL-6 inflammatory marker level at 30 days</description>
  </secondary_outcome>
  <secondary_outcome>
    <measure>Change in IL-8 inflammatory marker level</measure>
    <time_frame>baseline and 7 days</time_frame>
    <description>Changes from baseline in IL-6 inflammatory marker level at 7 days</description>
  </secondary_outcome>
  <secondary_outcome>
    <measure>Change in IL-8 inflammatory marker level</measure>
    <time_frame>baseline and 21 days</time_frame>
    <description>Changes from baseline in IL-6 inflammatory marker level at 21 days</description>
  </secondary_outcome>
  <secondary_outcome>
    <measure>Change in IL-8 inflammatory marker level</measure>
    <time_frame>baseline and 14 days</time_frame>
    <description>Changes from baseline in IL-6 inflammatory marker level at 14 days</description>
  </secondary_outcome>
  <secondary_outcome>
    <measure>Change in IL-8 inflammatory marker level</measure>
    <time_frame>baseline and 30 days</time_frame>
    <description>Changes from baseline in IL-6 inflammatory marker level at 30 days</description>
  </secondary_outcome>
  <secondary_outcome>
    <measure>Change in TNF-alpha inflammatory marker level</measure>
    <time_frame>baseline and 7 days</time_frame>
    <description>Changes from baseline in TNF-alpha inflammatory marker level at 7 days</description>
  </secondary_outcome>
  <secondary_outcome>
    <measure>Change in TNF-alpha inflammatory marker level</measure>
    <time_frame>baseline and 14 days</time_frame>
    <description>Changes from baseline in TNF-alpha inflammatory marker level at 14 days</description>
  </secondary_outcome>
  <secondary_outcome>
    <measure>Change in TNF-alpha inflammatory marker level</measure>
    <time_frame>baseline and 21 days</time_frame>
    <description>Changes from baseline in TNF-alpha inflammatory marker level at 21 days</description>
  </secondary_outcome>
  <secondary_outcome>
    <measure>Change in TNF-alpha inflammatory marker level</measure>
    <time_frame>baseline and 30 days</time_frame>
    <description>Changes from baseline in TNF-alpha inflammatory marker level at 30 days</description>
  </secondary_outcome>
  <secondary_outcome>
    <measure>Pulmonary symptoms</measure>
    <time_frame>6 months</time_frame>
    <description>including the presence of emphysema, COPD, asthma, pulmonary fibrosis, other pulmonary disease, and the need for respiratory support will be reported by randomization</description>
  </secondary_outcome>
  <secondary_outcome>
    <measure>Pulmonary symptoms</measure>
    <time_frame>12 months</time_frame>
    <description>including the presence of emphysema, COPD, asthma, pulmonary fibrosis, other pulmonary disease, and the need for respiratory support will be reported by randomization</description>
  </secondary_outcome>
  <number_of_arms>2</number_of_arms>
  <enrollment type="Actual">223</enrollment>
  <condition>Mesenchymal Stromal Cells</condition>
  <condition>Remestemcel-L</condition>
  <condition>Acute Respiratory Distress Syndrome</condition>
  <condition>COVID</condition>
  <arm_group>
    <arm_group_label>Remestemcel-L Plus Standard of Care</arm_group_label>
    <arm_group_type>Experimental</arm_group_type>
    <description>Intravenous infusion of remestemcel-L 2x10^6 MSC/kg of body weight plus standard of care</description>
  </arm_group>
  <arm_group>
    <arm_group_label>Placebo Plus Standard of Care</arm_group_label>
    <arm_group_type>Placebo Comparator</arm_group_type>
    <description>Placebo (Plasma-Lyte) plus standard of care</description>
  </arm_group>
  <intervention>
    <intervention_type>Biological</intervention_type>
    <intervention_name>Remestemcel-L</intervention_name>
    <description>administered twice during the first week, with the second infusion at 4 days following the first injection (± 1 day)</description>
    <arm_group_label>Remestemcel-L Plus Standard of Care</arm_group_label>
  </intervention>
  <intervention>
    <intervention_type>Drug</intervention_type>
    <intervention_name>Placebo</intervention_name>
    <description>administered twice during the first week, with second infusion at 4 days following the first injection (± 1 day)</description>
    <arm_group_label>Placebo Plus Standard of Care</arm_group_label>
  </intervention>
  <eligibility>
    <criteria>
      <textblock>
        Inclusion Criteria&#xD;
&#xD;
          -  18 years or older&#xD;
&#xD;
          -  Patient has SARS-CoV-2 (COVID-19) confirmed by real-time reverse transcription&#xD;
             polymerase chain reaction (RT-PCR) assay or other diagnostic test&#xD;
&#xD;
          -  Patient requiring mechanical ventilatory support with moderate to severe ARDS as&#xD;
             determined by the following criteria (adapted from the Berlin criteria)&#xD;
&#xD;
               -  Bilateral opacities must be present on a chest radiograph or computerized&#xD;
                  tomographic (CT) scan. These opacities are not fully explained by pleural&#xD;
                  effusions, lobar collapse, lung collapse, or pulmonary nodules.&#xD;
&#xD;
               -  Respiratory failure not fully explained by cardiac failure or fluid overload.&#xD;
&#xD;
               -  Moderate to severe impairment of oxygenation must be present, as defined by the&#xD;
                  ratio of arterial oxygen tension to fraction of inspired oxygen (PaO2/FiO2). The&#xD;
                  severity of the hypoxemia defines the severity of the ARDS:&#xD;
&#xD;
          -  Moderate ARDS: PaO2/FiO2 &gt;100 mmHg and ≤200 mmHg, on ventilator settings that include&#xD;
             PEEP ≥5 cm H2O OR&#xD;
&#xD;
          -  Severe ARDS: PaO2/FiO2 ≤100 mmHg on ventilator settings that include PEEP ≥5 cm H2O&#xD;
&#xD;
          -  High sensitivity C-Reactive Protein (hs-CRP) or CRP serum level &gt;4.0 mg/dL&#xD;
&#xD;
          -  Acute Physiologic and Chronic Health Evaluation (APACHE IV) score &gt;5&#xD;
&#xD;
          -  Creatinine clearance of ≥ 30 mL/minute OR a creatinine clearance of 20-29 mL/minute&#xD;
             with urine output of ≥0.3 mLs/kg/hour over the last 8 hours or ≥500 mLs over the last&#xD;
             24 hours&#xD;
&#xD;
          -  The patient or his/her legally authorized representative (LAR) is able to provide&#xD;
             informed consent&#xD;
&#xD;
        Exclusion Criteria&#xD;
&#xD;
          -  Currently receiving extracorporeal membrane oxygenation (ECMO) or high frequency&#xD;
             oscillatory ventilation (HFOV)&#xD;
&#xD;
          -  Females who are pregnant or lactating&#xD;
&#xD;
          -  Patients with established positive bacterial blood cultures prior to enrollment or&#xD;
             suspicion of superimposed bacterial pneumonia&#xD;
&#xD;
          -  Patients with BMI &gt;55&#xD;
&#xD;
          -  Patients with untreated HIV infection&#xD;
&#xD;
          -  Patients with malignancy who are within 12 months of active treatment with any&#xD;
             chemotherapy, radiation or immunotherapy.&#xD;
&#xD;
          -  Patients who have been intubated for more than 72 hours in total at the time of&#xD;
             randomization&#xD;
&#xD;
          -  Creatinine clearance less than 20 mL/minute or receiving renal replacement therapy&#xD;
&#xD;
          -  LFTs (isolated ALT or AST) &gt; 8x upper limit of normal or &gt; 5x upper limit of normal in&#xD;
             the setting of other liver function abnormalities (i.e., total bilirubin ≥ 2x upper&#xD;
             limit of normal)&#xD;
&#xD;
          -  Known hypersensitivity to DMSO or to porcine or bovine proteins&#xD;
&#xD;
          -  History of prior respiratory disease with requirement for supplemental oxygen&#xD;
&#xD;
          -  Any end-stage organ disease which in the opinion of the investigator may possibly&#xD;
             affect the safety of remestemcel-L treatment&#xD;
&#xD;
          -  Receiving an investigational cellular therapy agent&#xD;
      </textblock>
    </criteria>
    <gender>All</gender>
    <minimum_age>18 Years</minimum_age>
    <maximum_age>N/A</maximum_age>
    <healthy_volunteers>No</healthy_volunteers>
  </eligibility>
  <overall_official>
    <last_name>Annetine C Gelijns, PhD</last_name>
    <role>Principal Investigator</role>
    <affiliation>Icahn School of Medicine at Mount Sinai</affiliation>
  </overall_official>
  <overall_official>
    <last_name>Michael Mack, MD</last_name>
    <role>Study Director</role>
    <affiliation>Baylor Research Institute</affiliation>
  </overall_official>
  <overall_official>
    <last_name>Peter Smith, MD</last_name>
    <role>Study Director</role>
    <affiliation>Duke University</affiliation>
  </overall_official>
  <location>
    <facility>
      <name>Dignity Health</name>
      <address>
        <city>Gilbert</city>
        <state>Arizona</state>
        <zip>85297</zip>
        <country>United States</country>
      </address>
    </facility>
  </location>
  <location>
    <facility>
      <name>University of Southern California</name>
      <address>
        <city>Los Angeles</city>
        <state>California</state>
        <zip>90033</zip>
        <country>United States</country>
      </address>
    </facility>
  </location>
  <location>
    <facility>
      <name>Stanford University</name>
      <address>
        <city>Stanford</city>
        <state>California</state>
        <zip>94305</zip>
        <country>United States</country>
      </address>
    </facility>
  </location>
  <location>
    <facility>
      <name>Emory University</name>
      <address>
        <city>Atlanta</city>
        <state>Georgia</state>
        <zip>30308</zip>
        <country>United States</country>
      </address>
    </facility>
  </location>
  <location>
    <facility>
      <name>Lutheran Hospital</name>
      <address>
        <city>Fort Wayne</city>
        <state>Indiana</state>
        <zip>46825</zip>
        <country>United States</country>
      </address>
    </facility>
  </location>
  <location>
    <facility>
      <name>Ochsner Clinic</name>
      <address>
        <city>New Orleans</city>
        <state>Louisiana</state>
        <zip>70121</zip>
        <country>United States</country>
      </address>
    </facility>
  </location>
  <location>
    <facility>
      <name>Maine Medical Center</name>
      <address>
        <city>Portland</city>
        <state>Maine</state>
        <zip>04102</zip>
        <country>United States</country>
      </address>
    </facility>
  </location>
  <location>
    <facility>
      <name>University of Maryland</name>
      <address>
        <city>Baltimore</city>
        <state>Maryland</state>
        <zip>21201</zip>
        <country>United States</country>
      </address>
    </facility>
  </location>
  <location>
    <facility>
      <name>Brigham and Women's Hospital</name>
      <address>
        <city>Boston</city>
        <state>Massachusetts</state>
        <zip>02115</zip>
        <country>United States</country>
      </address>
    </facility>
  </location>
  <location>
    <facility>
      <name>University of Michigan</name>
      <address>
        <city>Ann Arbor</city>
        <state>Michigan</state>
        <zip>48109</zip>
        <country>United States</country>
      </address>
    </facility>
  </location>
  <location>
    <facility>
      <name>Dartmouth-Hitchcock</name>
      <address>
        <city>Lebanon</city>
        <state>New Hampshire</state>
        <zip>03766</zip>
        <country>United States</country>
      </address>
    </facility>
  </location>
  <location>
    <facility>
      <name>New York University Langone Health</name>
      <address>
        <city>New York</city>
        <state>New York</state>
        <zip>10016</zip>
        <country>United States</country>
      </address>
    </facility>
  </location>
  <location>
    <facility>
      <name>Mount Sinai Health</name>
      <address>
        <city>New York</city>
        <state>New York</state>
        <zip>10029</zip>
        <country>United States</country>
      </address>
    </facility>
  </location>
  <location>
    <facility>
      <name>Northwell Health</name>
      <address>
        <city>New York</city>
        <state>New York</state>
        <zip>10075</zip>
        <country>United States</country>
      </address>
    </facility>
  </location>
  <location>
    <facility>
      <name>Duke University Medical Center</name>
      <address>
        <city>Durham</city>
        <state>North Carolina</state>
        <zip>27710</zip>
        <country>United States</country>
      </address>
    </facility>
  </location>
  <location>
    <facility>
      <name>WakeMed</name>
      <address>
        <city>Raleigh</city>
        <state>North Carolina</state>
        <zip>27610</zip>
        <country>United States</country>
      </address>
    </facility>
  </location>
  <location>
    <facility>
      <name>Cleveland Clinic Foundation</name>
      <address>
        <city>Cleveland</city>
        <state>Ohio</state>
        <zip>44195</zip>
        <country>United States</country>
      </address>
    </facility>
  </location>
  <location>
    <facility>
      <name>University of Pennsylvania Health System</name>
      <address>
        <city>Philadelphia</city>
        <state>Pennsylvania</state>
        <zip>19104</zip>
        <country>United States</country>
      </address>
    </facility>
  </location>
  <location>
    <facility>
      <name>Houston Methodist Hospital</name>
      <address>
        <city>Houston</city>
        <state>Texas</state>
        <zip>77030</zip>
        <country>United States</country>
      </address>
    </facility>
  </location>
  <location>
    <facility>
      <name>Baylor, Smith &amp; White</name>
      <address>
        <city>Plano</city>
        <state>Texas</state>
        <zip>75093</zip>
        <country>United States</country>
      </address>
    </facility>
  </location>
  <location>
    <facility>
      <name>University of Virginia</name>
      <address>
        <city>Charlottesville</city>
        <state>Virginia</state>
        <zip>22908</zip>
        <country>United States</country>
      </address>
    </facility>
  </location>
  <location_countries>
    <country>United States</country>
  </location_countries>
  <verification_date>December 2020</verification_date>
  <study_first_submitted>April 28, 2020</study_first_submitted>
  <study_first_submitted_qc>April 28, 2020</study_first_submitted_qc>
  <study_first_posted type="Actual">May 1, 2020</study_first_posted>
  <last_update_submitted>December 18, 2020</last_update_submitted>
  <last_update_submitted_qc>December 18, 2020</last_update_submitted_qc>
  <last_update_posted type="Actual">December 21, 2020</last_update_posted>
  <responsible_party>
    <responsible_party_type>Principal Investigator</responsible_party_type>
    <investigator_affiliation>Icahn School of Medicine at Mount Sinai</investigator_affiliation>
    <investigator_full_name>Annetine Gelijns</investigator_full_name>
    <investigator_title>Chair, Department of Population Health Science &amp; Policy</investigator_title>
  </responsible_party>
  <keyword>mesenchymal stem cells</keyword>
  <keyword>SARS-CoV-2</keyword>
  <keyword>cytokine storm</keyword>
  <condition_browse>
    <!-- CAUTION:  The following MeSH terms are assigned with an imperfect algorithm            -->
    <mesh_term>Respiratory Distress Syndrome, Newborn</mesh_term>
    <mesh_term>Respiratory Distress Syndrome, Adult</mesh_term>
    <mesh_term>Acute Lung Injury</mesh_term>
    <mesh_term>Syndrome</mesh_term>
  </condition_browse>
  <patient_data>
    <sharing_ipd>Yes</sharing_ipd>
    <ipd_description>All of the individual participant data collected during the trial, after deidentification.</ipd_description>
    <ipd_info_type>Study Protocol</ipd_info_type>
    <ipd_info_type>Statistical Analysis Plan (SAP)</ipd_info_type>
    <ipd_info_type>Informed Consent Form (ICF)</ipd_info_type>
    <ipd_info_type>Clinical Study Report (CSR)</ipd_info_type>
    <ipd_info_type>Analytic Code</ipd_info_type>
    <ipd_time_frame>De-identified study data sets must be submitted to the designated NHLBI Program Official no later than 3 years after the end of the clinical activity (final patient follow-up, etc.) or 2 years after the main paper of the trial has been published, whichever comes first. Data are prepared by the study coordinating center and sent to the designated PO for review prior to release.</ipd_time_frame>
    <ipd_access_criteria>Anyone who wishes to access the data.</ipd_access_criteria>
  </patient_data>
  <!-- Results have not yet been posted for this study                                          -->
</clinical_study>

