<?xml version="1.0" encoding="UTF-8"?>
<clinical_study rank="2240">
  <!-- This xml conforms to an XML Schema at:
    https://clinicaltrials.gov/ct2/html/images/info/public.xsd -->
  <required_header>
    <download_date>ClinicalTrials.gov processed this data on February 18, 2021</download_date>
    <link_text>Link to the current ClinicalTrials.gov record.</link_text>
    <url>https://clinicaltrials.gov/show/NCT04390191</url>
  </required_header>
  <id_info>
    <org_study_id>GCO 20-0900</org_study_id>
    <nct_id>NCT04390191</nct_id>
  </id_info>
  <brief_title>Early CPAP in COVID-19 Confirmed or Suspected Patients</brief_title>
  <acronym>PAP-COVID</acronym>
  <official_title>Early Continuous Positive Airway Pressure (CPAP) in COVID-19 Confirmed or Suspected Patients</official_title>
  <sponsors>
    <lead_sponsor>
      <agency>Icahn School of Medicine at Mount Sinai</agency>
      <agency_class>Other</agency_class>
    </lead_sponsor>
    <collaborator>
      <agency>Itamar Medical LTD</agency>
      <agency_class>Other</agency_class>
    </collaborator>
    <collaborator>
      <agency>Community Surgical Supply of Toms River, Inc</agency>
      <agency_class>Other</agency_class>
    </collaborator>
    <collaborator>
      <agency>Philips Healthcare</agency>
      <agency_class>Industry</agency_class>
    </collaborator>
  </sponsors>
  <source>Icahn School of Medicine at Mount Sinai</source>
  <oversight_info>
    <has_dmc>Yes</has_dmc>
    <is_fda_regulated_drug>No</is_fda_regulated_drug>
    <is_fda_regulated_device>Yes</is_fda_regulated_device>
  </oversight_info>
  <brief_summary>
    <textblock>
      There is surge in COVID infected patients in New York City with a shortage of hospital beds,&#xD;
      ICU beds and ventilators. Strategies to reduce the need for all of the above are immediately&#xD;
      needed. Further, few interventions are targeted in COVID infected patients early in the&#xD;
      course of their disease and especially in the community/home settings. Respiratory&#xD;
      decompensation appears to occur later in the disease process (i.e. 7-10 days after becoming&#xD;
      symptomatic) therefore many patients are sent home from the Emergency Room and they&#xD;
      subsequently decompensate later at home. Some patients die at home and others are returning&#xD;
      to the Emergency Room with hypoxemic respiratory failure. There is no treatment offered to&#xD;
      this population of patients, i.e. COVID suspected or confirmed and with respiratory symptoms&#xD;
      or abnormal chest x-ray at the time of presentation. Based on experience across the globe,&#xD;
      these patients are likely to worsen at home. The study team therefore proposes a prospective,&#xD;
      single-center, parallel group, open-label, randomized clinical trial to assess the efficacy&#xD;
      of fixed low continuous positive airway pressure therapy (CPAP) (FDA approved and often used&#xD;
      for treatment of sleep apnea) in COVID confirmed or suspected patients with abnormal chest&#xD;
      x-ray or respiratory symptoms who do not require hospital admission and are discharged home&#xD;
      from the emergency room.&#xD;
    </textblock>
  </brief_summary>
  <detailed_description>
    <textblock>
      The study team proposes a randomized controlled trial of CPAP (n=100) vs. control (n=100) in&#xD;
      COVID-19 suspected or confirmed patients with pneumonia or respiratory illness. The&#xD;
      overarching aim of this proposal is to determine if early use of CPAP at home will reduce&#xD;
      hypoxemic events or reduce the need for hospital admission or death in COVID-19 suspected or&#xD;
      confirmed patients. The study team will include adult patients (age&gt;18) who live alone or&#xD;
      have more than one bedroom at home, with serologically confirmed or suspected COVID-19&#xD;
      infection, who have one or more of the following: fever (&gt;38ºC), sore throat, myalgia or&#xD;
      flu-like illness AND have one or more of the following additional symptom or diagnostic&#xD;
      criteria: abnormal chest x-ray, new onset cough, mild hypoxemia at rest (saturation less than&#xD;
      96%), abnormal lung exam, chest tightness or shortness of breath AND who are without need for&#xD;
      hospital admission. Patients with preexisting pulmonary diseases such as advanced COPD,&#xD;
      advanced parenchymal lung disease, history of pneumothorax etc. will be excluded.&#xD;
      Participants in both arms will be shipped a pulse oximeter to monitor oxygen saturation and a&#xD;
      disposable home sleep apnea monitor (WatchPAT) to track blood oxygen level continuously for&#xD;
      12 hours with data feed into a cloud based platform. Additionally, 100 patients will be&#xD;
      randomized to receive CPAP at fixed pressure (8-10cm H20) for 72 hours continuously (except&#xD;
      for daily activities such as eating, personal activities and breaks for ambulation etc). The&#xD;
      CPAP pressure will be adjusted based on patient's comfort but will not deviate from the range&#xD;
      of 8-10cm. While the study protocol will end at 72 hours, patients who wish to continue CPAP&#xD;
      will be allowed to do so for symptomatic benefit up to 7 days from randomization. All CPAP&#xD;
      recipients will be given a full-face mask and will be asked to stay in quarantine for the&#xD;
      duration of the protocol to avoid risk of infecting family members with aerosol (separate&#xD;
      consent to be obtained from household members who are elderly or with comorbidities.) The&#xD;
      study team hypothesizes that early low-grade fixed CPAP in COVID infected patients who have&#xD;
      respiratory abnormalities will reduce hypoxemic events and decrease the risk of subsequent&#xD;
      hospitalization or death in 14 days from randomization. The study will also address whether&#xD;
      use of CPAP in the home increases the risk of infecting household family members.&#xD;
    </textblock>
  </detailed_description>
  <overall_status>Recruiting</overall_status>
  <start_date type="Actual">May 7, 2020</start_date>
  <completion_date type="Anticipated">May 2021</completion_date>
  <primary_completion_date type="Anticipated">April 2021</primary_completion_date>
  <phase>N/A</phase>
  <study_type>Interventional</study_type>
  <has_expanded_access>No</has_expanded_access>
  <study_design_info>
    <allocation>Randomized</allocation>
    <intervention_model>Parallel Assignment</intervention_model>
    <intervention_model_description>This is a prospective, single-center, parallel group, open-label, randomized clinical trial, where the study team will investigate the efficacy of continuous positive airway pressure therapy (CPAP) in COVID suspected or confirmed patients who are sent home from the emergency room with mild pneumonia or respiratory illness but who do not require hospital admission. The study team proposes a randomized controlled trial of CPAP (n=100) vs. control (n=100) in COVID-19 suspected or confirmed patients with pneumonia or respiratory illness.</intervention_model_description>
    <primary_purpose>Treatment</primary_purpose>
    <masking>None (Open Label)</masking>
  </study_design_info>
  <primary_outcome>
    <measure>Efficacy Endpoint composite score</measure>
    <time_frame>14 days</time_frame>
    <description>Non-weighted composite score comprised of the following components: All-cause mortality within 14 days of randomization, hospital Admission (including ED visit) within 14 days of randomization, oxygen saturation less than 90 during the 72-hour observation period from randomization, absolute reduction in oxygen saturation of more than 4% during the 72-hour observation period from randomization.</description>
  </primary_outcome>
  <secondary_outcome>
    <measure>Time to ICU admission</measure>
    <time_frame>14 days from randomization</time_frame>
    <description>The time from randomization to an admission to the intensive care unit within 14 days from randomization</description>
  </secondary_outcome>
  <secondary_outcome>
    <measure>Time to Intubation and mechanical ventilation</measure>
    <time_frame>14 days from randomization</time_frame>
    <description>The time from randomization to the patient needing to be intubated and needing mechanical ventilation within 14 days from randomization</description>
  </secondary_outcome>
  <secondary_outcome>
    <measure>14 day and 28 day mortality</measure>
    <time_frame>14-28 days from randomization</time_frame>
    <description>The time from randomization to death within 14 and 28 days from randomization</description>
  </secondary_outcome>
  <secondary_outcome>
    <measure>Conversion rate of COVID household members in CPAP vs control</measure>
    <time_frame>14 days from randomization</time_frame>
    <description>The conversation rate of household members from being COVID negative to COVID positive in the CPAP arm vs the control arm within 14 days from randomization</description>
  </secondary_outcome>
  <secondary_outcome>
    <measure>Clinical COPD Questionnaire (CCQ)</measure>
    <time_frame>14 days from randomization</time_frame>
    <description>If there is any improvement in respiratory symptoms of cough or shortness of breath etc. assessed via a respiratory symptom questionnaire within 14 days from randomization. The CCQ is a 10-item instrument, full scale from 0 to 6, with higher score indicating lower health status.</description>
  </secondary_outcome>
  <secondary_outcome>
    <measure>Percentage of patients electing to continue CPAP for greater than 72 hours</measure>
    <time_frame>7 days from randomization</time_frame>
    <description>Percentage of the patients in the CPAP arm elect to continue using the CPAP after the initial 72 hour period.</description>
  </secondary_outcome>
  <secondary_outcome>
    <measure>Degree of improvement in oxygen saturation</measure>
    <time_frame>14 days from randomization</time_frame>
    <description>The degree of improvement in oxygen saturation within 14 days of randomization.</description>
  </secondary_outcome>
  <secondary_outcome>
    <measure>Time to hospital admission or ED</measure>
    <time_frame>14 days from randomization</time_frame>
    <description>Time to hospital admission or ED within 14 days of randomization</description>
  </secondary_outcome>
  <number_of_arms>2</number_of_arms>
  <enrollment type="Anticipated">200</enrollment>
  <condition>COVID-19</condition>
  <condition>COVID</condition>
  <condition>Coronavirus</condition>
  <arm_group>
    <arm_group_label>Continuous Positive Airway Pressure (CPAP)</arm_group_label>
    <arm_group_type>Experimental</arm_group_type>
    <description>Patients will be given CPAP at fixed pressure of 8-10 cm water pressure for 72 hours continuously</description>
  </arm_group>
  <arm_group>
    <arm_group_label>Control</arm_group_label>
    <arm_group_type>No Intervention</arm_group_type>
    <description>Patients in this arm will be not be given any intervention and will be monitored for 72 hours continuously, and then daily for a total of 14 days.</description>
  </arm_group>
  <intervention>
    <intervention_type>Device</intervention_type>
    <intervention_name>Continuous Positive Airway Pressure</intervention_name>
    <description>CPAP at fixed pressure (8-10cm H20) for 72 hours continuously (except for daily activities such as eating, personal activities and breaks for ambulation etc).</description>
    <arm_group_label>Continuous Positive Airway Pressure (CPAP)</arm_group_label>
    <other_name>CPAP</other_name>
  </intervention>
  <eligibility>
    <criteria>
      <textblock>
        Inclusion criteria:&#xD;
&#xD;
          1. Adults &gt; 18 years old&#xD;
&#xD;
          2. Patients living alone or with more than one room at home&#xD;
&#xD;
          3. COVID confirmed or suspected&#xD;
&#xD;
          4. To be discharged home or already discharged&#xD;
&#xD;
          5. One or more of these: fever (&gt;38oC), sore throat, myalgia or flu-like illness&#xD;
&#xD;
          6. One or more of the following: abnormal chest x-ray, new onset cough, mild hypoxemia&#xD;
             (saturation between 92-96%), abnormal lung exam, chest tightness or shortness of&#xD;
             breath&#xD;
&#xD;
        Exclusion criteria:&#xD;
&#xD;
          1. Unable to self quarantine for 72 hours if in the CPAP arm&#xD;
&#xD;
          2. Preexisting pulmonary diseases such as advanced COPD, advanced parenchymal lung&#xD;
             disease, history of pneumothorax etc.&#xD;
&#xD;
          3. Claustrophobic and unable to tolerate CPAP mask&#xD;
&#xD;
          4. Evidence of hypercapnia&#xD;
&#xD;
          5. Recent heart of lung surgery within 3 months&#xD;
&#xD;
          6. Individuals without access to smart phones or wireless connection or internet access&#xD;
&#xD;
          7. Prior history of aspiration&#xD;
&#xD;
          8. Speech or swallowing impairment (risk of aspiration)&#xD;
&#xD;
          9. History of stroke with significant neurologic deficit&#xD;
&#xD;
         10. Advanced symptomatic heart failure&#xD;
&#xD;
         11. Unable to provide informed consent&#xD;
&#xD;
         12. household with young children and child care responsibilities&#xD;
&#xD;
         13. household with high-risk individuals (defined as over 60 or with comorbidities (e.g.&#xD;
             heart disease, diabetes, pulmonary))&#xD;
      </textblock>
    </criteria>
    <gender>All</gender>
    <minimum_age>18 Years</minimum_age>
    <maximum_age>N/A</maximum_age>
    <healthy_volunteers>No</healthy_volunteers>
  </eligibility>
  <overall_official>
    <last_name>Neomi Shah, MD, MPH, MS</last_name>
    <role>Principal Investigator</role>
    <affiliation>Icahn School of Medicine at Mount Sinai</affiliation>
  </overall_official>
  <overall_contact>
    <last_name>Neomi Shah, MD, MPH, MS</last_name>
    <phone>212-241-6286</phone>
    <email>neomi.shah@mssm.edu</email>
  </overall_contact>
  <overall_contact_backup>
    <last_name>Samira Khan, MPH</last_name>
    <phone>516-749-6198</phone>
    <email>samira.khan@mssm.edu</email>
  </overall_contact_backup>
  <location>
    <facility>
      <name>Icahn School of Medicine at Mount Sinai</name>
      <address>
        <city>New York</city>
        <state>New York</state>
        <zip>10029</zip>
        <country>United States</country>
      </address>
    </facility>
    <status>Recruiting</status>
    <contact>
      <last_name>Neomi Shah, MD, MPH, MS</last_name>
      <phone>212-241-6286</phone>
      <email>neomi.shah@mssm.edu</email>
    </contact>
    <investigator>
      <last_name>Neomi Shah, MD, MPH, MS</last_name>
      <role>Principal Investigator</role>
    </investigator>
  </location>
  <location_countries>
    <country>United States</country>
  </location_countries>
  <verification_date>May 2020</verification_date>
  <study_first_submitted>May 12, 2020</study_first_submitted>
  <study_first_submitted_qc>May 13, 2020</study_first_submitted_qc>
  <study_first_posted type="Actual">May 15, 2020</study_first_posted>
  <last_update_submitted>May 13, 2020</last_update_submitted>
  <last_update_submitted_qc>May 13, 2020</last_update_submitted_qc>
  <last_update_posted type="Actual">May 15, 2020</last_update_posted>
  <responsible_party>
    <responsible_party_type>Principal Investigator</responsible_party_type>
    <investigator_affiliation>Icahn School of Medicine at Mount Sinai</investigator_affiliation>
    <investigator_full_name>Neomi A Shah</investigator_full_name>
    <investigator_title>Associate Professor of Medicine</investigator_title>
  </responsible_party>
  <keyword>Continuous Positive Airway Pressure</keyword>
  <keyword>COVID-19</keyword>
  <keyword>Coronavirus</keyword>
  <keyword>Positive airway pressure</keyword>
  <keyword>Hospital admission</keyword>
  <keyword>Non-invasive ventilation</keyword>
  <condition_browse>
    <!-- CAUTION:  The following MeSH terms are assigned with an imperfect algorithm            -->
    <mesh_term>Coronavirus Infections</mesh_term>
  </condition_browse>
  <patient_data>
    <sharing_ipd>No</sharing_ipd>
  </patient_data>
  <!-- Results have not yet been posted for this study                                          -->
</clinical_study>

