<?xml version="1.0" encoding="UTF-8"?>
<clinical_study rank="2701">
  <!-- This xml conforms to an XML Schema at:
    https://clinicaltrials.gov/ct2/html/images/info/public.xsd -->
  <required_header>
    <download_date>ClinicalTrials.gov processed this data on February 18, 2021</download_date>
    <link_text>Link to the current ClinicalTrials.gov record.</link_text>
    <url>https://clinicaltrials.gov/show/NCT04400929</url>
  </required_header>
  <id_info>
    <org_study_id>SH-Leuk-01</org_study_id>
    <nct_id>NCT04400929</nct_id>
  </id_info>
  <brief_title>Using GM-CSF as a Host Directed Therapeutic Against COVID-19</brief_title>
  <official_title>Using GM-CSF as a Host Directed Therapeutic Against COVID-19 - a Phase 2 Investigator Initiated Trial</official_title>
  <sponsors>
    <lead_sponsor>
      <agency>Singapore General Hospital</agency>
      <agency_class>Other</agency_class>
    </lead_sponsor>
  </sponsors>
  <source>Singapore General Hospital</source>
  <oversight_info>
    <has_dmc>No</has_dmc>
    <is_fda_regulated_drug>Yes</is_fda_regulated_drug>
    <is_fda_regulated_device>No</is_fda_regulated_device>
    <is_us_export>Yes</is_us_export>
  </oversight_info>
  <brief_summary>
    <textblock>
      The coronavirus disease 2019 (COVID-19) has rapidly become a pandemic. COVID-19 poses a&#xD;
      mortality risk of 3-7%, rising to 20% in older patients with co-morbidities. Of all infected&#xD;
      patients, 15-20% will develop severe respiratory symptoms necessitating hospital admission.&#xD;
      Around 5% of patients will require invasive mechanical ventilation, and up to 50% will die.&#xD;
&#xD;
      Evidence in severe COVID-19 suggests that these patients experience cytokine storm and&#xD;
      progressed rapidly with acute respiratory distress syndrome and eventual multi-organ failure.&#xD;
      Early identification and immediate treatment of hyperinflammation is thus recommended to&#xD;
      reduce mortality. Granulocyte Macrophage Colony Stimulating Factor (GM-CSF) has been shown to&#xD;
      be a myelopoietic growth factor that has pleiotropic effects in promoting the differentiation&#xD;
      of immature precursors into polymorphonuclear neutrophils, monocytes/ macrophages and&#xD;
      dendritic cells, and also in controlling the function of fully mature myeloid cells. It plays&#xD;
      an important role in priming monocytes for production of proinflammatory cytokines under TLR&#xD;
      and NLR stimulation. It has a broad impact on the processes driving DC differentiation and&#xD;
      affects DC effector function at the mature state. Importantly, GM-CSF plays a critical role&#xD;
      in host defense and stimulating antiviral immunity. Detailed studies have also shown that&#xD;
      GM-CSF is necessary for the maturation of alveolar macrophages from foetal monocytes and the&#xD;
      maintenance of these cells in adulthood. The known toxicology, pharmacologic and safety data&#xD;
      also support the use of Leukine® in hypoxic respiratory failure and ARDS due to COVID-19.&#xD;
&#xD;
      This study aims to recruit patients with evidence of pneumonia and hypoxia who have increased&#xD;
      risk for severe disease and need for mechanical ventilation. The overall hypothesis is that&#xD;
      GM-CSF has antiviral immunity, can provide the stimulus to restore immune homeostasis in the&#xD;
      lung with acute lung injury from COVID-19, and can promote lung repair mechanisms, which&#xD;
      would lead to improvement in lung oxygenation parameters.&#xD;
    </textblock>
  </brief_summary>
  <detailed_description>
    <textblock>
      The hypothesis of the proposed intervention is that GM-CSF has profound effects on antiviral&#xD;
      immunity, can provide the stimulus to restore immune homeostasis in the lung with acute lung&#xD;
      injury post COVID-19, and can promote lung repair mechanisms, which would lead to an&#xD;
      improvement in lung oxygenation parameters. This hypothesis is based on experiments performed&#xD;
      in mice showing that GM-CSF treatment can prevent mortality and prevent ARDS in mice with&#xD;
      post-viral acute lung injury.&#xD;
&#xD;
      In the interim analysis of the SARPAC trial, patients who received nebulised Leukine® via a&#xD;
      mesh inhaler showed a trend in improvement in their P(A-a)O2 gradient at day 6 compared to&#xD;
      the SOC group. There are however, anticipated logistical difficulties of training and&#xD;
      infection control concerns with administering of nebulised Leukine® via a specialised inhaler&#xD;
      in the negative pressure room. Hence we propose to randomize patients with confirmed COVID-19&#xD;
      and acute hypoxic respiratory failure (saturation &lt; 94% on room air or PaO2/FiO2 &lt;350) to&#xD;
      receive iv Leukine® 125mcg/m2 once a day for 5 days on top of SOC (treatment group A), or to&#xD;
      receive SOC treatment only (placebo group B). Dosing of systemic Leukine® is based on prior&#xD;
      experience of using this drug in patients with pneumonia-associated ARDS.&#xD;
&#xD;
      To measure the effectiveness of Leukine® in restoring lung homeostasis, the primary endpoint&#xD;
      of this intervention is measuring oxygenation after 5 days of intravenous treatment through&#xD;
      assessment of pre-treatment and post-treatment ratio of PaO2/FiO2, and through measurement of&#xD;
      the P(A-a)O2 gradient, which can easily be performed in the setting of clinical observation&#xD;
      of inpatients. During the 5-day treatment period, we will perform daily measurements of&#xD;
      oxygen saturation (pulse oximetry) in relation to FiO2, and the slope of alterations in these&#xD;
      parameters could also be an indicator that our hypothesis is correct.&#xD;
&#xD;
      Comparison will be between group A receiving iv Leukine® on top of standard of care (SOC) and&#xD;
      placebo group B receiving SOC only. Data from the Wuhan COVID-19 epidemic show that patients&#xD;
      that deteriorate are facing a prolonged period of mechanical ventilation. Therefore, the&#xD;
      study will be unblinded at day 5, or at any time within the first 5 days of study should the&#xD;
      patient deteriorate clinically with need for supplemental oxygen FiO2 requirement ≥ 0.5.&#xD;
      Patients in group B will then have the option to receive 5 days of iv Leukine®, based on the&#xD;
      treating physician's assessment. This group will be group D. Patients who require mechanical&#xD;
      ventilation also have the option to receive an additional 5 days of iv Leukine®, based on the&#xD;
      treating physician's assessment (group C and E).&#xD;
&#xD;
      A total of 30 patients with confirmed COVID-19 and acute hypoxic respiratory failure will be&#xD;
      enrolled, 15 who will receive Leukine® + SOC, and 15 who will receive placebo + SOC. The&#xD;
      target group of subjects is defined as confirmed COVID-19 patients with acute hypoxic&#xD;
      respiratory failure admitted to the COVID-19 isolation ward. Subjects will be recruited from&#xD;
      the isolation wards located in Singapore General Hospital (SGH). Subjects will be identified&#xD;
      by the primary managing physicians who are infectious diseases physicians.&#xD;
&#xD;
      Safety data, including blood leukocyte counts, will be collected in all patients. Efficacy&#xD;
      data will also be collected and will include arterial blood gases, oxygenation parameters,&#xD;
      need for ventilation, lung compliance, organ function, radiographic changes, ferritin levels,&#xD;
      triglyceride levels, etc. as well as occurrence of secondary bacterial infections.&#xD;
&#xD;
      Patients will stop the investigational drug if there is unacceptable toxicity according to&#xD;
      investigator's judgement.&#xD;
    </textblock>
  </detailed_description>
  <overall_status>Recruiting</overall_status>
  <start_date type="Actual">June 2, 2020</start_date>
  <completion_date type="Anticipated">June 2022</completion_date>
  <primary_completion_date type="Anticipated">June 2021</primary_completion_date>
  <phase>Phase 2</phase>
  <study_type>Interventional</study_type>
  <has_expanded_access>No</has_expanded_access>
  <study_design_info>
    <allocation>Randomized</allocation>
    <intervention_model>Parallel Assignment</intervention_model>
    <intervention_model_description>This is a randomized, double-blind, placebo-controlled clinical trial of iv Leukine® in 30 patients with confirmed COVID-19 and acute hypoxic respiratory failure.</intervention_model_description>
    <primary_purpose>Treatment</primary_purpose>
    <masking>Double (Participant, Investigator)</masking>
    <masking_description>This is a double-blind study to investigate immediate versus delayed treatment of iv Leukine® in improving oxygenation and short- and long-term outcome of COVID-19 patients with acute hypoxic respiratory failure. The study will be unblinded at Day 5, or at any time within the first 5 days of study should the patient deteriorate clinically with need for supplemental oxygen FiO2 requirement ≥ 0.5.</masking_description>
  </study_design_info>
  <primary_outcome>
    <measure>Measuring oxygenation</measure>
    <time_frame>Day 1 to Day 6</time_frame>
    <description>To measure the effectiveness of Leukine® in restoring lung homeostasis, the primary endpoint of this intervention is measuring oxygenation after 5 days of intravenous treatment through assessment of pre-treatment and post-treatment ratio of PaO2/FiO2, and through measurement of the P(A-a)O2 gradient, which can easily be performed in the setting of clinical observation of inpatients.</description>
  </primary_outcome>
  <number_of_arms>5</number_of_arms>
  <enrollment type="Anticipated">30</enrollment>
  <condition>COVID</condition>
  <condition>Sars-CoV2</condition>
  <condition>ARDS, Human</condition>
  <arm_group>
    <arm_group_label>Group A: Treatment Group</arm_group_label>
    <arm_group_type>Experimental</arm_group_type>
    <description>Day 1 - 5: Receive study medication Leukine® 125mcg/m2 body surface area daily (via infusion into the vein) in addition to standard of care treatments</description>
  </arm_group>
  <arm_group>
    <arm_group_label>Group B: Placebo Group</arm_group_label>
    <arm_group_type>Placebo Comparator</arm_group_type>
    <description>Day 1 - 5: Receive normal saline 0.9% daily (via infusion into the vein) in addition to standard of care treatments</description>
  </arm_group>
  <arm_group>
    <arm_group_label>Group C</arm_group_label>
    <arm_group_type>Experimental</arm_group_type>
    <description>Day 6 - 10: Subjects in Group A who require mechanical ventilation to receive an additional 5 days of IV Leukine® 125mcg/m2 body surface area daily, in addition to standard of care treatments (based on the treating physician's assessment)</description>
  </arm_group>
  <arm_group>
    <arm_group_label>Group D</arm_group_label>
    <arm_group_type>Experimental</arm_group_type>
    <description>Day 6 - 10: Subjects from Group B to receive study medication (based on the treating physician's assessment), Leukine® 125mcg/m2 body surface area daily (via infusion into the vein) in addition to standard of care treatments</description>
  </arm_group>
  <arm_group>
    <arm_group_label>Group E</arm_group_label>
    <arm_group_type>Experimental</arm_group_type>
    <description>Day 11 - 15: Subjects in Group D who require mechanical ventilation to receive an additional 5 days of IV Leukine® 125mcg/m2 body surface area daily, in addition to standard of care treatments (based on the treating physician's assessment)</description>
  </arm_group>
  <intervention>
    <intervention_type>Drug</intervention_type>
    <intervention_name>Sargramostim</intervention_name>
    <description>Dosage for IV Leukine® injection: 125mcg/m2/day over a 4-hour period for up to 5 days.</description>
    <arm_group_label>Group A: Treatment Group</arm_group_label>
    <arm_group_label>Group C</arm_group_label>
    <arm_group_label>Group D</arm_group_label>
    <arm_group_label>Group E</arm_group_label>
    <other_name>GM-CSF</other_name>
    <other_name>Granulocyte-Macrophage Colony Stimulating Factor</other_name>
    <other_name>Leukine®</other_name>
  </intervention>
  <intervention>
    <intervention_type>Other</intervention_type>
    <intervention_name>Normal Saline 0.9%</intervention_name>
    <description>IV normal saline 0.9% for 5 days</description>
    <arm_group_label>Group B: Placebo Group</arm_group_label>
  </intervention>
  <eligibility>
    <criteria>
      <textblock>
        Inclusion Criteria:&#xD;
&#xD;
          -  SARS-CoV-2 PCR-confirmed COVID-19 infection&#xD;
&#xD;
          -  Presence of acute hypoxic respiratory failure defined as (either or both)&#xD;
&#xD;
          -  Saturation &lt; 94% on room air or requiring supplemental oxygen&#xD;
&#xD;
          -  PaO2/FiO2 below 350&#xD;
&#xD;
          -  Age 21-80&#xD;
&#xD;
          -  Able and willing to provide informed consent&#xD;
&#xD;
        Exclusion Criteria:&#xD;
&#xD;
          -  Patients who are already on supplemental oxygen of FiO2 ≥ 0.4&#xD;
&#xD;
          -  Patients with known history of serious allergic reactions, including anaphylaxis, to&#xD;
             human GM-CSF such as Leukine®, yeast-derived products, or any component of the&#xD;
             product.&#xD;
&#xD;
          -  Mechanical ventilation before start of study&#xD;
&#xD;
          -  Patients enrolled in another investigational drug study&#xD;
&#xD;
          -  Pregnant or breastfeeding females (all female subjects of childbearing potential&#xD;
             status must have negative pregnancy test at screening)&#xD;
&#xD;
          -  Patients with peripheral white blood cell count above 25,000 per microliter and/or&#xD;
             active myeloid malignancy&#xD;
&#xD;
          -  Patients on high dose systemic steroids (&gt; 20mg methylprednisolone or equivalent)&#xD;
&#xD;
          -  Patients on lithium carbonate therapy&#xD;
&#xD;
          -  Patients with serum ferritin &gt;2000 mcg/ml (which will exclude ongoing HLH)&#xD;
      </textblock>
    </criteria>
    <gender>All</gender>
    <minimum_age>21 Years</minimum_age>
    <maximum_age>80 Years</maximum_age>
    <healthy_volunteers>No</healthy_volunteers>
  </eligibility>
  <overall_official>
    <last_name>Jenny Low, MBBS</last_name>
    <role>Principal Investigator</role>
    <affiliation>Singapore General Hospital</affiliation>
  </overall_official>
  <overall_contact>
    <last_name>Jenny Low, MBBS</last_name>
    <phone>65767757</phone>
    <email>jenny.low@singhealth.com.sg</email>
  </overall_contact>
  <location>
    <facility>
      <name>Singapore General Hospital</name>
      <address>
        <city>Singapore</city>
        <country>Singapore</country>
      </address>
    </facility>
    <status>Recruiting</status>
    <investigator>
      <last_name>Jenny Low, MBBS</last_name>
      <role>Principal Investigator</role>
    </investigator>
  </location>
  <location_countries>
    <country>Singapore</country>
  </location_countries>
  <reference>
    <citation>Cheung CY, Poon LL, Ng IH, Luk W, Sia SF, Wu MH, Chan KH, Yuen KY, Gordon S, Guan Y, Peiris JS. Cytokine responses in severe acute respiratory syndrome coronavirus-infected macrophages in vitro: possible relevance to pathogenesis. J Virol. 2005 Jun;79(12):7819-26.</citation>
    <PMID>15919935</PMID>
  </reference>
  <reference>
    <citation>Kikkert M. Innate Immune Evasion by Human Respiratory RNA Viruses. J Innate Immun. 2020;12(1):4-20. doi: 10.1159/000503030. Epub 2019 Oct 14. Review.</citation>
    <PMID>31610541</PMID>
  </reference>
  <reference>
    <citation>Prompetchara E, Ketloy C, Palaga T. Immune responses in COVID-19 and potential vaccines: Lessons learned from SARS and MERS epidemic. Asian Pac J Allergy Immunol. 2020 Mar;38(1):1-9. doi: 10.12932/AP-200220-0772. Review.</citation>
    <PMID>32105090</PMID>
  </reference>
  <reference>
    <citation>Mehta P, McAuley DF, Brown M, Sanchez E, Tattersall RS, Manson JJ; HLH Across Speciality Collaboration, UK. COVID-19: consider cytokine storm syndromes and immunosuppression. Lancet. 2020 Mar 28;395(10229):1033-1034. doi: 10.1016/S0140-6736(20)30628-0. Epub 2020 Mar 16.</citation>
    <PMID>32192578</PMID>
  </reference>
  <reference>
    <citation>Chen N, Zhou M, Dong X, Qu J, Gong F, Han Y, Qiu Y, Wang J, Liu Y, Wei Y, Xia J, Yu T, Zhang X, Zhang L. Epidemiological and clinical characteristics of 99 cases of 2019 novel coronavirus pneumonia in Wuhan, China: a descriptive study. Lancet. 2020 Feb 15;395(10223):507-513. doi: 10.1016/S0140-6736(20)30211-7. Epub 2020 Jan 30.</citation>
    <PMID>32007143</PMID>
  </reference>
  <reference>
    <citation>Ruan Q, Yang K, Wang W, Jiang L, Song J. Correction to: Clinical predictors of mortality due to COVID-19 based on an analysis of data of 150 patients from Wuhan, China. Intensive Care Med. 2020 Jun;46(6):1294-1297. doi: 10.1007/s00134-020-06028-z.</citation>
    <PMID>32253449</PMID>
  </reference>
  <reference>
    <citation>Park WY, Goodman RB, Steinberg KP, Ruzinski JT, Radella F 2nd, Park DR, Pugin J, Skerrett SJ, Hudson LD, Martin TR. Cytokine balance in the lungs of patients with acute respiratory distress syndrome. Am J Respir Crit Care Med. 2001 Nov 15;164(10 Pt 1):1896-903.</citation>
    <PMID>11734443</PMID>
  </reference>
  <reference>
    <citation>Fowler AA, Fisher BJ, Centor RM, Carchman RA. Development of the adult respiratory distress syndrome: progressive alteration of neutrophil chemotactic and secretory processes. Am J Pathol. 1984 Sep;116(3):427-35.</citation>
    <PMID>6476079</PMID>
  </reference>
  <reference>
    <citation>Munford RS, Pugin J. Normal responses to injury prevent systemic inflammation and can be immunosuppressive. Am J Respir Crit Care Med. 2001 Feb;163(2):316-21. Review.</citation>
    <PMID>11179099</PMID>
  </reference>
  <reference>
    <citation>Monneret G, Lepape A, Voirin N, Bohé J, Venet F, Debard AL, Thizy H, Bienvenu J, Gueyffier F, Vanhems P. Persisting low monocyte human leukocyte antigen-DR expression predicts mortality in septic shock. Intensive Care Med. 2006 Aug;32(8):1175-83. Epub 2006 Jun 2.</citation>
    <PMID>16741700</PMID>
  </reference>
  <reference>
    <citation>Tiegs G, Barsig J, Matiba B, Uhlig S, Wendel A. Potentiation by granulocyte macrophage colony-stimulating factor of lipopolysaccharide toxicity in mice. J Clin Invest. 1994 Jun;93(6):2616-22.</citation>
    <PMID>8201000</PMID>
  </reference>
  <reference>
    <citation>Meisel C, Schefold JC, Pschowski R, Baumann T, Hetzger K, Gregor J, Weber-Carstens S, Hasper D, Keh D, Zuckermann H, Reinke P, Volk HD. Granulocyte-macrophage colony-stimulating factor to reverse sepsis-associated immunosuppression: a double-blind, randomized, placebo-controlled multicenter trial. Am J Respir Crit Care Med. 2009 Oct 1;180(7):640-8. doi: 10.1164/rccm.200903-0363OC. Epub 2009 Jul 9.</citation>
    <PMID>19590022</PMID>
  </reference>
  <reference>
    <citation>Toda H, Murata A, Oka Y, Uda K, Tanaka N, Ohashi I, Mori T, Matsuura N. Effect of granulocyte-macrophage colony-stimulating factor on sepsis-induced organ injury in rats. Blood. 1994 May 15;83(10):2893-8.</citation>
    <PMID>8180384</PMID>
  </reference>
  <reference>
    <citation>Guilliams M, De Kleer I, Henri S, Post S, Vanhoutte L, De Prijck S, Deswarte K, Malissen B, Hammad H, Lambrecht BN. Alveolar macrophages develop from fetal monocytes that differentiate into long-lived cells in the first week of life via GM-CSF. J Exp Med. 2013 Sep 23;210(10):1977-92. doi: 10.1084/jem.20131199. Epub 2013 Sep 16.</citation>
    <PMID>24043763</PMID>
  </reference>
  <reference>
    <citation>Naessens T, Schepens B, Smet M, Pollard C, Van Hoecke L, De Beuckelaer A, Willart M, Lambrecht B, De Koker S, Saelens X, Grooten J. GM-CSF treatment prevents respiratory syncytial virus-induced pulmonary exacerbation responses in postallergic mice by stimulating alveolar macrophage maturation. J Allergy Clin Immunol. 2016 Mar;137(3):700-9.e9. doi: 10.1016/j.jaci.2015.09.031. Epub 2015 Nov 10.</citation>
    <PMID>26560044</PMID>
  </reference>
  <reference>
    <citation>van de Laar L, Saelens W, De Prijck S, Martens L, Scott CL, Van Isterdael G, Hoffmann E, Beyaert R, Saeys Y, Lambrecht BN, Guilliams M. Yolk Sac Macrophages, Fetal Liver, and Adult Monocytes Can Colonize an Empty Niche and Develop into Functional Tissue-Resident Macrophages. Immunity. 2016 Apr 19;44(4):755-68. doi: 10.1016/j.immuni.2016.02.017. Epub 2016 Mar 15.</citation>
    <PMID>26992565</PMID>
  </reference>
  <reference>
    <citation>Presneill JJ, Harris T, Stewart AG, Cade JF, Wilson JW. A randomized phase II trial of granulocyte-macrophage colony-stimulating factor therapy in severe sepsis with respiratory dysfunction. Am J Respir Crit Care Med. 2002 Jul 15;166(2):138-43.</citation>
    <PMID>12119223</PMID>
  </reference>
  <reference>
    <citation>Paine R 3rd, Standiford TJ, Dechert RE, Moss M, Martin GS, Rosenberg AL, Thannickal VJ, Burnham EL, Brown MB, Hyzy RC. A randomized trial of recombinant human granulocyte-macrophage colony stimulating factor for patients with acute lung injury. Crit Care Med. 2012 Jan;40(1):90-7. doi: 10.1097/CCM.0b013e31822d7bf0.</citation>
    <PMID>21926600</PMID>
  </reference>
  <reference>
    <citation>Herold S, Hoegner K, Vadász I, Gessler T, Wilhelm J, Mayer K, Morty RE, Walmrath HD, Seeger W, Lohmeyer J. Inhaled granulocyte/macrophage colony-stimulating factor as treatment of pneumonia-associated acute respiratory distress syndrome. Am J Respir Crit Care Med. 2014 Mar 1;189(5):609-11. doi: 10.1164/rccm.201311-2041LE.</citation>
    <PMID>24579839</PMID>
  </reference>
  <reference>
    <citation>Tazawa R, Trapnell BC, Inoue Y, Arai T, Takada T, Nasuhara Y, Hizawa N, Kasahara Y, Tatsumi K, Hojo M, Ishii H, Yokoba M, Tanaka N, Yamaguchi E, Eda R, Tsuchihashi Y, Morimoto K, Akira M, Terada M, Otsuka J, Ebina M, Kaneko C, Nukiwa T, Krischer JP, Akazawa K, Nakata K. Inhaled granulocyte/macrophage-colony stimulating factor as therapy for pulmonary alveolar proteinosis. Am J Respir Crit Care Med. 2010 Jun 15;181(12):1345-54. doi: 10.1164/rccm.200906-0978OC. Epub 2010 Feb 18.</citation>
    <PMID>20167854</PMID>
  </reference>
  <reference>
    <citation>Tazawa R, Ueda T, Abe M, Tatsumi K, Eda R, Kondoh S, Morimoto K, Tanaka T, Yamaguchi E, Takahashi A, Oda M, Ishii H, Izumi S, Sugiyama H, Nakagawa A, Tomii K, Suzuki M, Konno S, Ohkouchi S, Tode N, Handa T, Hirai T, Inoue Y, Arai T, Asakawa K, Sakagami T, Hashimoto A, Tanaka T, Takada T, Mikami A, Kitamura N, Nakata K. Inhaled GM-CSF for Pulmonary Alveolar Proteinosis. N Engl J Med. 2019 Sep 5;381(10):923-932. doi: 10.1056/NEJMoa1816216.</citation>
    <PMID>31483963</PMID>
  </reference>
  <reference>
    <citation>Xu Z, Shi L, Wang Y, Zhang J, Huang L, Zhang C, Liu S, Zhao P, Liu H, Zhu L, Tai Y, Bai C, Gao T, Song J, Xia P, Dong J, Zhao J, Wang FS. Pathological findings of COVID-19 associated with acute respiratory distress syndrome. Lancet Respir Med. 2020 Apr;8(4):420-422. doi: 10.1016/S2213-2600(20)30076-X. Epub 2020 Feb 18. Erratum in: Lancet Respir Med. 2020 Feb 25;:.</citation>
    <PMID>32085846</PMID>
  </reference>
  <reference>
    <citation>Halstead ES, Umstead TM, Davies ML, Kawasawa YI, Silveyra P, Howyrlak J, Yang L, Guo W, Hu S, Hewage EK, Chroneos ZC. GM-CSF overexpression after influenza a virus infection prevents mortality and moderates M1-like airway monocyte/macrophage polarization. Respir Res. 2018 Jan 5;19(1):3. doi: 10.1186/s12931-017-0708-5.</citation>
    <PMID>29304863</PMID>
  </reference>
  <reference>
    <citation>Umstead TM, Hewage EK, Mathewson M, Beaudoin S, Chroneos ZC, Wang M, Halstead ES. Lower respiratory tract delivery, airway clearance, and preclinical efficacy of inhaled GM-CSF in a postinfluenza pneumococcal pneumonia model. Am J Physiol Lung Cell Mol Physiol. 2020 Apr 1;318(4):L571-L579. doi: 10.1152/ajplung.00296.2019. Epub 2020 Jan 29.</citation>
    <PMID>31994895</PMID>
  </reference>
  <reference>
    <citation>Rösler B, Herold S. Lung epithelial GM-CSF improves host defense function and epithelial repair in influenza virus pneumonia-a new therapeutic strategy? Mol Cell Pediatr. 2016 Dec;3(1):29. doi: 10.1186/s40348-016-0055-5. Epub 2016 Aug 1. Review.</citation>
    <PMID>27480877</PMID>
  </reference>
  <reference>
    <citation>Zhan Y, Lew AM, Chopin M. The Pleiotropic Effects of the GM-CSF Rheostat on Myeloid Cell Differentiation and Function: More Than a Numbers Game. Front Immunol. 2019 Nov 15;10:2679. doi: 10.3389/fimmu.2019.02679. eCollection 2019. Review.</citation>
    <PMID>31803190</PMID>
  </reference>
  <reference>
    <citation>Schneider C, Nobs SP, Heer AK, Hirsch E, Penninger J, Siggs OM, Kopf M. Frontline Science: Coincidental null mutation of Csf2rα in a colony of PI3Kγ-/- mice causes alveolar macrophage deficiency and fatal respiratory viral infection. J Leukoc Biol. 2017 Feb;101(2):367-376. doi: 10.1189/jlb.4HI0316-157R. Epub 2016 Jul 28.</citation>
    <PMID>27468760</PMID>
  </reference>
  <reference>
    <citation>Unkel B, Hoegner K, Clausen BE, Lewe-Schlosser P, Bodner J, Gattenloehner S, Janßen H, Seeger W, Lohmeyer J, Herold S. Alveolar epithelial cells orchestrate DC function in murine viral pneumonia. J Clin Invest. 2012 Oct;122(10):3652-64. doi: 10.1172/JCI62139. Epub 2012 Sep 10.</citation>
    <PMID>22996662</PMID>
  </reference>
  <reference>
    <citation>Huang FF, Barnes PF, Feng Y, Donis R, Chroneos ZC, Idell S, Allen T, Perez DR, Whitsett JA, Dunussi-Joannopoulos K, Shams H. GM-CSF in the lung protects against lethal influenza infection. Am J Respir Crit Care Med. 2011 Jul 15;184(2):259-68. doi: 10.1164/rccm.201012-2036OC. Epub 2011 Apr 7.</citation>
    <PMID>21474645</PMID>
  </reference>
  <reference>
    <citation>Wu Z, McGoogan JM. Characteristics of and Important Lessons From the Coronavirus Disease 2019 (COVID-19) Outbreak in China: Summary of a Report of 72 314 Cases From the Chinese Center for Disease Control and Prevention. JAMA. 2020 Apr 7;323(13):1239-1242. doi: 10.1001/jama.2020.2648.</citation>
    <PMID>32091533</PMID>
  </reference>
  <verification_date>July 2020</verification_date>
  <study_first_submitted>May 8, 2020</study_first_submitted>
  <study_first_submitted_qc>May 21, 2020</study_first_submitted_qc>
  <study_first_posted type="Actual">May 26, 2020</study_first_posted>
  <last_update_submitted>July 2, 2020</last_update_submitted>
  <last_update_submitted_qc>July 2, 2020</last_update_submitted_qc>
  <last_update_posted type="Actual">July 7, 2020</last_update_posted>
  <responsible_party>
    <responsible_party_type>Sponsor</responsible_party_type>
  </responsible_party>
  <keyword>pandemic</keyword>
  <keyword>host-directed therapeutic</keyword>
  <keyword>GM-CSF</keyword>
  <keyword>COVID-19</keyword>
  <keyword>ARDS</keyword>
  <keyword>SARS-CoV2</keyword>
  <condition_browse>
    <!-- CAUTION:  The following MeSH terms are assigned with an imperfect algorithm            -->
    <mesh_term>Respiratory Distress Syndrome, Adult</mesh_term>
  </condition_browse>
  <intervention_browse>
    <!-- CAUTION:  The following MeSH terms are assigned with an imperfect algorithm            -->
    <mesh_term>Molgramostim</mesh_term>
    <mesh_term>Sargramostim</mesh_term>
  </intervention_browse>
  <!-- Results have not yet been posted for this study                                          -->
</clinical_study>

