<?xml version="1.0" encoding="UTF-8"?>
<clinical_study rank="3264">
  <!-- This xml conforms to an XML Schema at:
    https://clinicaltrials.gov/ct2/html/images/info/public.xsd -->
  <required_header>
    <download_date>ClinicalTrials.gov processed this data on February 18, 2021</download_date>
    <link_text>Link to the current ClinicalTrials.gov record.</link_text>
    <url>https://clinicaltrials.gov/show/NCT04352946</url>
  </required_header>
  <id_info>
    <org_study_id>GFICOVID-19-1</org_study_id>
    <nct_id>NCT04352946</nct_id>
  </id_info>
  <brief_title>HEalth Care Worker pROphylaxis Against COVID-19: The HERO Trial</brief_title>
  <acronym>HERO</acronym>
  <official_title>Protecting Health Care Workers From COVID-19 With Hydroxychloroquine Pre-exposure Prophylaxis: A Randomized, Placebo-controlled Trial</official_title>
  <sponsors>
    <lead_sponsor>
      <agency>GeoSentinel Foundation</agency>
      <agency_class>Other</agency_class>
    </lead_sponsor>
  </sponsors>
  <source>GeoSentinel Foundation</source>
  <oversight_info>
    <has_dmc>Yes</has_dmc>
    <is_fda_regulated_drug>Yes</is_fda_regulated_drug>
    <is_fda_regulated_device>No</is_fda_regulated_device>
    <is_us_export>No</is_us_export>
  </oversight_info>
  <brief_summary>
    <textblock>
      This is a double-blinded, randomized placebo-controlled trial to determine if pre-exposure&#xD;
      prophylaxis (PrEP) with 400mg hydroxychloroquine (HCQ), taken orally once daily, for health&#xD;
      care workers in the hospital reduces symptomatic and asymptomatic COVID-19 disease during the&#xD;
      pandemic. 374 health care workers will be randomized at a 1:1 allocation between the&#xD;
      intervention and placebo arms and followed for 90 days. The cumulative incidence of COVID-19&#xD;
      infection in the intervention group will be compared to the cumulative incidence of COVID-19&#xD;
      in the placebo group with relative (risk ratio and 95% CI) and absolute measures (risk&#xD;
      difference and 95% CI).&#xD;
    </textblock>
  </brief_summary>
  <detailed_description>
    <textblock>
      This is a double-blinded, randomized placebo-controlled trial to determine if pre-exposure&#xD;
      prophylaxis (PrEP) with 400mg hydroxychloroquine (HCQ), taken orally once daily, for health&#xD;
      care workers in the hospital reduces symptomatic and asymptomatic COVID-19 disease during the&#xD;
      pandemic.&#xD;
&#xD;
      Secondary outcomes include 1) Adverse events; 2) Duration of symptomatic COVID-19 disease; 3)&#xD;
      Days hospitalized attributed to COVID-19; 4) Respiratory failure attributable to COVID-19&#xD;
      disease requiring i) non-invasive ventilation or ii) intubation/mechanical ventilation; 5)&#xD;
      Mortality attributed to COVID-19 disease, and; 6) Number of days unable to work attributed to&#xD;
      COVID-19. Laboratory markers within participants with confirmed COVID-19 will also be&#xD;
      explored.&#xD;
&#xD;
      A total of 374 HCW will be randomized using a fixed 1:1 allocation ratio with randomization&#xD;
      in permuted block of varying sizes from four to eight will be used to ensure equal allocation&#xD;
      to each group. The study population will be health care workers at the New York Presbyterian&#xD;
      Hospital - Cornell Campus and they will participate in the study for 90 days.&#xD;
&#xD;
      To determine if the intervention has been successful, the cumulative incidence of COVID-19&#xD;
      infection in the intervention group will be compared to the cumulative incidence of COVID-19&#xD;
      in the placebo group with relative (risk ratio and 95% CI) and absolute measures (risk&#xD;
      difference and 95% CI). Investigators will also calculate adjusted risk ratios and risk&#xD;
      differences including job class as a covariate and any other baseline clinical and&#xD;
      demographic characteristics that are not balanced between the treatment and placebo arms&#xD;
      using a log-binomial regression model.&#xD;
    </textblock>
  </detailed_description>
  <overall_status>Not yet recruiting</overall_status>
  <start_date type="Anticipated">April 24, 2020</start_date>
  <completion_date type="Anticipated">August 24, 2020</completion_date>
  <primary_completion_date type="Anticipated">June 24, 2020</primary_completion_date>
  <phase>Phase 3</phase>
  <study_type>Interventional</study_type>
  <has_expanded_access>No</has_expanded_access>
  <study_design_info>
    <allocation>Randomized</allocation>
    <intervention_model>Parallel Assignment</intervention_model>
    <intervention_model_description>HCW are randomized to either the study drug (HCQ) or placebo.</intervention_model_description>
    <primary_purpose>Prevention</primary_purpose>
    <masking>Quadruple (Participant, Care Provider, Investigator, Outcomes Assessor)</masking>
    <masking_description>Participants in the study will be randomized to either the investigational drug (HCQ) or placebo. The investigational drug and placebo will have identical appearance and be taken at the same frequency and dosage. The administration of the drug and assessment will be blinded. Study arms will be unmasked at the end of the study for the final analysis.</masking_description>
  </study_design_info>
  <primary_outcome>
    <measure>Cumulative Incidence of COVID-19 Infection</measure>
    <time_frame>90 days</time_frame>
    <description>Incidence of symptomatic and asymptomatic COVID-19 infection in health care workers</description>
  </primary_outcome>
  <secondary_outcome>
    <measure>Adverse events incidence</measure>
    <time_frame>90 days</time_frame>
    <description>Incidence of reported and grade of adverse events</description>
  </secondary_outcome>
  <secondary_outcome>
    <measure>Duration of symptomatic COVID-19 disease</measure>
    <time_frame>90 days</time_frame>
    <description>Duration in days of symptomatic COVID-19 disease in HCW who had disease</description>
  </secondary_outcome>
  <secondary_outcome>
    <measure>Days hospitalized attributed to COVID-19</measure>
    <time_frame>90 days</time_frame>
    <description>Duration in days of hospitalization attributed to COVID-19 disease in HCW who had disease</description>
  </secondary_outcome>
  <secondary_outcome>
    <measure>Number or respiratory failure attributable to COVID-19 disease</measure>
    <time_frame>90 days</time_frame>
    <description>Number of HCW with respiratory failure attributable to COVID-19 disease requiring i) non-invasive ventilation or ii) intubation/mechanical ventilation in HCW who developed disease</description>
  </secondary_outcome>
  <secondary_outcome>
    <measure>Mortality Incidence</measure>
    <time_frame>90 days</time_frame>
    <description>Cumulative Incidence of Mortality attributed to COVID-19 disease in HCW who developed disease</description>
  </secondary_outcome>
  <secondary_outcome>
    <measure>Days of work lost</measure>
    <time_frame>90 days</time_frame>
    <description>Number of days unable to work attributed to COVID-19 in HCW who developed disease</description>
  </secondary_outcome>
  <other_outcome>
    <measure>Proportion of HCW with plasma able to neutralize SARS-CoV-2 virus</measure>
    <time_frame>90 days</time_frame>
    <description>Proportion of participants with plasma able to neutralize SARS-CoV-2 virus (plaque reduction neutralization test) in vitro.</description>
  </other_outcome>
  <other_outcome>
    <measure>Number of participants with severity markers of host immune and endothelial activation</measure>
    <time_frame>90 days</time_frame>
    <description>Number of participants with severity markers of host immune and endothelial activation measured at clinical presentation and their ability to predict severity and outcome.</description>
  </other_outcome>
  <number_of_arms>2</number_of_arms>
  <enrollment type="Anticipated">374</enrollment>
  <condition>Prophylaxis</condition>
  <condition>COVID-19</condition>
  <condition>Health Care Worker</condition>
  <condition>Hydroxychloroquine</condition>
  <arm_group>
    <arm_group_label>Hydrocholoroquine Pre-exposure prophylaxis</arm_group_label>
    <arm_group_type>Experimental</arm_group_type>
    <description>HCQ will be administered as 400mg orally once for 60 days.</description>
  </arm_group>
  <arm_group>
    <arm_group_label>Placebo</arm_group_label>
    <arm_group_type>Placebo Comparator</arm_group_type>
    <description>Placebo will be administered as 400mg orally once for 60 days.</description>
  </arm_group>
  <intervention>
    <intervention_type>Drug</intervention_type>
    <intervention_name>Hydroxychloroquine Pre-Exposure Prophylaxis</intervention_name>
    <description>HCQ PreP 400mg daily</description>
    <arm_group_label>Hydrocholoroquine Pre-exposure prophylaxis</arm_group_label>
    <other_name>Hydroxychloroquine PreP</other_name>
    <other_name>HCQ PreP</other_name>
  </intervention>
  <intervention>
    <intervention_type>Drug</intervention_type>
    <intervention_name>Placebo oral tablet</intervention_name>
    <description>Placebo tablets 400mg daily</description>
    <arm_group_label>Placebo</arm_group_label>
    <other_name>Placebo</other_name>
  </intervention>
  <eligibility>
    <criteria>
      <textblock>
        Inclusion Criteria:&#xD;
&#xD;
          1. Health care worker (HCW) at the hospital who work on a &quot;full time&quot; basis during the&#xD;
             study period. For the purposes of the study, &quot;health care workers&quot; are physicians,&#xD;
             nurses, nurse practitioners, physician assistants, respiratory therapists, X-ray&#xD;
             technicians, social workers and support staff (including but not limited to&#xD;
             house-keeping, and porters).&#xD;
&#xD;
          2. Age ≥18 years.&#xD;
&#xD;
          3. Ability to communicate with study staff in English&#xD;
&#xD;
        Exclusion Criteria:&#xD;
&#xD;
          1. Known hypersensitivity/allergy to hydroxychloroquine or to 4-aminoquinoline compounds.&#xD;
&#xD;
          2. Current use of hydroxychloroquine for the treatment of a medical condition.&#xD;
&#xD;
          3. Known prolonged QT syndrome, or concomitant medications which simultaneously may&#xD;
             prolong the QTC that cannot be temporarily suspended/replaced. These are including but&#xD;
             not limited to Class IA, IC and III antiarrhythmics; certain antidepressants,&#xD;
             antipsychotics, and anti-infectives; domperidone; 5-hydroxytryptamine (5-HT)3 receptor&#xD;
             antagonists; kinase inhibitors; histone deacetylase inhibitors beta-2 adrenoceptor&#xD;
             agonists.&#xD;
&#xD;
          4. Known pre-existing retinopathy of the eye.&#xD;
&#xD;
          5. Disclosure of self-administered use of hydroxychloroquine or chloroquine currently&#xD;
             under investigation &lt;4 weeks prior to study. This window is intended to account for&#xD;
             the drug half-life of HCQ (21 days).&#xD;
&#xD;
          6. Baseline symptom of COVID-19 disease at enrollment and baseline viral detection&#xD;
             specimen positive for SARS-COV-2. All participants with COVID-19 symptoms at&#xD;
             enrollment will be directed to have confirmatory testing (within the department or&#xD;
             occupational health as per the site guidelines). Participants who are negative for&#xD;
             SARS-COV-2 will be redirected to enrollment procedures, those testing positive will be&#xD;
             excluded.&#xD;
      </textblock>
    </criteria>
    <gender>All</gender>
    <minimum_age>18 Years</minimum_age>
    <maximum_age>N/A</maximum_age>
    <healthy_volunteers>Accepts Healthy Volunteers</healthy_volunteers>
  </eligibility>
  <overall_official>
    <last_name>Bradley A Connor, MD</last_name>
    <role>Principal Investigator</role>
    <affiliation>Dr. Bradley A. Connor</affiliation>
  </overall_official>
  <overall_contact>
    <last_name>Bradley A Connor, MD</last_name>
    <phone>9172138998</phone>
    <email>bconnor1@gmail.com</email>
  </overall_contact>
  <overall_contact_backup>
    <last_name>Marina Rogova, RN</last_name>
    <phone>8434247542</phone>
    <email>marina.rogova@connormd.com</email>
  </overall_contact_backup>
  <location>
    <facility>
      <name>The New York Center for Travel and Tropical Medicine</name>
      <address>
        <city>New York</city>
        <state>New York</state>
        <zip>10022</zip>
        <country>United States</country>
      </address>
    </facility>
    <contact>
      <last_name>Bradley A Connor, MD</last_name>
      <phone>212-988-2800</phone>
      <email>bconnor1@gmail.com</email>
    </contact>
    <contact_backup>
      <last_name>Marina Rogova, RN</last_name>
      <phone>8434247542</phone>
      <email>marina.rogova@connormd.com</email>
    </contact_backup>
    <investigator>
      <last_name>William MacLeod, ScD</last_name>
      <role>Sub-Investigator</role>
    </investigator>
    <investigator>
      <last_name>Robert S Brown, Jr, MD</last_name>
      <role>Sub-Investigator</role>
    </investigator>
    <investigator>
      <last_name>Kevin Kain, MD</last_name>
      <role>Sub-Investigator</role>
    </investigator>
    <investigator>
      <last_name>Megan Landes, MD</last_name>
      <role>Sub-Investigator</role>
    </investigator>
  </location>
  <location_countries>
    <country>United States</country>
  </location_countries>
  <link>
    <url>https://www.nih.gov/coronavirus</url>
    <description>coronavirus references</description>
  </link>
  <verification_date>April 2020</verification_date>
  <study_first_submitted>April 16, 2020</study_first_submitted>
  <study_first_submitted_qc>April 16, 2020</study_first_submitted_qc>
  <study_first_posted type="Actual">April 20, 2020</study_first_posted>
  <last_update_submitted>April 20, 2020</last_update_submitted>
  <last_update_submitted_qc>April 20, 2020</last_update_submitted_qc>
  <last_update_posted type="Actual">April 22, 2020</last_update_posted>
  <responsible_party>
    <responsible_party_type>Principal Investigator</responsible_party_type>
    <investigator_affiliation>GeoSentinel Foundation</investigator_affiliation>
    <investigator_full_name>Bradley A. Connor, M.D.</investigator_full_name>
    <investigator_title>Clinical Professor of Medicine, Weill Cornell Medicine</investigator_title>
  </responsible_party>
  <intervention_browse>
    <!-- CAUTION:  The following MeSH terms are assigned with an imperfect algorithm            -->
    <mesh_term>Hydroxychloroquine</mesh_term>
  </intervention_browse>
  <patient_data>
    <sharing_ipd>Yes</sharing_ipd>
    <ipd_description>supporting made available to other researchers</ipd_description>
    <ipd_info_type>Study Protocol</ipd_info_type>
    <ipd_info_type>Statistical Analysis Plan (SAP)</ipd_info_type>
    <ipd_info_type>Informed Consent Form (ICF)</ipd_info_type>
    <ipd_info_type>Clinical Study Report (CSR)</ipd_info_type>
    <ipd_time_frame>From July 1, 2020 until December 31, 2020</ipd_time_frame>
    <ipd_access_criteria>from our web site</ipd_access_criteria>
    <ipd_url>http://www.geosentinel.com</ipd_url>
  </patient_data>
  <!-- Results have not yet been posted for this study                                          -->
</clinical_study>

