<?xml version="1.0" encoding="UTF-8"?>
<clinical_study rank="86">
  <!-- This xml conforms to an XML Schema at:
    https://clinicaltrials.gov/ct2/html/images/info/public.xsd -->
  <required_header>
    <download_date>ClinicalTrials.gov processed this data on February 18, 2021</download_date>
    <link_text>Link to the current ClinicalTrials.gov record.</link_text>
    <url>https://clinicaltrials.gov/show/NCT04333407</url>
  </required_header>
  <id_info>
    <org_study_id>20HH5868</org_study_id>
    <nct_id>NCT04333407</nct_id>
  </id_info>
  <brief_title>Preventing Cardiac Complication of COVID-19 Disease With Early Acute Coronary Syndrome Therapy: A Randomised Controlled Trial.</brief_title>
  <acronym>C-19-ACS</acronym>
  <official_title>Preventing Cardiac Complication of COVID-19 Disease With Early Acute Coronary Syndrome Therapy: A Randomised Controlled Trial.</official_title>
  <sponsors>
    <lead_sponsor>
      <agency>Imperial College London</agency>
      <agency_class>Other</agency_class>
    </lead_sponsor>
  </sponsors>
  <source>Imperial College London</source>
  <oversight_info>
    <has_dmc>Yes</has_dmc>
    <is_fda_regulated_drug>No</is_fda_regulated_drug>
    <is_fda_regulated_device>No</is_fda_regulated_device>
  </oversight_info>
  <brief_summary>
    <textblock>
      The outbreak of a novel coronavirus (SARS-CoV-2) and associated COVID-19 disease in late&#xD;
      December 2019 has led to a global pandemic. At the time of writing, there have been 150 000&#xD;
      confirmed cases and 3500 deaths. Apart from the morbidity and mortality directly related to&#xD;
      COVID-19 cases, society has had to also cope with complex political and economic&#xD;
      repercussions of this disease.&#xD;
&#xD;
      At present, and despite pressing need for therapeutic intervention, management of patients&#xD;
      with COVID-19 is entirely supportive. Despite the majority of patients experiencing a mild&#xD;
      respiratory illness a subgroup, and in particular those with pre-existing cardiovascular&#xD;
      disease, will experience severe illness that requires invasive cardiorespiratory support in&#xD;
      the intensive care unit.&#xD;
&#xD;
      Furthermore, the severity of COVID-19 disease (as well as the likelihood of progressing to&#xD;
      severe disease) appears to be in part driven by direct injury to the cardiovascular system.&#xD;
      Analysis of data from two recent studies confirms a significantly higher likelihood of acute&#xD;
      cardiac injury in patients who have to be admitted to intensive care for the management of&#xD;
      COVID-19 disease.&#xD;
&#xD;
      The exact type of acute of cardiac injury that COVID-19 patients suffer remains unclear.&#xD;
      There is however mounting evidence that heart attack like events are responsible. Tests&#xD;
      ordinarily performed to definitely assess for heart attacks will not be possible in very sick&#xD;
      COVID-19 patients. Randomising patients to cardioprotective medicines will help us understand&#xD;
      the role of the cardiovascular system in COVID-19 disease. It will also help us determine if&#xD;
      there is more we can do to treat these patients.&#xD;
    </textblock>
  </brief_summary>
  <overall_status>Recruiting</overall_status>
  <start_date type="Actual">April 3, 2020</start_date>
  <completion_date type="Anticipated">March 30, 2021</completion_date>
  <primary_completion_date type="Anticipated">March 30, 2021</primary_completion_date>
  <phase>N/A</phase>
  <study_type>Interventional</study_type>
  <has_expanded_access>No</has_expanded_access>
  <study_design_info>
    <allocation>Randomized</allocation>
    <intervention_model>Parallel Assignment</intervention_model>
    <intervention_model_description>Prospective Multicentre Randomised Controlled Trial</intervention_model_description>
    <primary_purpose>Treatment</primary_purpose>
    <masking>None (Open Label)</masking>
  </study_design_info>
  <primary_outcome>
    <measure>All-cause mortality at 30 days after admission</measure>
    <time_frame>at 30 days after admission</time_frame>
    <description>All-cause mortality</description>
  </primary_outcome>
  <secondary_outcome>
    <measure>Absolute change in serum troponin from admission to peak value</measure>
    <time_frame>within 7 days and within 30 days of admission</time_frame>
    <description>Absolute change in serum troponin from admission (or from suspicion/diagnosis of Covid-19 if already an inpatient) measurement to peak value (measured using high sensitivity troponin assay). (Phase I interim analysis)</description>
  </secondary_outcome>
  <secondary_outcome>
    <measure>Discharge Rate</measure>
    <time_frame>at 7 days and 30 days after admission</time_frame>
    <description>Discharge Rate: Proportion of patients discharged (or documented as medically fit for discharge)</description>
  </secondary_outcome>
  <secondary_outcome>
    <measure>Intubation Rate</measure>
    <time_frame>at 7 days and at 30 days after admission</time_frame>
    <description>Intubation Rate: Proportion of patients who have been intubated for mechanical ventilation</description>
  </secondary_outcome>
  <number_of_arms>2</number_of_arms>
  <enrollment type="Anticipated">3170</enrollment>
  <condition>COVID-19</condition>
  <arm_group>
    <arm_group_label>Active Arm</arm_group_label>
    <arm_group_type>Experimental</arm_group_type>
  </arm_group>
  <arm_group>
    <arm_group_label>Control Arm</arm_group_label>
    <arm_group_type>No Intervention</arm_group_type>
  </arm_group>
  <intervention>
    <intervention_type>Drug</intervention_type>
    <intervention_name>Aspirin 75mg</intervention_name>
    <description>• If patient not on aspirin, add aspirin 75mg once daily unless contraindicated.</description>
    <arm_group_label>Active Arm</arm_group_label>
  </intervention>
  <intervention>
    <intervention_type>Drug</intervention_type>
    <intervention_name>Clopidogrel 75mg</intervention_name>
    <description>• If patient not on clopidogrel or equivalent, add clopidogrel 75mg once daily unless contraindicated</description>
    <arm_group_label>Active Arm</arm_group_label>
  </intervention>
  <intervention>
    <intervention_type>Drug</intervention_type>
    <intervention_name>Rivaroxaban 2.5 MG</intervention_name>
    <description>If patient not on an anticoagulation, add rivaroxaban 2.5mg bd unless contraindicated&#xD;
If patient on DOAC then change to rivaroxaban 2.5mg unless contraindicated</description>
    <arm_group_label>Active Arm</arm_group_label>
  </intervention>
  <intervention>
    <intervention_type>Drug</intervention_type>
    <intervention_name>Atorvastatin 40mg</intervention_name>
    <description>• If patient not on a statin, add atorvastatin 40mg once daily unless contraindicated</description>
    <arm_group_label>Active Arm</arm_group_label>
  </intervention>
  <intervention>
    <intervention_type>Drug</intervention_type>
    <intervention_name>Omeprazole 20mg</intervention_name>
    <description>• If patient not on a proton pump inhibitor, add omeprazole 20mg once daily.</description>
    <arm_group_label>Active Arm</arm_group_label>
  </intervention>
  <eligibility>
    <criteria>
      <textblock>
        Inclusion Criteria:&#xD;
&#xD;
          1. Confirmed COVID-19 infection&#xD;
&#xD;
          2. Age =/&gt;40 or diabetes or known coronary disease or hypertension&#xD;
&#xD;
          3. Requires hospital admission for further clinical management.&#xD;
&#xD;
        Exclusion Criteria:&#xD;
&#xD;
          1. Clear evidence of cardiac pathology needing ACS treatment.&#xD;
&#xD;
          2. Myocarditis with serum Troponin &gt; 5000&#xD;
&#xD;
          3. Bleeding risk suspected e.g. recent surgery, history of GI bleed, other abnormal blood&#xD;
             results (Hb&lt;10g/dl, Plts &lt;100, any evidence of DIC)&#xD;
&#xD;
          4. Study treatment may negatively impact standard best care (physician discretion).&#xD;
&#xD;
          5. Unrelated co-morbidity with life expectancy &lt;3 months.&#xD;
&#xD;
          6. Pregnancy.&#xD;
&#xD;
          7. Age &lt;18 years and &gt;85 years.&#xD;
      </textblock>
    </criteria>
    <gender>All</gender>
    <minimum_age>18 Years</minimum_age>
    <maximum_age>85 Years</maximum_age>
    <healthy_volunteers>No</healthy_volunteers>
  </eligibility>
  <overall_official>
    <last_name>Prapa Kanagaratnam, FRCP, PhD</last_name>
    <role>Principal Investigator</role>
    <affiliation>Imperial College Healthcare NHS Trust</affiliation>
  </overall_official>
  <overall_contact>
    <last_name>Alena Marynina, BSc, MSc</last_name>
    <phone>07776 224520</phone>
    <email>alena.marynina@nhs.net</email>
  </overall_contact>
  <overall_contact_backup>
    <last_name>Clare Coyle, BMBCh, BA, MRCP</last_name>
    <phone>07985 352148</phone>
    <email>c.coyle@imperial.ac.uk</email>
  </overall_contact_backup>
  <location>
    <facility>
      <name>Charing Cross Hospital</name>
      <address>
        <city>London</city>
        <zip>W6 8RF</zip>
        <country>United Kingdom</country>
      </address>
    </facility>
    <status>Recruiting</status>
    <contact>
      <last_name>Alena Marynina, BSc, MSc</last_name>
      <phone>07776 224520</phone>
      <email>alena.marynina@nhs.net</email>
    </contact>
  </location>
  <location_countries>
    <country>United Kingdom</country>
  </location_countries>
  <verification_date>April 2020</verification_date>
  <study_first_submitted>April 1, 2020</study_first_submitted>
  <study_first_submitted_qc>April 1, 2020</study_first_submitted_qc>
  <study_first_posted type="Actual">April 3, 2020</study_first_posted>
  <last_update_submitted>April 8, 2020</last_update_submitted>
  <last_update_submitted_qc>April 8, 2020</last_update_submitted_qc>
  <last_update_posted type="Actual">April 9, 2020</last_update_posted>
  <responsible_party>
    <responsible_party_type>Sponsor</responsible_party_type>
  </responsible_party>
  <keyword>Coronavirus, SARS-CoV-2, COVID-19, Cardiovascular</keyword>
  <condition_browse>
    <!-- CAUTION:  The following MeSH terms are assigned with an imperfect algorithm            -->
    <mesh_term>Acute Coronary Syndrome</mesh_term>
  </condition_browse>
  <intervention_browse>
    <!-- CAUTION:  The following MeSH terms are assigned with an imperfect algorithm            -->
    <mesh_term>Aspirin</mesh_term>
    <mesh_term>Omeprazole</mesh_term>
    <mesh_term>Rivaroxaban</mesh_term>
    <mesh_term>Clopidogrel</mesh_term>
    <mesh_term>Atorvastatin</mesh_term>
  </intervention_browse>
  <patient_data>
    <sharing_ipd>No</sharing_ipd>
    <ipd_description>No individual participant data will be shared with other researchers or organisations. Anonymised data might be shared with other research organisations</ipd_description>
  </patient_data>
  <!-- Results have not yet been posted for this study                                          -->
</clinical_study>

