<?xml version="1.0" encoding="UTF-8"?>
<clinical_study rank="3844">
  <!-- This xml conforms to an XML Schema at:
    https://clinicaltrials.gov/ct2/html/images/info/public.xsd -->
  <required_header>
    <download_date>ClinicalTrials.gov processed this data on February 18, 2021</download_date>
    <link_text>Link to the current ClinicalTrials.gov record.</link_text>
    <url>https://clinicaltrials.gov/show/NCT04361396</url>
  </required_header>
  <id_info>
    <org_study_id>CHRD 0420</org_study_id>
    <nct_id>NCT04361396</nct_id>
  </id_info>
  <brief_title>Assessment of the Presence of the SARS-COV-2 Virus in the Peritoneum of COVID-19 Patients</brief_title>
  <acronym>LAPTRANSCOV</acronym>
  <official_title>Assessment of the Presence of the SARS-COV-2 Virus in the Peritoneum During an Emergency Laparoscopy Conducted on Confirmed or Suspected COVID-19 Patients</official_title>
  <sponsors>
    <lead_sponsor>
      <agency>Centre Hospitalier René Dubos</agency>
      <agency_class>Other</agency_class>
    </lead_sponsor>
  </sponsors>
  <source>Centre Hospitalier René Dubos</source>
  <oversight_info>
    <has_dmc>No</has_dmc>
    <is_fda_regulated_drug>No</is_fda_regulated_drug>
    <is_fda_regulated_device>No</is_fda_regulated_device>
  </oversight_info>
  <brief_summary>
    <textblock>
      The purpose of this study is to determine whether the virus SARS-CoV-2, responsible for the&#xD;
      disease COVID-19, is present in the abdominal cavity during emergency laparoscopic&#xD;
      exploration in confirmed or suspected COVID-19 patients.&#xD;
    </textblock>
  </brief_summary>
  <detailed_description>
    <textblock>
      A new human coronavirus responsible for pneumonia, SARS-CoV-2, emerged in China in December&#xD;
      2019 and has spread rapidly worlwide. COVID-19, the disease caused by this virus, has a very&#xD;
      polymorphous clinical presentation, which ranges from upper respiratory tract infections to&#xD;
      acute respiratory distress syndrome. Research institutions are working restlessly to&#xD;
      elucidate the physiopathology of COVID-19 to develop new and more efficacious strategies on&#xD;
      diagnosis, treatment and prevention planning. However, many aspects of the disease process&#xD;
      are still unknown. Despite the lack of complete understanding of COVID-19, recommandations&#xD;
      from world health authorities to surgical societies have been published in order to prevent&#xD;
      viral transmission within the hospital setting. Concerning prevention of viral transmission&#xD;
      during laparoscopy on confirmed or suspected COVID-19 cases, strict measures were taken to&#xD;
      protect surgical and anesthesia staff. These recommandations are mainly based on avoiding&#xD;
      leak of pneumoperitoneum during surgical exploration as it may represent a potential source&#xD;
      of viral transmission, eventhough there is no scientific evidence on it. The lack of evidence&#xD;
      of this mode of transmission makes difficult to develop more appropriate and efficacious&#xD;
      recommandations. This study is designed to assess for the presence of SARS-CoV-2 virus in the&#xD;
      peritoneal serosa during emergency laparoscopy on confirmed or suspected COVID-19 cases.&#xD;
      During laparoscopic surgical exploration, 3 samples of pneumoperitoneum will be taken in 3&#xD;
      standardized steps of the procedure. Two more other samples of peritoneal effusion or&#xD;
      peritoneal lavage (in the absence of peritoneal effusion) and bile (if cholecystectomy is&#xD;
      performed) will also be collected.&#xD;
    </textblock>
  </detailed_description>
  <overall_status>Recruiting</overall_status>
  <start_date type="Actual">June 16, 2020</start_date>
  <completion_date type="Anticipated">June 2021</completion_date>
  <primary_completion_date type="Anticipated">June 2021</primary_completion_date>
  <phase>N/A</phase>
  <study_type>Interventional</study_type>
  <has_expanded_access>No</has_expanded_access>
  <study_design_info>
    <allocation>N/A</allocation>
    <intervention_model>Single Group Assignment</intervention_model>
    <primary_purpose>Other</primary_purpose>
    <masking>None (Open Label)</masking>
  </study_design_info>
  <primary_outcome>
    <measure>Assessment of the presence of the SARS-COV-2 virus at T4</measure>
    <time_frame>After surgery, an average of half a day</time_frame>
    <description>Assessment of the presence of the SARS-COV-2 virus by RT-PCR in the peritoneum at the end of the surgical procedure with exsufflation (T4) in COVID-19 patients</description>
  </primary_outcome>
  <secondary_outcome>
    <measure>Assessment of the presence of the SARS-COV-2 virus at T1</measure>
    <time_frame>After surgery, an average of half a day</time_frame>
    <description>Assessment of the presence of the SARS-COV-2 virus by RT-PCR immediately after creation of the pneumoperitoneum just before intraperitoneal surgical exploration (T1) in COVID-19 patients</description>
  </secondary_outcome>
  <secondary_outcome>
    <measure>Assessment of the presence of the SARS-COV-2 virus in the peritoneal effusion at T2 or T4</measure>
    <time_frame>After surgery, an average of half a day</time_frame>
    <description>Assessment of the presence of the SARS-COV-2 virus by RT-PCR in the peritoneal effusion found during surgical exploration (T2) or in the peritoneal lavage fluid at the end of the surgical procedure before exsufflation (T4) in COVID-19 patients</description>
  </secondary_outcome>
  <secondary_outcome>
    <measure>Assessment of the presence of the SARS-COV-2 virus at T3</measure>
    <time_frame>After surgery, an average of half a day</time_frame>
    <description>Assessment of the presence of the SARS-COV-2 virus by RT-PCR in the pneumoperitoneum during intraperitoneal surgical dissection (T2) with straight blunt/sharp or any kind of energy devices in COVID-19 patients</description>
  </secondary_outcome>
  <secondary_outcome>
    <measure>Assessment of the presence of the SARS-COV-2 virus at T5</measure>
    <time_frame>After surgery, an average of half a day</time_frame>
    <description>Assessment of the presence of the SARS-COV-2 virus by RT-PCR in the bile at the end of the intervention after specimen extraction (T5), in case a cholecystectomy is performed in COVID-19 patients</description>
  </secondary_outcome>
  <number_of_arms>1</number_of_arms>
  <enrollment type="Anticipated">60</enrollment>
  <condition>Coronavirus Infection</condition>
  <arm_group>
    <arm_group_label>Collection of samples</arm_group_label>
    <arm_group_type>Other</arm_group_type>
    <description>Only in enrolled patient : different samples will be taken at different times of the surgery (3 samples of pneumoperitoneum, 1 sample of peritoneal effusion or peritoneal lavage fluid and 1 sample of bile, in case of cholecystectomy).</description>
  </arm_group>
  <intervention>
    <intervention_type>Other</intervention_type>
    <intervention_name>Collection of samples</intervention_name>
    <description>Only in enrolled patient : different samples will be taken at different times of the surgery (3 samples of pneumoperitoneum, 1 sample of peritoneal effusion or peritoneal lavage fluid and 1 sample of bile, in case of cholecystectomy.</description>
    <arm_group_label>Collection of samples</arm_group_label>
  </intervention>
  <eligibility>
    <criteria>
      <textblock>
        Inclusion Criteria:&#xD;
&#xD;
          -  Age &gt; 18 years old&#xD;
&#xD;
          -  Patient COVID-19 diagnosed by positive RT-PCR SARS-CoV-2 for less than 10 days, or by&#xD;
             thorax CT-scan suggesting specificdiagnostic aspects of COVID-19 requiring abdominal&#xD;
             or gynecological surgery by emergency laparoscopy&#xD;
&#xD;
        OR&#xD;
&#xD;
          -  Patient COVID-19 suspected requiring abdominal or gynecological surgery by emergency&#xD;
             laparoscopy. Suspicion will be defined by the presence of at least one of the&#xD;
             following symptoms:&#xD;
&#xD;
          -  Cough for less than 15 days&#xD;
&#xD;
          -  Fever which appeared recently and which excluded another etiology&#xD;
&#xD;
          -  Anosmia without obstructive rhinitis&#xD;
&#xD;
          -  Contact with a COVID-19 + case person less than 21 days ago&#xD;
&#xD;
          -  Patient requiring abdominal or gynecological surgery by emergency laparoscopy and who&#xD;
             should be tested by RT-PCR SARS-CoV-2&#xD;
&#xD;
          -  Written and signed consent of the patient or guardian or family or, if this is not&#xD;
             possible, emergency inclusion procedure&#xD;
&#xD;
          -  Patients with affiliation to French social security system&#xD;
&#xD;
        Exclusion Criteria:&#xD;
&#xD;
          -  Patient already participating in research involving the human person&#xD;
&#xD;
          -  Negative RT-PCR SARS-CoV-2&#xD;
&#xD;
          -  Withdrawal of patient or guardian or family; or refusal to sign the required inform&#xD;
             consent form to continue to participate in the Clinical Trial&#xD;
      </textblock>
    </criteria>
    <gender>All</gender>
    <minimum_age>18 Years</minimum_age>
    <maximum_age>N/A</maximum_age>
    <healthy_volunteers>No</healthy_volunteers>
  </eligibility>
  <overall_official>
    <last_name>Nelson Trelles</last_name>
    <role>Principal Investigator</role>
    <affiliation>Centre Hospitalier René Dubos</affiliation>
  </overall_official>
  <overall_contact>
    <last_name>Maryline Delattre</last_name>
    <phone>0033130754131</phone>
    <email>maryline.delattre@ght-novo.fr</email>
  </overall_contact>
  <overall_contact_backup>
    <last_name>Veronique Da Costa</last_name>
    <phone>0033130755069</phone>
    <email>veronique.dacosta@ght-novo.fr</email>
  </overall_contact_backup>
  <location>
    <facility>
      <name>CH Victor Dupouy</name>
      <address>
        <city>Argenteuil</city>
        <zip>95107</zip>
        <country>France</country>
      </address>
    </facility>
    <status>Recruiting</status>
    <contact>
      <last_name>Aziz Khazrai</last_name>
      <phone>+33 (0)1 34 23 24 00</phone>
      <email>aziz.khazrai@ch-argenteuil.fr</email>
    </contact>
  </location>
  <location>
    <facility>
      <name>CH Intercommunal</name>
      <address>
        <city>Créteil</city>
        <zip>94000</zip>
        <country>France</country>
      </address>
    </facility>
    <status>Recruiting</status>
    <contact>
      <last_name>Cécile Bouchet-Doumenq</last_name>
      <phone>+33 (0)1 45 17 82 66</phone>
      <email>cecile.bouchet-doumenq@chicreteil.fr</email>
    </contact>
  </location>
  <location>
    <facility>
      <name>Department of General and Digestive Surgery, Hospital René Dubos</name>
      <address>
        <city>Pontoise</city>
        <zip>95300</zip>
        <country>France</country>
      </address>
    </facility>
    <status>Recruiting</status>
    <contact>
      <last_name>Nelson Trelles</last_name>
      <phone>0033130754022</phone>
      <email>nelson.trelles@ght-novo.fr</email>
    </contact>
  </location>
  <location>
    <facility>
      <name>Department of Gynecology-Obstetrics, Hospital René Dubos</name>
      <address>
        <city>Pontoise</city>
        <zip>95300</zip>
        <country>France</country>
      </address>
    </facility>
    <status>Recruiting</status>
    <contact>
      <last_name>Christophe Poncelet</last_name>
      <phone>0033130755478</phone>
      <email>christophe.poncelet@ght-novo.fr</email>
    </contact>
  </location>
  <location>
    <facility>
      <name>CH Delafontaine</name>
      <address>
        <city>Saint-Denis</city>
        <zip>93200</zip>
        <country>France</country>
      </address>
    </facility>
    <status>Recruiting</status>
    <contact>
      <last_name>Jean-Marc Catheline</last_name>
      <phone>+33 (0)1.42.35.60.46</phone>
      <email>jeanmarc.catheline@ch-stdenis.fr</email>
    </contact>
  </location>
  <location_countries>
    <country>France</country>
  </location_countries>
  <verification_date>December 2020</verification_date>
  <study_first_submitted>April 22, 2020</study_first_submitted>
  <study_first_submitted_qc>April 22, 2020</study_first_submitted_qc>
  <study_first_posted type="Actual">April 24, 2020</study_first_posted>
  <last_update_submitted>December 21, 2020</last_update_submitted>
  <last_update_submitted_qc>December 21, 2020</last_update_submitted_qc>
  <last_update_posted type="Actual">December 22, 2020</last_update_posted>
  <responsible_party>
    <responsible_party_type>Sponsor</responsible_party_type>
  </responsible_party>
  <keyword>Emergency laparoscopy</keyword>
  <keyword>Coronavirus Infections</keyword>
  <keyword>SARS-CoV-2</keyword>
  <keyword>pneumoperitoneum</keyword>
  <keyword>COVID-19</keyword>
  <condition_browse>
    <!-- CAUTION:  The following MeSH terms are assigned with an imperfect algorithm            -->
    <mesh_term>Coronavirus Infections</mesh_term>
    <mesh_term>Severe Acute Respiratory Syndrome</mesh_term>
  </condition_browse>
  <!-- Results have not yet been posted for this study                                          -->
</clinical_study>

