<?xml version="1.0" encoding="UTF-8"?>
<clinical_study rank="3813">
  <!-- This xml conforms to an XML Schema at:
    https://clinicaltrials.gov/ct2/html/images/info/public.xsd -->
  <required_header>
    <download_date>ClinicalTrials.gov processed this data on February 18, 2021</download_date>
    <link_text>Link to the current ClinicalTrials.gov record.</link_text>
    <url>https://clinicaltrials.gov/show/NCT04510441</url>
  </required_header>
  <id_info>
    <org_study_id>20HH5967</org_study_id>
    <nct_id>NCT04510441</nct_id>
  </id_info>
  <brief_title>Artificial Intelligence-assisted Diagnosis and Prognostication in COVID-19 Using Electrocardiograms</brief_title>
  <acronym>AI-COV-19</acronym>
  <official_title>Artificial Intelligence-assisted Diagnosis and Prognostication in COVID-19 Using Electrocardiograms and Imaging</official_title>
  <sponsors>
    <lead_sponsor>
      <agency>Imperial College London</agency>
      <agency_class>Other</agency_class>
    </lead_sponsor>
    <collaborator>
      <agency>Imperial College Healthcare NHS Trust</agency>
      <agency_class>Other</agency_class>
    </collaborator>
    <collaborator>
      <agency>Chelsea and Westminster Hospital NHS Foundation Trust</agency>
      <agency_class>Other</agency_class>
    </collaborator>
    <collaborator>
      <agency>LONDON NORTH WEST UNIVERSITY HEALTHCARE NHS TRUST</agency>
      <agency_class>Other</agency_class>
    </collaborator>
  </sponsors>
  <source>Imperial College London</source>
  <oversight_info>
    <has_dmc>No</has_dmc>
    <is_fda_regulated_drug>No</is_fda_regulated_drug>
    <is_fda_regulated_device>No</is_fda_regulated_device>
  </oversight_info>
  <brief_summary>
    <textblock>
      Coronavirus Disease 2019 (COVID-19) has been widespread worldwide since December 2019. It is&#xD;
      highly contagious, and severe cases can lead to acute respiratory distress or multiple organ&#xD;
      failure. On 11 March 2020, the WHO made the assessment that COVID-19 can be characterised as&#xD;
      a pandemic. With the development of machine learning, deep learning based artificial&#xD;
      intelligence (AI) technology has demonstrated tremendous success in the field of medical data&#xD;
      analysis due to its capacity of extracting rich features from imaging and complex clinical&#xD;
      datasets. In this study, we aim to use clinical data collected as part of routine clinical&#xD;
      care (heart tracings, X-rays and CT scans) to train artificial intelligence and machine&#xD;
      learning algorithms, to accurately predict the course of disease in patients with Covid-19&#xD;
      infection, using these datasets.&#xD;
    </textblock>
  </brief_summary>
  <detailed_description>
    <textblock>
      Coronavirus Disease 2019 (COVID-19) has been widespread worldwide since December 2019. It is&#xD;
      highly contagious, and severe cases can lead to acute respiratory distress or multiple organ&#xD;
      failure and ultimately death. The disease can be confirmed by using the reverse-transcription&#xD;
      polymerase chain reaction (RT-PCR) test. ECGs, Chest x-rays and CT scans are rich sources of&#xD;
      data that provide insight to disease that otherwise would not be available.&#xD;
&#xD;
      Knowing who to admit to the hospital or intensive care saves lives as it helps to mitigate&#xD;
      resource shortages. Novel Artificial Intelligence tools such as Deep learning will allow a&#xD;
      complex assessment of the Imaging and clinical data that could potentially help clinicians to&#xD;
      make a faster and more accurate diagnosis, better triage patients and assess treatment&#xD;
      response and ultimately better prediction of outcome. Our group has significant experience&#xD;
      implementing machine learning algorithms on vast quantities of ECGs, such as from the UK&#xD;
      Biobank, and propose to extend our techniques to data from patients with Covid-19.&#xD;
&#xD;
      This is a retrospective data study on patients with suspicious and confirmed COVID-19.&#xD;
&#xD;
      The study aims to recruit up to 2000 patients who will be referred to have ECGs, chest X-rays&#xD;
      or CT scans at Chelsea and Westminster Hospital NHS Foundation Trust, Imperial College&#xD;
      Healthcare NHS Trust and London North West London University Healthcare NHS Trust.&#xD;
&#xD;
      To be included in this study, the patient must:&#xD;
&#xD;
        -  have ECGs, Chest x-ray and/or chest CT imaging (with or without contrast)&#xD;
&#xD;
        -  laboratory Covid-19 virus nucleic acid test (RTPCR assay with throat swab samples) or&#xD;
           clinical suspicion for Covid19 infection&#xD;
&#xD;
        -  be aged &gt;18 years Patients with suboptimal ECGs, chest radiograph and CT studies due to&#xD;
           artefacts will be excluded. Patients will also be excluded if the time-interval between&#xD;
           ECGs, chest CT and the RT-PCR assay was longer than 7 days.&#xD;
&#xD;
      This study received HRA and Health and Care Research Wales (HCRW) approval on 18 May 2020&#xD;
      following review by Research Ethics Committee at a meeting held on 13 May 2020(Protocol&#xD;
      number: 20HH5967; REC reference: 20/HRA/2467).&#xD;
    </textblock>
  </detailed_description>
  <overall_status>Recruiting</overall_status>
  <start_date type="Actual">May 26, 2020</start_date>
  <completion_date type="Anticipated">May 1, 2022</completion_date>
  <primary_completion_date type="Anticipated">May 1, 2022</primary_completion_date>
  <study_type>Observational</study_type>
  <has_expanded_access>No</has_expanded_access>
  <study_design_info>
    <observational_model>Cohort</observational_model>
    <time_perspective>Retrospective</time_perspective>
  </study_design_info>
  <primary_outcome>
    <measure>Accuracy of machine learning to be able to predict outcome of coronavirus (COVID-19) infection</measure>
    <time_frame>At the end of data analyses, approximately 1 year</time_frame>
    <description>Accuracy with which computer based analysis (machine learning) can diagnose and/or prognosticate Covid-19 Number of Participants With COVID19 who died or survived following hospital admission</description>
  </primary_outcome>
  <primary_outcome>
    <measure>Accuracy of machine learning to be able to predict prognosis of coronavirus (COVID-19) infection</measure>
    <time_frame>At the end of data analyses, approximately 1 year</time_frame>
    <description>Number of participants who required invasive vs non-invasive ventilation vs ward-based care vs died</description>
  </primary_outcome>
  <secondary_outcome>
    <measure>Accuracy of machine learning to be able to predict cardiac involvement of coronavirus (COVID-19) infection</measure>
    <time_frame>At the end of data analyses, approximately 1 year</time_frame>
    <description>Number of participants who had COVID19-related heart problems.</description>
  </secondary_outcome>
  <secondary_outcome>
    <measure>Accuracy of machine learning vs human assessment to diagnose coronavirus (COVID-19) infection</measure>
    <time_frame>At the end of data analyses, approximately 1 year</time_frame>
    <description>Number of participants that can be identified as having COVID19 using machine learning vs human or other clinical test or assessment</description>
  </secondary_outcome>
  <enrollment type="Anticipated">2000</enrollment>
  <condition>Coronavirus</condition>
  <intervention>
    <intervention_type>Other</intervention_type>
    <intervention_name>Nil intervention</intervention_name>
    <description>Nil intervention; retrospective cohort study</description>
  </intervention>
  <eligibility>
    <study_pop>
      <textblock>
        This is a retrospective data study on patients with suspicious and confirmed COVID-19.&#xD;
&#xD;
        The study aims to recruit up to 2000 patients who will be referred to have ECGs, chest&#xD;
        X-rays or CT scans at Chelsea and Westminster Hospital NHS Foundation Trust, Imperial&#xD;
        College Healthcare NHS Trust and London North West London University Healthcare NHS Trust.&#xD;
      </textblock>
    </study_pop>
    <sampling_method>Non-Probability Sample</sampling_method>
    <criteria>
      <textblock>
        Inclusion Criteria:&#xD;
&#xD;
          -  have ECGs, Chest x-ray and/or chest CT imaging (with or without contrast)&#xD;
&#xD;
          -  positive laboratory Covid-19 virus nucleic acid test (RTPCR assay with throat swab&#xD;
             samples) or clinical suspicion for Covid-19 infection&#xD;
&#xD;
          -  be aged &gt;18 years&#xD;
&#xD;
        Exclusion Criteria:&#xD;
&#xD;
          -  Suboptimal ECGs, chest radiographs or CT studies for deep learning methods due to&#xD;
             artefacts including severe&#xD;
&#xD;
          -  motion artefacts which causes blurring of the contours of or significant artefacts due&#xD;
             to metallic prosthesis which causes image degradation&#xD;
&#xD;
          -  Time-interval between ECGs, chest CT and the RT-PCR assay was longer than 7 days&#xD;
      </textblock>
    </criteria>
    <gender>All</gender>
    <minimum_age>18 Years</minimum_age>
    <maximum_age>N/A</maximum_age>
    <healthy_volunteers>No</healthy_volunteers>
  </eligibility>
  <location>
    <facility>
      <name>London North West University Healthcare NHS Trust</name>
      <address>
        <city>London</city>
        <zip>HA1 3UJ</zip>
        <country>United Kingdom</country>
      </address>
    </facility>
    <status>Recruiting</status>
    <contact>
      <last_name>Jaymin Shah, MRCP PhD</last_name>
      <phone>02075949832</phone>
      <email>jaymin.shah@nhs.net</email>
    </contact>
  </location>
  <location>
    <facility>
      <name>Chelsea and Westminster Hospital NHS Foundation Trust</name>
      <address>
        <city>London</city>
        <zip>TW7 6AF</zip>
        <country>United Kingdom</country>
      </address>
    </facility>
    <status>Recruiting</status>
    <contact>
      <last_name>Emmanuel Ako, MRCP PhD</last_name>
      <phone>e 02075949832</phone>
      <email>Emmanuelle.Ako@chelwest.nhs.uk</email>
    </contact>
    <contact_backup>
      <last_name>Abtehale Al-Hussaini, MRCP PhD</last_name>
      <phone>e 02075949832</phone>
      <email>abtehale.Al-hussaini@chelwest.nhs.uk</email>
    </contact_backup>
  </location>
  <location>
    <facility>
      <name>Imperial College London (Hammersmith campus)</name>
      <address>
        <city>London</city>
        <zip>W12 0NN</zip>
        <country>United Kingdom</country>
      </address>
    </facility>
    <status>Active, not recruiting</status>
  </location>
  <location>
    <facility>
      <name>St Mary's Hospital</name>
      <address>
        <city>London</city>
        <zip>W2 1NY</zip>
        <country>United Kingdom</country>
      </address>
    </facility>
    <status>Recruiting</status>
    <contact>
      <last_name>Fu Siong Ng</last_name>
      <phone>02075943614</phone>
      <email>f.ng@imperial.ac.uk</email>
    </contact>
    <contact_backup>
      <last_name>Kiran Patel</last_name>
      <phone>02075943614</phone>
      <email>kiran.patel@imperial.ac.uk</email>
    </contact_backup>
  </location>
  <location_countries>
    <country>United Kingdom</country>
  </location_countries>
  <verification_date>August 2020</verification_date>
  <study_first_submitted>August 7, 2020</study_first_submitted>
  <study_first_submitted_qc>August 11, 2020</study_first_submitted_qc>
  <study_first_posted type="Actual">August 12, 2020</study_first_posted>
  <last_update_submitted>August 11, 2020</last_update_submitted>
  <last_update_submitted_qc>August 11, 2020</last_update_submitted_qc>
  <last_update_posted type="Actual">August 12, 2020</last_update_posted>
  <responsible_party>
    <responsible_party_type>Sponsor</responsible_party_type>
  </responsible_party>
  <keyword>coronavirus</keyword>
  <keyword>electrocardiogram</keyword>
  <keyword>artificial intelligence</keyword>
  <keyword>COVID-19</keyword>
  <condition_browse>
    <!-- CAUTION:  The following MeSH terms are assigned with an imperfect algorithm            -->
    <mesh_term>Coronavirus Infections</mesh_term>
  </condition_browse>
  <patient_data>
    <sharing_ipd>Yes</sharing_ipd>
    <ipd_description>This is a study using retrospective, pseudo-anonymised data that were acquired as part of routine clinical care for the patients. There are no direct risks to the patients' health. The main issues revolve around data security and storage. In order to address this, members of the direct care team who are not members of the research team will perform the pseudo-anonymisation of the data and pass a set of pseudo-anonymised data to the research team with no access to the pseudo-anonymisation code. The research team will therefore be unable to identify the patients from those data. The pseudo-anonymised data will also be securely stored to further minimise risks.</ipd_description>
    <ipd_info_type>Study Protocol</ipd_info_type>
    <ipd_info_type>Statistical Analysis Plan (SAP)</ipd_info_type>
    <ipd_time_frame>within study duration</ipd_time_frame>
    <ipd_access_criteria>Researchers of the study</ipd_access_criteria>
  </patient_data>
  <provided_document_section>
    <provided_document>
      <document_type>Study Protocol and Statistical Analysis Plan</document_type>
      <document_has_protocol>Yes</document_has_protocol>
      <document_has_icf>No</document_has_icf>
      <document_has_sap>Yes</document_has_sap>
      <document_date>May 5, 2020</document_date>
      <document_url>https://ClinicalTrials.gov/ProvidedDocs/41/NCT04510441/Prot_SAP_000.pdf</document_url>
    </provided_document>
  </provided_document_section>
  <!-- Results have not yet been posted for this study                                          -->
</clinical_study>

