<?xml version="1.0" encoding="UTF-8"?>
<clinical_study rank="393">
  <!-- This xml conforms to an XML Schema at:
    https://clinicaltrials.gov/ct2/html/images/info/public.xsd -->
  <required_header>
    <download_date>ClinicalTrials.gov processed this data on February 18, 2021</download_date>
    <link_text>Link to the current ClinicalTrials.gov record.</link_text>
    <url>https://clinicaltrials.gov/show/NCT04642196</url>
  </required_header>
  <id_info>
    <org_study_id>Home healthcare 2020</org_study_id>
    <nct_id>NCT04642196</nct_id>
  </id_info>
  <brief_title>COVID-19 in Home Healthcare</brief_title>
  <official_title>COVID-19 in Home Healthcare and Mortality</official_title>
  <sponsors>
    <lead_sponsor>
      <agency>University Hospital, Linkoeping</agency>
      <agency_class>Other</agency_class>
    </lead_sponsor>
  </sponsors>
  <source>University Hospital, Linkoeping</source>
  <oversight_info>
    <has_dmc>No</has_dmc>
    <is_fda_regulated_drug>No</is_fda_regulated_drug>
    <is_fda_regulated_device>No</is_fda_regulated_device>
  </oversight_info>
  <brief_summary>
    <textblock>
      Assessment of cause of Death in home Healthcare residents in Östergötland County, Sweden, who&#xD;
      had a positive COVID-19 diagnosis and died between March and September 2020.&#xD;
&#xD;
      Our aim is to evaluate the pattern of comorbidity and frailty in a group of individuals in&#xD;
      home healthcare with positive COVID-19 diagnoses who had a fatal outcome, and a second aim is&#xD;
      to assess the contribution of COVID-19 to those fatal outcomes.&#xD;
    </textblock>
  </brief_summary>
  <overall_status>Completed</overall_status>
  <start_date type="Actual">May 2, 2020</start_date>
  <completion_date type="Actual">October 10, 2020</completion_date>
  <primary_completion_date type="Actual">October 10, 2020</primary_completion_date>
  <study_type>Observational</study_type>
  <has_expanded_access>No</has_expanded_access>
  <study_design_info>
    <observational_model>Cohort</observational_model>
    <time_perspective>Retrospective</time_perspective>
  </study_design_info>
  <primary_outcome>
    <measure>Frailty</measure>
    <time_frame>Up to one month before death</time_frame>
    <description>Frailty is classified i four groups:&#xD;
None or mild frailty: no restrictions in daily life.&#xD;
Moderate frailty: mobile and independent but unable to handle physically demanding activities or work.&#xD;
Considerable frailty: able to perform activities of daily living but confined at times to bed or chair.&#xD;
Severe frailty: unable to perform activities of daily living and/or confined to bed or chair. Dementia necessitating care.</description>
  </primary_outcome>
  <primary_outcome>
    <measure>Comorbidity</measure>
    <time_frame>Up to one month before death</time_frame>
    <description>Comorbidity is classified in three Groups: none or mild comorbidity (0-1 diagnosis), moderate comorbidity (2 diagnoses), and severe comorbidity (3 or more diagnoses)</description>
  </primary_outcome>
  <enrollment type="Actual">155</enrollment>
  <condition>Covid19</condition>
  <eligibility>
    <study_pop>
      <textblock>
        Adult residents in home health care.&#xD;
      </textblock>
    </study_pop>
    <sampling_method>Non-Probability Sample</sampling_method>
    <criteria>
      <textblock>
        Inclusion Criteria:&#xD;
&#xD;
          -  adult (&lt; 18 years) individuals and&#xD;
&#xD;
          -  cared for in home healthcare in Östergötland county and&#xD;
&#xD;
          -  positive COVID-19 diagnosis and&#xD;
&#xD;
          -  diseased between March and September 2020&#xD;
&#xD;
        Exclusion Criteria:&#xD;
&#xD;
          -  none&#xD;
      </textblock>
    </criteria>
    <gender>All</gender>
    <minimum_age>N/A</minimum_age>
    <maximum_age>N/A</maximum_age>
    <healthy_volunteers>No</healthy_volunteers>
  </eligibility>
  <location>
    <facility>
      <name>Dept of anesthesia</name>
      <address>
        <city>Linköping</city>
        <zip>58185</zip>
        <country>Sweden</country>
      </address>
    </facility>
  </location>
  <location_countries>
    <country>Sweden</country>
  </location_countries>
  <verification_date>November 2020</verification_date>
  <study_first_submitted>November 22, 2020</study_first_submitted>
  <study_first_submitted_qc>November 23, 2020</study_first_submitted_qc>
  <study_first_posted type="Actual">November 24, 2020</study_first_posted>
  <last_update_submitted>November 23, 2020</last_update_submitted>
  <last_update_submitted_qc>November 23, 2020</last_update_submitted_qc>
  <last_update_posted type="Actual">November 24, 2020</last_update_posted>
  <responsible_party>
    <responsible_party_type>Principal Investigator</responsible_party_type>
    <investigator_affiliation>University Hospital, Linkoeping</investigator_affiliation>
    <investigator_full_name>Lena Nilsson</investigator_full_name>
    <investigator_title>Dr</investigator_title>
  </responsible_party>
  <!-- Results have not yet been posted for this study                                          -->
</clinical_study>

