<?xml version="1.0" encoding="UTF-8"?>
<clinical_study rank="4774">
  <!-- This xml conforms to an XML Schema at:
    https://clinicaltrials.gov/ct2/html/images/info/public.xsd -->
  <required_header>
    <download_date>ClinicalTrials.gov processed this data on February 18, 2021</download_date>
    <link_text>Link to the current ClinicalTrials.gov record.</link_text>
    <url>https://clinicaltrials.gov/show/NCT03452774</url>
  </required_header>
  <id_info>
    <org_study_id>SYNERGY-AI</org_study_id>
    <nct_id>NCT03452774</nct_id>
  </id_info>
  <brief_title>SYNERGY-AI: Artificial Intelligence Based Precision Oncology Clinical Trial Matching and Registry</brief_title>
  <official_title>SYNERGY-AI: Artificial Intelligence Based Precision Oncology Clinical Trial Matching and Registry</official_title>
  <sponsors>
    <lead_sponsor>
      <agency>Massive Bio, Inc.</agency>
      <agency_class>Industry</agency_class>
    </lead_sponsor>
  </sponsors>
  <source>Massive Bio, Inc.</source>
  <oversight_info>
    <has_dmc>No</has_dmc>
    <is_fda_regulated_drug>No</is_fda_regulated_drug>
    <is_fda_regulated_device>No</is_fda_regulated_device>
  </oversight_info>
  <brief_summary>
    <textblock>
      International registry for cancer patients evaluating the feasibility and clinical utility of&#xD;
      an Artificial Intelligence-based precision oncology clinical trial matching tool, powered by&#xD;
      a virtual tumor boards (VTB) program, and its clinical impact on pts with advanced cancer to&#xD;
      facilitate clinical trial enrollment (CTE), as well as the financial impact, and potential&#xD;
      outcomes of the intervention.&#xD;
    </textblock>
  </brief_summary>
  <detailed_description>
    <textblock>
      The SYNERGY Registry is an international prospective, observational cohort study of eligible&#xD;
      adult and pediatric pts with advanced solid and hematological malignancies, for whom the&#xD;
      decision to consider CTE has already been made by their primary providers (PP). Using a&#xD;
      proprietary application programming interface (API) linked to existing electronic health&#xD;
      records (EHR) platforms, individual clinical data is extracted, analyzed and matched to a&#xD;
      parametric database of existing institutional and non-institutional CT. Machine learning&#xD;
      algorithms allow for dynamic matching based on CT allocation and availability for optimized&#xD;
      matching. Patients voluntarily enroll into the registry, which is non-interventional with no&#xD;
      protocol-mandated tests/procedures - all treatment decisions are made at the discretion of PP&#xD;
      in consultation with their pts, based on the AI CT matching report, and VTB support. CTE will&#xD;
      be assessed on variables including biomarkers, barriers to enrollment. Study duration&#xD;
      anticipated as ~36 mo (~24-mo enrollment followed by 12 mo of data collection, to occur every&#xD;
      3 mo). The primary analysis will be performed 12 mo after last pt enrolled. The impact time&#xD;
      to initiation of CTE on PFS and OS will be estimated by Kaplan-Meier and Cox multivariable&#xD;
      survival analysis. Enrollment is ongoing, with a target of ≥1500 patients.&#xD;
    </textblock>
  </detailed_description>
  <overall_status>Recruiting</overall_status>
  <start_date type="Actual">January 1, 2018</start_date>
  <completion_date type="Anticipated">December 2022</completion_date>
  <primary_completion_date type="Anticipated">December 2021</primary_completion_date>
  <study_type>Observational [Patient Registry]</study_type>
  <has_expanded_access>No</has_expanded_access>
  <study_design_info>
    <observational_model>Cohort</observational_model>
    <time_perspective>Prospective</time_perspective>
  </study_design_info>
  <target_duration>36 Months</target_duration>
  <primary_outcome>
    <measure>Proportion of patients Eligible for CTE versus Actual CTE</measure>
    <time_frame>Through study completion, an average of 1 year</time_frame>
    <description>CTE Accrual</description>
  </primary_outcome>
  <secondary_outcome>
    <measure>Impact of CTE on Overall Survival (OS), estimated by Kaplan-Meier and Cox multivariable survival analysis</measure>
    <time_frame>4 years</time_frame>
    <description>OS</description>
  </secondary_outcome>
  <secondary_outcome>
    <measure>Impact of CTE on Progression-Free Survival (PFS), estimated by Kaplan-Meier and Cox multivariable survival analysis</measure>
    <time_frame>4 years</time_frame>
    <description>PFS</description>
  </secondary_outcome>
  <secondary_outcome>
    <measure>Identification of Barriers to CTE</measure>
    <time_frame>Through study completion, an average of 1 year</time_frame>
    <description>To identify barriers to accruals to clinical trials, as measured and reported by a questionnaire</description>
  </secondary_outcome>
  <secondary_outcome>
    <measure>Real World Data Analytics</measure>
    <time_frame>Through study completion, an average of 1 year</time_frame>
    <description>To Analyze Individual Standard of Care Chemotherapy Utilization (nominal), across treatment lines (numeric); data will be combined and aggregated to report chemotherapy utilization rate (%).</description>
  </secondary_outcome>
  <secondary_outcome>
    <measure>Virtual Tumor Board Utilization</measure>
    <time_frame>Through study completion, an average of 1 year</time_frame>
    <description>VTB Use Rate</description>
  </secondary_outcome>
  <secondary_outcome>
    <measure>Time from Intervention to Actual CTE (months)</measure>
    <time_frame>Through study completion, an average of 1 year</time_frame>
    <description>Time to CTE</description>
  </secondary_outcome>
  <number_of_groups>1</number_of_groups>
  <enrollment type="Anticipated">1500</enrollment>
  <condition>Cancer, Metastatic</condition>
  <condition>Cancer</condition>
  <condition>Cancer of Pancreas</condition>
  <condition>Cancer of Liver</condition>
  <condition>Cancer of Stomach</condition>
  <condition>Cancer Liver</condition>
  <condition>Cancer of Rectum</condition>
  <condition>Cancer of Kidney</condition>
  <condition>Cancer of Esophagus</condition>
  <condition>Cancer of Cervix</condition>
  <condition>Cancer of Colon</condition>
  <condition>Cancer of Larynx</condition>
  <condition>Cancer, Lung</condition>
  <condition>Cancer, Breast</condition>
  <condition>Cancer, Advanced</condition>
  <condition>Cancer Prostate</condition>
  <condition>Cancer of Neck</condition>
  <condition>Cancer of Skin</condition>
  <condition>Neuroendocrine Tumors</condition>
  <condition>Carcinoma</condition>
  <condition>Mismatch Repair Deficiency</condition>
  <condition>BRCA Gene Rearrangement</condition>
  <condition>Non Hodgkin Lymphoma</condition>
  <condition>Leukemia</condition>
  <condition>Non Small Cell Lung Cancer</condition>
  <condition>Cholangiocarcinoma</condition>
  <condition>Glioblastoma</condition>
  <condition>Central Nervous System Tumor</condition>
  <condition>Melanoma</condition>
  <condition>Urothelial Carcinoma</condition>
  <condition>Bladder Cancer</condition>
  <condition>Ovarian Cancer</condition>
  <condition>Endometrial Cancer</condition>
  <condition>Testicular Cancer</condition>
  <condition>Breast Cancer</condition>
  <condition>COVID</condition>
  <arm_group>
    <arm_group_label>Study Group</arm_group_label>
    <description>Eligible adult and pediatric pts with advanced solid and hematological malignancies, for whom the decision to consider CTE has already been made by their primary providers (PP).</description>
  </arm_group>
  <intervention>
    <intervention_type>Other</intervention_type>
    <intervention_name>Clinical Trial Matching</intervention_name>
    <description>Using a proprietary application programming interface (API) linked to existing electronic health records (EHR) platforms, individual clinical data is extracted, analyzed and matched to a parametric database of existing institutional and non-institutional CT. Machine learning algorithms allow for dynamic matching based on CT allocation and availability for optimized matching.</description>
    <arm_group_label>Study Group</arm_group_label>
  </intervention>
  <eligibility>
    <study_pop>
      <textblock>
        Observational cohort study of eligible adult and pediatric pts with advanced solid and&#xD;
        hematological malignancies, for whom the decision to consider clinical trial enrollment&#xD;
        (CTE) has already been made by their primary providers (PP).&#xD;
      </textblock>
    </study_pop>
    <sampling_method>Non-Probability Sample</sampling_method>
    <criteria>
      <textblock>
        Inclusion Criteria:&#xD;
&#xD;
          -  Pts with solid and hematological malignancies;&#xD;
&#xD;
          -  Pts cancer-related biomarkers, gene variants, fusion and rearrangements (by&#xD;
             immunohistochemistry, PCR, FISH or NGS): PD-L1, MSI (MMR), Claudin18.2, Tumor&#xD;
             mutational burden/load (TMB), ABL1, ACVR1B, AKT1, AKT2, AKT3, ALK, APC, AR, ATM, ATRX,&#xD;
             AURKA, AURKB, BAP1, BCL2, BCL6, BRAF, BRCA1, BRCA2, BTK, CCND1, CCND2, CCND3, CDK4,&#xD;
             CDK6, CDKN1A/B, CEBPA, CHEK1, CHEK2, CSF1R, CTNNB1, DAXX, DDR1/2, DNMT3A, EGFR, ERBB2,&#xD;
             ERBB3, ERBB4, ERCC4, ER, ESR1, FANCA, FAS, FBXW7, FGFR1, FGFR2, FGFR3, FGFR4, FLT3,&#xD;
             GATA3, GATA6, GNAS, HDAC1, HGF, HRAS, IDH1, IDH2, IGF1R, JAK1, JAK2, JAK3, KDR&#xD;
             (VEGFR2), KIT, KRAS, MAP2K2 (MEK2), MAP3K1, MCL1, MDM2, MDM4, MEN1, MET, MSH2, MSH3,&#xD;
             MSH6, MTOR, MUTYH, MYC, MYCL (MYCL1), NF1, NF2, NOTCH1, NPM1, NRAS, NTRK1, NTRK2,&#xD;
             NTRK3, PALB2, PARP1, PARP2, PARP3, PBRM1, PDCD1 (PD1), PDCD1LG2 (PD-L2), PDGFRA,&#xD;
             PDGFRB, PIK3C, PMS2, POLD1, POLE, PRDM1, PTCH1, PTEN, RAF1, RB1, RET, RICTOR, ROS1,&#xD;
             RPTOR, SDHA/B/C, SMAD, SMARC, SMO, STK11, TGFBR2, TP53, TSC1, TSC2, VEGFA, VHL, WT1,&#xD;
             ZNF217, ZNF703, among others.&#xD;
&#xD;
        These biomarkers should be determined by local laboratory, external vendor, or next&#xD;
        generation sequencing platform&#xD;
&#xD;
          -  Decision to consider clinical trial pre-screening enrollment (CTE) by primary provider&#xD;
             and/or patient&#xD;
&#xD;
        Exclusion Criteria:&#xD;
&#xD;
          -  ECOG PS &gt; 2;&#xD;
&#xD;
          -  Abnormal organ function;&#xD;
&#xD;
          -  Hospice enrollment&#xD;
      </textblock>
    </criteria>
    <gender>All</gender>
    <minimum_age>N/A</minimum_age>
    <maximum_age>N/A</maximum_age>
    <healthy_volunteers>No</healthy_volunteers>
  </eligibility>
  <overall_official>
    <last_name>Selin Kurnaz, PhD</last_name>
    <role>Principal Investigator</role>
    <affiliation>Massive Bio, Inc.</affiliation>
  </overall_official>
  <overall_contact>
    <last_name>Selin Kurnaz, PhD</last_name>
    <phone>+1(917) 336-3319</phone>
    <email>skurnaz@massivebio.com</email>
  </overall_contact>
  <overall_contact_backup>
    <last_name>Kristin Johnston, RN</last_name>
    <phone>+1(917) 336-3319</phone>
    <email>kjohnston@massivebio.com</email>
  </overall_contact_backup>
  <location>
    <facility>
      <name>Massive Bio, Inc</name>
      <address>
        <city>New York</city>
        <state>New York</state>
        <zip>10006</zip>
        <country>United States</country>
      </address>
    </facility>
    <status>Recruiting</status>
    <contact>
      <last_name>Kristin Johnston, RN</last_name>
      <phone>844-627-7246</phone>
      <email>support@massivebio.com</email>
    </contact>
  </location>
  <location_countries>
    <country>United States</country>
  </location_countries>
  <link>
    <url>https://academic.oup.com/annonc/article/28/suppl_7/mdx508.013/4469325</url>
    <description>Feasibility of precision oncology virtual tumour boards to optimise direct point-of-care management and clinical trial enrolment of advanced cancer patients: New models for personalised oncology</description>
  </link>
  <link>
    <url>http://ascopubs.org/doi/abs/10.1200/JCO.2019.37.4_suppl.TPS717?af=R</url>
    <description>SYNERGY-AI - Journal of Clinical Oncology (JCO)</description>
  </link>
  <verification_date>April 2020</verification_date>
  <study_first_submitted>February 13, 2018</study_first_submitted>
  <study_first_submitted_qc>February 24, 2018</study_first_submitted_qc>
  <study_first_posted type="Actual">March 2, 2018</study_first_posted>
  <last_update_submitted>April 26, 2020</last_update_submitted>
  <last_update_submitted_qc>April 26, 2020</last_update_submitted_qc>
  <last_update_posted type="Actual">April 28, 2020</last_update_posted>
  <responsible_party>
    <responsible_party_type>Sponsor</responsible_party_type>
  </responsible_party>
  <keyword>artificial intelligence</keyword>
  <keyword>virtual tumor board</keyword>
  <keyword>clinical trial</keyword>
  <keyword>clinical trial matching</keyword>
  <keyword>electronic medical record</keyword>
  <keyword>machine learning</keyword>
  <keyword>cost of care</keyword>
  <keyword>targeted therapy</keyword>
  <keyword>immunotherapy</keyword>
  <keyword>precision medicine</keyword>
  <keyword>precision oncology</keyword>
  <keyword>cancer</keyword>
  <keyword>value based care</keyword>
  <keyword>real world data</keyword>
  <keyword>data analytics</keyword>
  <condition_browse>
    <!-- CAUTION:  The following MeSH terms are assigned with an imperfect algorithm            -->
    <mesh_term>Carcinoma</mesh_term>
    <mesh_term>Glioblastoma</mesh_term>
    <mesh_term>Endometrial Neoplasms</mesh_term>
    <mesh_term>Neuroendocrine Tumors</mesh_term>
    <mesh_term>Cholangiocarcinoma</mesh_term>
    <mesh_term>Nervous System Neoplasms</mesh_term>
    <mesh_term>Central Nervous System Neoplasms</mesh_term>
    <mesh_term>Testicular Neoplasms</mesh_term>
    <mesh_term>Breast Neoplasms</mesh_term>
    <mesh_term>Pancreatic Neoplasms</mesh_term>
    <mesh_term>Lung Neoplasms</mesh_term>
    <mesh_term>Esophageal Neoplasms</mesh_term>
    <mesh_term>Stomach Neoplasms</mesh_term>
    <mesh_term>Colonic Neoplasms</mesh_term>
    <mesh_term>Liver Neoplasms</mesh_term>
    <mesh_term>Rectal Neoplasms</mesh_term>
    <mesh_term>Uterine Cervical Neoplasms</mesh_term>
    <mesh_term>Kidney Neoplasms</mesh_term>
    <mesh_term>Carcinoma, Renal Cell</mesh_term>
    <mesh_term>Head and Neck Neoplasms</mesh_term>
    <mesh_term>Skin Neoplasms</mesh_term>
    <mesh_term>Laryngeal Neoplasms</mesh_term>
  </condition_browse>
  <patient_data>
    <sharing_ipd>No</sharing_ipd>
  </patient_data>
  <!-- Results have not yet been posted for this study                                          -->
</clinical_study>

