<?xml version="1.0" encoding="UTF-8"?>
<clinical_study rank="3110">
  <!-- This xml conforms to an XML Schema at:
    https://clinicaltrials.gov/ct2/html/images/info/public.xsd -->
  <required_header>
    <download_date>ClinicalTrials.gov processed this data on February 18, 2021</download_date>
    <link_text>Link to the current ClinicalTrials.gov record.</link_text>
    <url>https://clinicaltrials.gov/show/NCT04522037</url>
  </required_header>
  <id_info>
    <org_study_id>CODYS_2020</org_study_id>
    <nct_id>NCT04522037</nct_id>
  </id_info>
  <brief_title>Measurement of the Efficacy of MORPHINE in the Early Management of Dyspnea in COVID-19 Positive Patients</brief_title>
  <acronym>CODYS</acronym>
  <official_title>Retrospective Study of the Measurement of the Efficacy of MORPHINE in the Early Management of Dyspnea in COVID-19 Positive Patients With Moderate to Severe Impairment Without Objective of Resuscitation Management (Level of Care 3 and 4) at the Hospices Civils of Lyon</official_title>
  <sponsors>
    <lead_sponsor>
      <agency>Hospices Civils de Lyon</agency>
      <agency_class>Other</agency_class>
    </lead_sponsor>
  </sponsors>
  <source>Hospices Civils de Lyon</source>
  <oversight_info>
    <is_fda_regulated_drug>No</is_fda_regulated_drug>
    <is_fda_regulated_device>No</is_fda_regulated_device>
  </oversight_info>
  <brief_summary>
    <textblock>
      Morphine is used in the treatment of dyspnea and polypnea with a proven benefit on the&#xD;
      improvement of these symptoms, both etiologically and symptomatically. This medication is&#xD;
      used in particular in palliative care for this type of symptom.&#xD;
&#xD;
      The Sars CoV2 viral pneumonia table can lead to respiratory distress. In patients with&#xD;
      moderate to severe impairment without goal of resuscitation (level of care 3 and 4), the&#xD;
      introduction of morphine may sometimes be necessary to relieve respiratory symptoms. These&#xD;
      also lead to major exhaustion which can worsen the clinical picture. However, the&#xD;
      prescription of morphine is not systematic in front of a respiratory distress table.&#xD;
&#xD;
      The investigators hypothesized that early treatment with morphine lead to a better management&#xD;
      of dyspnea, quality of live and survival in COVID-19 positive participants patients when&#xD;
      there is not resuscitation objective management (level of care 3 and 4).&#xD;
&#xD;
      The objective is to measure the efficacy of morphine in the early management of dyspnea,&#xD;
      quality of life and survival in COVID-19 positive participants patients treated in the&#xD;
      Hospices Civils of Lyon during COVID-19 pandemic.&#xD;
    </textblock>
  </brief_summary>
  <overall_status>Recruiting</overall_status>
  <start_date type="Actual">June 1, 2020</start_date>
  <completion_date type="Anticipated">February 2021</completion_date>
  <primary_completion_date type="Anticipated">September 2020</primary_completion_date>
  <study_type>Observational</study_type>
  <has_expanded_access>No</has_expanded_access>
  <study_design_info>
    <observational_model>Cohort</observational_model>
    <time_perspective>Retrospective</time_perspective>
  </study_design_info>
  <primary_outcome>
    <measure>Title : Reduction of respiratory rate between Hour 0 and Hour 12 at initiation of morphine treatment</measure>
    <time_frame>Hour 0 and Hour 12 after initiation of morphinic treatment</time_frame>
    <description>The respiratory rate is analyzed at Hour 0 and Hour 12 by a scope.</description>
  </primary_outcome>
  <number_of_groups>2</number_of_groups>
  <enrollment type="Anticipated">200</enrollment>
  <condition>Patients Hospitalized in the Hospices Civils of Lyon</condition>
  <condition>COVID-19 Disease</condition>
  <condition>Moderate to Severe Dyspnea</condition>
  <condition>Without Resuscitation Objective Management</condition>
  <arm_group>
    <arm_group_label>interventional group</arm_group_label>
    <description>patients hospitalized at the hospices civils of Lyon with a level of care 3 or 4 receiving morphinic treatment for COVID-19 disease dyspnea.</description>
  </arm_group>
  <arm_group>
    <arm_group_label>control group</arm_group_label>
    <description>patients hospitalized at the hospices civils of Lyon with a level of care 3 or 4 not receiving morphinic treatment for COVID-19 disease dyspnea.</description>
  </arm_group>
  <intervention>
    <intervention_type>Other</intervention_type>
    <intervention_name>No intervention / Compare the difference in respiratory rate between H0 and H12 of the initiation of morphine between the control and interventional groups</intervention_name>
    <description>Respiratory rate is analyzed with the scope (approved by the French national medical authorities)</description>
    <arm_group_label>control group</arm_group_label>
    <arm_group_label>interventional group</arm_group_label>
  </intervention>
  <eligibility>
    <study_pop>
      <textblock>
        patients hospitalized at the hospices civils of Lyon with a level of care 3 or 4 receiving&#xD;
        morphinic and not receiving morphinic treatment for COVID-19 disease dyspnea.&#xD;
      </textblock>
    </study_pop>
    <sampling_method>Non-Probability Sample</sampling_method>
    <criteria>
      <textblock>
        Inclusion Criteria:&#xD;
&#xD;
          -  Age over 18 years.&#xD;
&#xD;
          -  Having had a Covid-19 respiratory disease confirmed by PCR or TDM or anamnestic&#xD;
             criterion for patients living in communities for the elderly (respiratory&#xD;
             symptomatology suggestive and at least 3 cases confirmed in the living environment).&#xD;
&#xD;
          -  Having had respiratory severity criteria: respiratory distress syndrome including FR&gt;&#xD;
             25 / min and oxygen-demand&gt; 4 L / min to maintain a SpO2&gt; 90% at inclusion.&#xD;
&#xD;
          -  Having had a defined level of care after collegial discussion notified in the file&#xD;
             rejecting the external cardiac massage and admission to the intensive care unit (Level&#xD;
             3 and 4 on the protocols of the Hospices Civils de Lyon).&#xD;
&#xD;
          -  Collection of non-opposition&#xD;
&#xD;
        Exclusion Criteria:&#xD;
&#xD;
        -&#xD;
      </textblock>
    </criteria>
    <gender>All</gender>
    <minimum_age>18 Years</minimum_age>
    <maximum_age>N/A</maximum_age>
    <healthy_volunteers>No</healthy_volunteers>
  </eligibility>
  <overall_contact>
    <last_name>Myriam Legenne</last_name>
    <phone>4 72 07 25 79</phone>
    <phone_ext>+33</phone_ext>
    <email>myriam.legenne@chu-lyon.fr</email>
  </overall_contact>
  <location>
    <facility>
      <name>Hôpital de la Croix Rousse / GHN</name>
      <address>
        <city>Lyon</city>
        <zip>69004</zip>
        <country>France</country>
      </address>
    </facility>
    <status>Recruiting</status>
    <contact>
      <last_name>Myriam Legenne, Dr</last_name>
      <phone>4 72 07 25 79</phone>
      <phone_ext>+33</phone_ext>
      <email>myriam.legenne@chu-lyon.fr</email>
    </contact>
  </location>
  <location>
    <facility>
      <name>Hôpital Edouard Herriot</name>
      <address>
        <city>Lyon</city>
        <zip>69008</zip>
        <country>France</country>
      </address>
    </facility>
    <status>Recruiting</status>
    <contact>
      <last_name>Sophie Francioni, Dr</last_name>
      <phone>4 72 11 96 08</phone>
      <phone_ext>+33</phone_ext>
      <email>sophie.francioni@chu-lyon.fr</email>
    </contact>
  </location>
  <location>
    <facility>
      <name>Hôpital Lyon Sud</name>
      <address>
        <city>Pierre-Bénite</city>
        <zip>69445</zip>
        <country>France</country>
      </address>
    </facility>
    <status>Recruiting</status>
    <contact>
      <last_name>Guillaume Economos, Dr</last_name>
      <phone>4 78 86 41 48</phone>
      <phone_ext>+33</phone_ext>
      <email>guillaume.economos@chu-lyon.fr</email>
    </contact>
  </location>
  <location_countries>
    <country>France</country>
  </location_countries>
  <verification_date>July 2020</verification_date>
  <study_first_submitted>July 6, 2020</study_first_submitted>
  <study_first_submitted_qc>August 20, 2020</study_first_submitted_qc>
  <study_first_posted type="Actual">August 21, 2020</study_first_posted>
  <last_update_submitted>August 20, 2020</last_update_submitted>
  <last_update_submitted_qc>August 20, 2020</last_update_submitted_qc>
  <last_update_posted type="Actual">August 21, 2020</last_update_posted>
  <responsible_party>
    <responsible_party_type>Sponsor</responsible_party_type>
  </responsible_party>
  <keyword>COVID-19 disease</keyword>
  <keyword>level of care 3 and 4</keyword>
  <keyword>morphinic treatment</keyword>
  <keyword>dyspnea</keyword>
  <condition_browse>
    <!-- CAUTION:  The following MeSH terms are assigned with an imperfect algorithm            -->
    <mesh_term>Dyspnea</mesh_term>
  </condition_browse>
  <intervention_browse>
    <!-- CAUTION:  The following MeSH terms are assigned with an imperfect algorithm            -->
    <mesh_term>Morphine</mesh_term>
  </intervention_browse>
  <!-- Results have not yet been posted for this study                                          -->
</clinical_study>

