<?xml version="1.0" encoding="UTF-8"?>
<clinical_study rank="4570">
  <!-- This xml conforms to an XML Schema at:
    https://clinicaltrials.gov/ct2/html/images/info/public.xsd -->
  <required_header>
    <download_date>ClinicalTrials.gov processed this data on February 18, 2021</download_date>
    <link_text>Link to the current ClinicalTrials.gov record.</link_text>
    <url>https://clinicaltrials.gov/show/NCT04357977</url>
  </required_header>
  <id_info>
    <org_study_id>KBS005</org_study_id>
    <nct_id>NCT04357977</nct_id>
  </id_info>
  <brief_title>A Human Clinical Study to Collect Calibration and Performance Data for the RBA-2 Device</brief_title>
  <official_title>A Human Clinical Study to Collect Calibration and Performance Data for the RBA-2 Device</official_title>
  <sponsors>
    <lead_sponsor>
      <agency>Kaligia Biosciences, LLC</agency>
      <agency_class>Industry</agency_class>
    </lead_sponsor>
    <collaborator>
      <agency>University of South Florida</agency>
      <agency_class>Other</agency_class>
    </collaborator>
  </sponsors>
  <source>Kaligia Biosciences, LLC</source>
  <oversight_info>
    <has_dmc>No</has_dmc>
    <is_fda_regulated_drug>No</is_fda_regulated_drug>
    <is_fda_regulated_device>No</is_fda_regulated_device>
  </oversight_info>
  <brief_summary>
    <textblock>
      The current available diagnostic methods used for the detection of COVID-19 takes up to 4&#xD;
      hours. In some cases, these diagnostics tests make take up to a couple of days. As it is&#xD;
      highly contagious, people who are in close contact with the infected person are at high risk&#xD;
      of being infected. COVID-19 is transmitted through respiratory droplets produced when an&#xD;
      infected person coughs or sneezes. The desire for rapid detection of COVID-19 has become an&#xD;
      immediate necessity. The purpose of Kaligia Biosciences' saliva monitoring device (RBA-2) is&#xD;
      to detect the presence of the COVID-19 virus in human saliva. The RBA-2 uses Raman&#xD;
      Spectros-copy to detect the coronavirus. Once the sample is scanned successfully, the spectra&#xD;
      contains the response of the component present in human saliva and provide results in a&#xD;
      matter of minutes, rather than hours or days.&#xD;
    </textblock>
  </brief_summary>
  <detailed_description>
    <textblock>
      The purpose of this study is to calibrate the performance of RBA-2 using people by comparing&#xD;
      the results against a standard diagnostics test. The objective of this study is to collect&#xD;
      non-invasive in vivo saliva from confirmed cases of both infected and non-infected COVID-19&#xD;
      patients or site staff at the testing site and compare the test results using the RBA-2&#xD;
      against the standard test results used for diagnosis.&#xD;
&#xD;
      The comparison of the results obtained from the current testing methods will be used to&#xD;
      calibrate machine learning algorithms of the RBA-2.&#xD;
    </textblock>
  </detailed_description>
  <overall_status>Not yet recruiting</overall_status>
  <start_date type="Anticipated">April 2020</start_date>
  <completion_date type="Anticipated">December 2020</completion_date>
  <primary_completion_date type="Anticipated">August 2020</primary_completion_date>
  <study_type>Observational</study_type>
  <has_expanded_access>No</has_expanded_access>
  <study_design_info>
    <observational_model>Ecologic or Community</observational_model>
    <time_perspective>Cross-Sectional</time_perspective>
  </study_design_info>
  <primary_outcome>
    <measure>Covid +</measure>
    <time_frame>10 days</time_frame>
    <description>The comparison of the results obtained from the current testing methods will be used to calibrate machine learning algorithms of the RBA-2</description>
  </primary_outcome>
  <number_of_groups>1</number_of_groups>
  <enrollment type="Anticipated">300</enrollment>
  <condition>Coronavirus</condition>
  <condition>COVID</condition>
  <arm_group>
    <arm_group_label>Covid +</arm_group_label>
    <description>Laboratory obtained Covid+ specimen results will be compared to saliva specimen</description>
  </arm_group>
  <intervention>
    <intervention_type>Diagnostic Test</intervention_type>
    <intervention_name>RBA-2</intervention_name>
    <description>Collection of non-invasive in vivo saliva from confirmed cases of both infected and non-infected COVID-19 patients or site staff at the testing site and compare the test results using the RBA-2 against the standard test results used for diagnosis.</description>
    <arm_group_label>Covid +</arm_group_label>
  </intervention>
  <eligibility>
    <study_pop>
      <textblock>
        Participants will be recruited from patients and study staff at the testing site who have&#xD;
        been flagged for COVID-19 testing or who are being treated for COVID-19.&#xD;
      </textblock>
    </study_pop>
    <sampling_method>Non-Probability Sample</sampling_method>
    <criteria>
      <textblock>
        Inclusion Criteria:&#xD;
&#xD;
        Participants can be patients or staff members at the testing site.&#xD;
&#xD;
        Potential participants may be enrolled if:&#xD;
&#xD;
          1. They are identified as requiring a standard diagnostic test for COVID-19 or are being&#xD;
             treated after testing positive for COVID-19;&#xD;
&#xD;
          2. They are age ≥ 18 years old;&#xD;
&#xD;
          3. They are willing and able to provide verbal informed consent.&#xD;
&#xD;
        Exclusion Criteria:&#xD;
&#xD;
          -  Patients receiving active treatment with antivirals, chloroquine or immune modulators.&#xD;
      </textblock>
    </criteria>
    <gender>All</gender>
    <minimum_age>18 Years</minimum_age>
    <maximum_age>N/A</maximum_age>
    <healthy_volunteers>Accepts Healthy Volunteers</healthy_volunteers>
  </eligibility>
  <overall_contact>
    <last_name>Janice Shirley, MPH MBA PA-C</last_name>
    <phone>813-919-8857</phone>
    <email>advancedclinicalresearch@yahoo.com</email>
  </overall_contact>
  <overall_contact_backup>
    <last_name>Fazal Fazlin</last_name>
    <phone>727-580-7013</phone>
    <email>ffazlin@kaligiabiosciences.com</email>
  </overall_contact_backup>
  <location>
    <facility>
      <name>Tampa General Hospital</name>
      <address>
        <city>Tampa</city>
        <state>Florida</state>
        <zip>33606</zip>
        <country>United States</country>
      </address>
    </facility>
  </location>
  <location>
    <facility>
      <name>University of South Florida</name>
      <address>
        <city>Tampa</city>
        <state>Florida</state>
        <zip>33612</zip>
        <country>United States</country>
      </address>
    </facility>
    <contact>
      <last_name>Rachel Karlnoski, PhD</last_name>
      <phone>813-974-8558</phone>
      <email>karlnosk@usf.edu</email>
    </contact>
    <investigator>
      <last_name>Asa Oxner, MD</last_name>
      <role>Principal Investigator</role>
    </investigator>
  </location>
  <location>
    <facility>
      <name>AdventHealth Tampa</name>
      <address>
        <city>Tampa</city>
        <state>Florida</state>
        <zip>33613</zip>
        <country>United States</country>
      </address>
    </facility>
    <contact>
      <last_name>Elsie Medina, MS</last_name>
      <phone>813-615-7200</phone>
      <phone_ext>56514</phone_ext>
      <email>elsie.medina@adventhealth.com</email>
    </contact>
    <investigator>
      <last_name>Jose Tirado</last_name>
      <role>Principal Investigator</role>
    </investigator>
  </location>
  <location_countries>
    <country>United States</country>
  </location_countries>
  <verification_date>April 2020</verification_date>
  <study_first_submitted>April 20, 2020</study_first_submitted>
  <study_first_submitted_qc>April 20, 2020</study_first_submitted_qc>
  <study_first_posted type="Actual">April 22, 2020</study_first_posted>
  <last_update_submitted>April 20, 2020</last_update_submitted>
  <last_update_submitted_qc>April 20, 2020</last_update_submitted_qc>
  <last_update_posted type="Actual">April 22, 2020</last_update_posted>
  <responsible_party>
    <responsible_party_type>Sponsor</responsible_party_type>
  </responsible_party>
  <condition_browse>
    <!-- CAUTION:  The following MeSH terms are assigned with an imperfect algorithm            -->
    <mesh_term>Coronavirus Infections</mesh_term>
  </condition_browse>
  <patient_data>
    <sharing_ipd>Undecided</sharing_ipd>
  </patient_data>
  <!-- Results have not yet been posted for this study                                          -->
</clinical_study>

