<?xml version="1.0" encoding="UTF-8"?>
<clinical_study rank="1407">
  <!-- This xml conforms to an XML Schema at:
    https://clinicaltrials.gov/ct2/html/images/info/public.xsd -->
  <required_header>
    <download_date>ClinicalTrials.gov processed this data on February 18, 2021</download_date>
    <link_text>Link to the current ClinicalTrials.gov record.</link_text>
    <url>https://clinicaltrials.gov/show/NCT04384250</url>
  </required_header>
  <id_info>
    <org_study_id>RP:20.05.70</org_study_id>
    <nct_id>NCT04384250</nct_id>
  </id_info>
  <brief_title>Genetic Basis of COVID-19 Infection</brief_title>
  <official_title>Genetic Factors Influencing the Response to Infection With SARS-COV-2</official_title>
  <sponsors>
    <lead_sponsor>
      <agency>Mansoura University</agency>
      <agency_class>Other</agency_class>
    </lead_sponsor>
  </sponsors>
  <source>Mansoura University</source>
  <oversight_info>
    <has_dmc>Yes</has_dmc>
    <is_fda_regulated_drug>No</is_fda_regulated_drug>
    <is_fda_regulated_device>No</is_fda_regulated_device>
  </oversight_info>
  <brief_summary>
    <textblock>
      We will study genetic factors causing severe disease due to infection with SARS-COV-2 which&#xD;
      may help to find targeted therapy&#xD;
    </textblock>
  </brief_summary>
  <overall_status>Recruiting</overall_status>
  <start_date type="Actual">May 10, 2020</start_date>
  <completion_date type="Anticipated">May 1, 2021</completion_date>
  <primary_completion_date type="Anticipated">August 31, 2020</primary_completion_date>
  <study_type>Observational</study_type>
  <has_expanded_access>No</has_expanded_access>
  <study_design_info>
    <observational_model>Case-Only</observational_model>
    <time_perspective>Prospective</time_perspective>
  </study_design_info>
  <primary_outcome>
    <measure>Mutations leading to increase susceptibility to SARS-COV-2 infection</measure>
    <time_frame>12 months</time_frame>
    <description>Genetic susceptibility to COVID-19</description>
  </primary_outcome>
  <enrollment type="Anticipated">50</enrollment>
  <condition>Genetic Basis of COVID-19 Infection</condition>
  <intervention>
    <intervention_type>Diagnostic Test</intervention_type>
    <intervention_name>Whole Exome Sequencing</intervention_name>
    <description>Genetic study of patients</description>
  </intervention>
  <eligibility>
    <study_pop>
      <textblock>
        COVID-19 positive patients&#xD;
      </textblock>
    </study_pop>
    <sampling_method>Non-Probability Sample</sampling_method>
    <criteria>
      <textblock>
        Inclusion Criteria:&#xD;
&#xD;
          -  severe COVID-19 infection&#xD;
&#xD;
        Exclusion Criteria:&#xD;
&#xD;
          -  Comorbidity ((DM, hypertension, Chronic liver or Kidney diseases, HIV, morbid obesity,&#xD;
             Malignancy, Immunosuppressive therapy)&#xD;
      </textblock>
    </criteria>
    <gender>All</gender>
    <minimum_age>N/A</minimum_age>
    <maximum_age>50 Years</maximum_age>
  </eligibility>
  <overall_contact>
    <last_name>Ali Sobh, MD</last_name>
    <phone>+201000911288</phone>
    <email>ali.sobh@mans.edu.eg</email>
  </overall_contact>
  <overall_contact_backup>
    <last_name>Marwa Elnagdy, MD</last_name>
    <phone>+201010645060</phone>
    <email>marwaelnagdy85@mans.edu.eg</email>
  </overall_contact_backup>
  <location>
    <facility>
      <name>Mansoura University</name>
      <address>
        <city>Mansoura</city>
        <state>Dakahlyia</state>
        <zip>35516</zip>
        <country>Egypt</country>
      </address>
    </facility>
    <status>Recruiting</status>
    <contact>
      <last_name>Ali Sobh, MD</last_name>
    </contact>
  </location>
  <location_countries>
    <country>Egypt</country>
  </location_countries>
  <verification_date>May 2020</verification_date>
  <study_first_submitted>May 10, 2020</study_first_submitted>
  <study_first_submitted_qc>May 10, 2020</study_first_submitted_qc>
  <study_first_posted type="Actual">May 12, 2020</study_first_posted>
  <last_update_submitted>May 10, 2020</last_update_submitted>
  <last_update_submitted_qc>May 10, 2020</last_update_submitted_qc>
  <last_update_posted type="Actual">May 12, 2020</last_update_posted>
  <responsible_party>
    <responsible_party_type>Principal Investigator</responsible_party_type>
    <investigator_affiliation>Mansoura University</investigator_affiliation>
    <investigator_full_name>Ali Sobh</investigator_full_name>
    <investigator_title>Lecturer of Pediatric Immunology</investigator_title>
  </responsible_party>
  <keyword>SARS-COV-2, Genetics</keyword>
  <condition_browse>
    <!-- CAUTION:  The following MeSH terms are assigned with an imperfect algorithm            -->
    <mesh_term>Infection</mesh_term>
    <mesh_term>Communicable Diseases</mesh_term>
  </condition_browse>
  <patient_data>
    <sharing_ipd>Undecided</sharing_ipd>
  </patient_data>
  <!-- Results have not yet been posted for this study                                          -->
</clinical_study>

