<?xml version="1.0" encoding="UTF-8"?>
<clinical_study rank="2825">
  <!-- This xml conforms to an XML Schema at:
    https://clinicaltrials.gov/ct2/html/images/info/public.xsd -->
  <required_header>
    <download_date>ClinicalTrials.gov processed this data on February 18, 2021</download_date>
    <link_text>Link to the current ClinicalTrials.gov record.</link_text>
    <url>https://clinicaltrials.gov/show/NCT04587258</url>
  </required_header>
  <id_info>
    <org_study_id>1613494-3</org_study_id>
    <nct_id>NCT04587258</nct_id>
  </id_info>
  <brief_title>Improving Cancer Screening and Prevention During the COVID-19 Pandemic in Underserved Populations of Rhode Island</brief_title>
  <official_title>Improving Cancer Screening and Prevention During the COVID-19 Pandemic in Underserved Populations of Rhode Island: A Community Based Quality Improvement Project of the Lifespan Cancer Institute</official_title>
  <sponsors>
    <lead_sponsor>
      <agency>Rhode Island Hospital</agency>
      <agency_class>Other</agency_class>
    </lead_sponsor>
    <collaborator>
      <agency>Blackstone Valley Community Health Care</agency>
      <agency_class>Other</agency_class>
    </collaborator>
  </sponsors>
  <source>Rhode Island Hospital</source>
  <oversight_info>
    <has_dmc>No</has_dmc>
    <is_fda_regulated_drug>No</is_fda_regulated_drug>
    <is_fda_regulated_device>No</is_fda_regulated_device>
  </oversight_info>
  <brief_summary>
    <textblock>
      Lifespan Cancer Institute serves over 50% of cancer patients in the state. Rhode Island is&#xD;
      known for strong medical care and high rates of cancer screening with mammography and&#xD;
      colonoscopy. However, cancer screening has plummeted during the COVID-19 pandemic, in part to&#xD;
      closing physician offices and stopping non-urgent medical procedures. In addition, anecdotal&#xD;
      reports suggest the public remains concerned about returning to physician's offices and&#xD;
      risking possible exposure to COVID-19. As in the United States as a whole, COVID-19 has&#xD;
      disproportionately impacted ethnic and minority individuals within underserved communities;&#xD;
      and in Rhode Island, African Americans, Hispanics and undocumented individuals living in&#xD;
      communities such as Central Falls, Pawtucket, Providence, East Providence and North&#xD;
      Providence have had the highest rate of COVID-19. These communities are also impacted by&#xD;
      healthcare disparities to access and affordability of healthcare, and as such, may be among&#xD;
      the least likely to resume cancer screening.&#xD;
&#xD;
      The Lifespan Cancer Institute will institute a project to address health disparities in&#xD;
      cancer screening during the pandemic through the use of a targeted campaign involving social&#xD;
      media. The goals will be to re-establish screening in the era of COVID-19 and ensure&#xD;
      timeliness of care for those found to be at risk, or are positive for, cancer.&#xD;
    </textblock>
  </brief_summary>
  <detailed_description>
    <textblock>
      This project will focus on improving breast and colorectal cancer screening during the&#xD;
      COVID-19 pandemic in underserved populations of Rhode Island. The investigators will engage&#xD;
      the Blackstone Valley Community Health Center. Dr. Don Dizon, a national leader in social&#xD;
      media, will be a key participant.&#xD;
&#xD;
      Dr. Don Dizon is a world expert using electronic communication and social media in the&#xD;
      oncology practice. Dr. Dizon chairs the Digital Engagement Committee for the Southwest&#xD;
      Oncology Group (SWOG) a national cancer institute cooperative group. He is a co-principal&#xD;
      investigator of an NIH grant studying electronic patient reported outcomes - the SIMPRO&#xD;
      Research Consortium. Dr. Dizon is also head of the American Society of Oncology (ASCO)&#xD;
      Educational Committee and is well positioned to disseminate the knowledge gathered from the&#xD;
      current project through ASCO activities.&#xD;
&#xD;
      The initial project may be to discuss with the Blackstone Valley Community Health Center the&#xD;
      possibility of developing short videos in multiple languages on the importance of cancer&#xD;
      screening. The investigators will engage staff and patients of the BVCHC and the community to&#xD;
      participate within the videos as a model of community-based participation. These&#xD;
      informational videos could be distributed directly to the community via social media&#xD;
      platforms. Data will be collecting on the rates of cancer screening including age, sex and&#xD;
      race. These data could be compared to different cities within Rhode Island and the United&#xD;
      States&#xD;
    </textblock>
  </detailed_description>
  <overall_status>Recruiting</overall_status>
  <start_date type="Actual">August 28, 2020</start_date>
  <completion_date type="Anticipated">September 1, 2022</completion_date>
  <primary_completion_date type="Anticipated">September 1, 2022</primary_completion_date>
  <study_type>Observational</study_type>
  <has_expanded_access>No</has_expanded_access>
  <study_design_info>
    <observational_model>Ecologic or Community</observational_model>
    <time_perspective>Prospective</time_perspective>
  </study_design_info>
  <primary_outcome>
    <measure>Increase screening rates for breast and colorectal cancer</measure>
    <time_frame>2 years</time_frame>
    <description>Increase screening rates for breast and colorectal cancer among underserved populations by 25% using March 9 through May 31 as a benchmark, coinciding the Executive Orders for COVID19 announced by Governor Raimondo.</description>
  </primary_outcome>
  <primary_outcome>
    <measure>Impact of screening on cancer care</measure>
    <time_frame>2 years</time_frame>
    <description>Evaluate the impact of screening on timeliness of cancer care among these populations by comparing to the American Society of Clinical Oncology's Quality Oncology Performance Initiative (QOPI) guidelines in breast and colorectal cancer.</description>
  </primary_outcome>
  <secondary_outcome>
    <measure>Community Engagement</measure>
    <time_frame>2 Years</time_frame>
    <description>Evaluate strategies of engagement in these communities as it relates to:&#xD;
-Social media platform (Twitter, Facebook, Instagram, TikTok) These metrics will be determined by social media statistics for engagement and the number of calls/queries to the designated information lines.</description>
  </secondary_outcome>
  <secondary_outcome>
    <measure>Barriers to cancer screening during COVID19.</measure>
    <time_frame>2 Years</time_frame>
    <description>Evaluate barriers to cancer screening in these populations as it particularly relates to COVID19.</description>
  </secondary_outcome>
  <other_outcome>
    <measure>Educate the community on the importance of cancer screening</measure>
    <time_frame>5-10 years</time_frame>
    <description>We will educate staff, community physicians and Rhode Island residents on the importance of cancer screening. We will use community-based partnerships to overcome distrust of institutions and develop an engaged community network. Long term academic goals include publication of data and successfully receiving local and federal funding for continued research.</description>
  </other_outcome>
  <number_of_groups>2</number_of_groups>
  <enrollment type="Anticipated">100</enrollment>
  <condition>Breast Cancer</condition>
  <condition>Colorectal Cancer</condition>
  <condition>Covid19</condition>
  <arm_group>
    <arm_group_label>Breast Cancer</arm_group_label>
    <description>Subjects will be encouraged through informational videos and social media campaigns to visit their doctors to get screened for breast cancer using mammograms.</description>
  </arm_group>
  <arm_group>
    <arm_group_label>Colorectal Cancer</arm_group_label>
    <description>Subjects will be encouraged through informational videos and social media campaigns to visit their doctors to get screened for breast cancer using colonoscopies</description>
  </arm_group>
  <intervention>
    <intervention_type>Behavioral</intervention_type>
    <intervention_name>Informational videos and social media campaigns encouraging cancer screening.</intervention_name>
    <description>Informational videos will be made using community members and will be played in the Blackstone Valley Health Center, as well as posted on social media platforms, such as Facebook and Instagram. These videos will encourage at risk populations in the selected areas to visit their physicians to discuss the possibility of undergoing screening procedures for either breast or colorectal cancer. Data will then be collected about the rates of screening and will be compared to the screening rates from the time period of March 9th 2020 to May 31st 2020, with the goal of increasing screening rates by 25%.</description>
    <arm_group_label>Breast Cancer</arm_group_label>
    <arm_group_label>Colorectal Cancer</arm_group_label>
  </intervention>
  <eligibility>
    <study_pop>
      <textblock>
        Patients that are at risk of colorectal or breast cancer from under-served or vulnerable&#xD;
        communities in Rhode Island.&#xD;
      </textblock>
    </study_pop>
    <sampling_method>Non-Probability Sample</sampling_method>
    <criteria>
      <textblock>
        Inclusion Criteria:&#xD;
&#xD;
          -  Increased risk of either colorectal or breast cancer&#xD;
&#xD;
          -  Living in an under-served area of Rhode Island&#xD;
&#xD;
        Exclusion Criteria:&#xD;
&#xD;
        - None&#xD;
      </textblock>
    </criteria>
    <gender>All</gender>
    <minimum_age>18 Years</minimum_age>
    <maximum_age>N/A</maximum_age>
  </eligibility>
  <overall_official>
    <last_name>Howard Safran, MD</last_name>
    <role>Principal Investigator</role>
    <affiliation>Lifespan</affiliation>
  </overall_official>
  <overall_official>
    <last_name>Don Dizon, MD</last_name>
    <role>Principal Investigator</role>
    <affiliation>Lifespan</affiliation>
  </overall_official>
  <overall_contact>
    <last_name>Howard Safran, MD</last_name>
    <phone>1 (844) 222-2881</phone>
    <email>HSafran@lifespan.org</email>
  </overall_contact>
  <location>
    <facility>
      <name>Blackstone Valley Community Health Center</name>
      <address>
        <city>Pawtucket</city>
        <state>Rhode Island</state>
        <zip>02860</zip>
        <country>United States</country>
      </address>
    </facility>
    <status>Recruiting</status>
    <contact>
      <last_name>Cristina Pacheco, MD</last_name>
      <phone>401-312-9898</phone>
      <email>cpacheco@bvchc.org</email>
    </contact>
  </location>
  <location_countries>
    <country>United States</country>
  </location_countries>
  <link>
    <url>http://www.bvchc.org/</url>
    <description>Blackstone Valley Community Health Center</description>
  </link>
  <link>
    <url>https://www.lifespan.org/centers-services/lifespan-cancer-institute</url>
    <description>Lifespan Cancer Institute</description>
  </link>
  <reference>
    <citation>Siegel RL, Miller KD, Jemal A. Cancer statistics, 2019. CA Cancer J Clin. 2019 Jan;69(1):7-34. doi: 10.3322/caac.21551. Epub 2019 Jan 8.</citation>
    <PMID>30620402</PMID>
  </reference>
  <reference>
    <citation>Wallerstein N, Duran B. Community-based participatory research contributions to intervention research: the intersection of science and practice to improve health equity. Am J Public Health. 2010 Apr 1;100 Suppl 1:S40-6. doi: 10.2105/AJPH.2009.184036. Epub 2010 Feb 10.</citation>
    <PMID>20147663</PMID>
  </reference>
  <reference>
    <citation>Braun KL, Nguyen TT, Tanjasiri SP, Campbell J, Heiney SP, Brandt HM, Smith SA, Blumenthal DS, Hargreaves M, Coe K, Ma GX, Kenerson D, Patel K, Tsark J, Hébert JR. Operationalization of community-based participatory research principles: assessment of the national cancer institute's community network programs. Am J Public Health. 2012 Jun;102(6):1195-203. doi: 10.2105/AJPH.2011.300304. Epub 2011 Nov 28.</citation>
    <PMID>22095340</PMID>
  </reference>
  <reference>
    <citation>Simonds VW, Wallerstein N, Duran B, Villegas M. Community-based participatory research: its role in future cancer research and public health practice. Prev Chronic Dis. 2013 May 16;10:E78. doi: 10.5888/pcd10.120205.</citation>
    <PMID>23680507</PMID>
  </reference>
  <reference>
    <citation>Alberg AJ, Samet JM. Epidemiology of lung cancer. Chest. 2003 Jan;123(1 Suppl):21S-49S. Review.</citation>
    <PMID>12527563</PMID>
  </reference>
  <reference>
    <citation>National Lung Screening Trial Research Team, Aberle DR, Adams AM, Berg CD, Black WC, Clapp JD, Fagerstrom RM, Gareen IF, Gatsonis C, Marcus PM, Sicks JD. Reduced lung-cancer mortality with low-dose computed tomographic screening. N Engl J Med. 2011 Aug 4;365(5):395-409. doi: 10.1056/NEJMoa1102873. Epub 2011 Jun 29.</citation>
    <PMID>21714641</PMID>
  </reference>
  <reference>
    <citation>Pham D, Bhandari S, Oechsli M, et al, Lung cancer screening rates: Data from the lung cancer screening registry. J Clin Oncol 36, 2018 (suppl; abstr 6504)</citation>
  </reference>
  <reference>
    <citation>Goyal P, Choi JJ, Pinheiro LC, Schenck EJ, Chen R, Jabri A, Satlin MJ, Campion TR Jr, Nahid M, Ringel JB, Hoffman KL, Alshak MN, Li HA, Wehmeyer GT, Rajan M, Reshetnyak E, Hupert N, Horn EM, Martinez FJ, Gulick RM, Safford MM. Clinical Characteristics of Covid-19 in New York City. N Engl J Med. 2020 Jun 11;382(24):2372-2374. doi: 10.1056/NEJMc2010419. Epub 2020 Apr 17.</citation>
    <PMID>32302078</PMID>
  </reference>
  <reference>
    <citation>Zhou F, Yu T, Du R, Fan G, Liu Y, Liu Z, Xiang J, Wang Y, Song B, Gu X, Guan L, Wei Y, Li H, Wu X, Xu J, Tu S, Zhang Y, Chen H, Cao B. Clinical course and risk factors for mortality of adult inpatients with COVID-19 in Wuhan, China: a retrospective cohort study. Lancet. 2020 Mar 28;395(10229):1054-1062. doi: 10.1016/S0140-6736(20)30566-3. Epub 2020 Mar 11. Erratum in: Lancet. 2020 Mar 28;395(10229):1038. Lancet. 2020 Mar 28;395(10229):1038.</citation>
    <PMID>32171076</PMID>
  </reference>
  <verification_date>September 2020</verification_date>
  <study_first_submitted>October 8, 2020</study_first_submitted>
  <study_first_submitted_qc>October 13, 2020</study_first_submitted_qc>
  <study_first_posted type="Actual">October 14, 2020</study_first_posted>
  <last_update_submitted>October 13, 2020</last_update_submitted>
  <last_update_submitted_qc>October 13, 2020</last_update_submitted_qc>
  <last_update_posted type="Actual">October 14, 2020</last_update_posted>
  <responsible_party>
    <responsible_party_type>Sponsor</responsible_party_type>
  </responsible_party>
  <keyword>Cancer screening</keyword>
  <keyword>COVID19</keyword>
  <keyword>Underserved communities</keyword>
  <keyword>Community based-participation</keyword>
  <keyword>Social Media</keyword>
  <keyword>Informational videos</keyword>
  <keyword>Facebook</keyword>
  <keyword>Instagram</keyword>
  <keyword>TikTok</keyword>
  <keyword>Lifespan</keyword>
  <keyword>Blackstone Valley</keyword>
  <keyword>Central Falls</keyword>
  <keyword>Pawtucket</keyword>
  <keyword>Providence</keyword>
  <keyword>Minorities</keyword>
  <keyword>Equitable healthcare</keyword>
  <condition_browse>
    <!-- CAUTION:  The following MeSH terms are assigned with an imperfect algorithm            -->
    <mesh_term>Colorectal Neoplasms</mesh_term>
  </condition_browse>
  <patient_data>
    <sharing_ipd>No</sharing_ipd>
  </patient_data>
  <!-- Results have not yet been posted for this study                                          -->
</clinical_study>

