<?xml version="1.0" encoding="UTF-8"?>
<clinical_study rank="862">
  <!-- This xml conforms to an XML Schema at:
    https://clinicaltrials.gov/ct2/html/images/info/public.xsd -->
  <required_header>
    <download_date>ClinicalTrials.gov processed this data on February 18, 2021</download_date>
    <link_text>Link to the current ClinicalTrials.gov record.</link_text>
    <url>https://clinicaltrials.gov/show/NCT04338828</url>
  </required_header>
  <id_info>
    <org_study_id>2019P00XXXX</org_study_id>
    <nct_id>NCT04338828</nct_id>
  </id_info>
  <brief_title>Nitric Oxide Inhalation Therapy for COVID-19 Infections in the ED</brief_title>
  <acronym>NO COV-ED</acronym>
  <official_title>Nitric Oxide Inhalation Therapy for COVID-19 Infections in the Emergency Department</official_title>
  <sponsors>
    <lead_sponsor>
      <agency>Massachusetts General Hospital</agency>
      <agency_class>Other</agency_class>
    </lead_sponsor>
    <collaborator>
      <agency>Department of Anesthesia, MGH</agency>
      <agency_class>Other</agency_class>
    </collaborator>
  </sponsors>
  <source>Massachusetts General Hospital</source>
  <oversight_info>
    <has_dmc>Yes</has_dmc>
    <is_fda_regulated_drug>Yes</is_fda_regulated_drug>
    <is_fda_regulated_device>No</is_fda_regulated_device>
    <is_us_export>No</is_us_export>
  </oversight_info>
  <brief_summary>
    <textblock>
      The spread of novel Coronavirus (2019-nCoV) related infection (COVID-19) has led to many&#xD;
      patient presentations in the emergency department for respiratory complaints, with many of&#xD;
      these patients requiring ICU admission and ventilatory support. While COVID-19 patients have&#xD;
      an increased need for supportive care, there is currently no specific treatment directed&#xD;
      against 2019-nCoV. Nitric oxide inhalation has been used as a pulmonary vasodilator and has&#xD;
      been found to have antiviral activity against other coronavirus strains. The primary aim of&#xD;
      this study is to determine whether inhaled NO improves short term respiratory status,&#xD;
      prevents future hospitalization, and improves the clinical course in patients diagnosed with&#xD;
      COVID-19 specifically in the emergency department.&#xD;
    </textblock>
  </brief_summary>
  <detailed_description>
    <textblock>
      The spread of novel Coronavirus (2019-nCoV) related infection (COVID-19) has led to many&#xD;
      patient presentations in the emergency department for respiratory complaints, with many of&#xD;
      these patients requiring ICU admission and ventilatory support. While COVID-19 patients have&#xD;
      an increased need for supportive care, there is currently no specific treatment directed&#xD;
      against 2019-nCoV. Nitric oxide inhalation has been used as a pulmonary vasodilator and has&#xD;
      been found to have antiviral activity against other coronavirus strains.&#xD;
&#xD;
      Preliminary data support a microbicidal effect of high concentration inhaled NO. We&#xD;
      hypothesize that high concentration inhaled NO can have a viricidal effect against SARS-Cov-2&#xD;
      and prevent the deterioration to a severe form of COVID-19 when administered at an early&#xD;
      stage of the disease. Additional potential mechanisms why INO may be effective in this&#xD;
      indication: 1)improves V/Q ratio, 2) reduces PVR and PAP, 3) Anti-thrombotic in lung. This&#xD;
      would have potential benefit for the patients in terms of reducing the severity of the&#xD;
      clinical course and time to recovery. An additional benefit could be for the society since a&#xD;
      faster and a less severe clinical course could protect limited hospital resources (ED, floor,&#xD;
      and ICU) from being overwhelmed.&#xD;
&#xD;
      The primary aim is to prevent the deterioration of mild COVID-19 infection (defined by a&#xD;
      RT-PCR positive for SARS-CoV-2 in a specimen from any site) with respiratory signs/ symptoms&#xD;
      to a more severe form of the disease as defined by the patient needing to 1) return to the&#xD;
      ED, 2) be admitting to the hospital, 3) be intubated, 4) and all cause 28 day mortality.&#xD;
    </textblock>
  </detailed_description>
  <overall_status>Active, not recruiting</overall_status>
  <start_date type="Actual">April 18, 2020</start_date>
  <completion_date type="Anticipated">April 2022</completion_date>
  <primary_completion_date type="Anticipated">April 2021</primary_completion_date>
  <phase>Phase 2</phase>
  <study_type>Interventional</study_type>
  <has_expanded_access>No</has_expanded_access>
  <study_design_info>
    <allocation>Randomized</allocation>
    <intervention_model>Parallel Assignment</intervention_model>
    <primary_purpose>Treatment</primary_purpose>
    <masking>Triple (Participant, Care Provider, Investigator)</masking>
  </study_design_info>
  <primary_outcome>
    <measure>Rates of return visits to the ED</measure>
    <time_frame>28 days</time_frame>
    <description>Difference within treatment and control groups with COVID-related symptoms/disease in their likelihood to return to the ED with worsening symptoms</description>
  </primary_outcome>
  <secondary_outcome>
    <measure>Inpatient hospitalizations required</measure>
    <time_frame>28 days</time_frame>
    <description>Difference within treatment and control groups with COVID-related symptoms/disease in their likelihood to require hospitalization during their COVID-19 course</description>
  </secondary_outcome>
  <secondary_outcome>
    <measure>Rates of intubation</measure>
    <time_frame>28 days</time_frame>
    <description>Difference within treatment and control groups with COVID-related symptoms/disease in their likelihood to require intubation during their COVID-19 course</description>
  </secondary_outcome>
  <secondary_outcome>
    <measure>Rates of mortality</measure>
    <time_frame>28 days</time_frame>
    <description>Difference within treatment and control groups with COVID-related symptoms/disease in their likelihood to die of any cause within 28 days of their initial ED visit</description>
  </secondary_outcome>
  <number_of_arms>2</number_of_arms>
  <enrollment type="Actual">47</enrollment>
  <condition>COVID19</condition>
  <arm_group>
    <arm_group_label>Treatment Group</arm_group_label>
    <arm_group_type>Experimental</arm_group_type>
    <description>Inhaled nitric oxide</description>
  </arm_group>
  <arm_group>
    <arm_group_label>Control Group</arm_group_label>
    <arm_group_type>Placebo Comparator</arm_group_type>
    <description>Inhaled supplemental oxygen</description>
  </arm_group>
  <intervention>
    <intervention_type>Drug</intervention_type>
    <intervention_name>Nitric Oxide Gas</intervention_name>
    <description>Inhaled NO administered at target inspired concentration 140 - 300 ppm for 20-30 minutes</description>
    <arm_group_label>Treatment Group</arm_group_label>
  </intervention>
  <intervention>
    <intervention_type>Other</intervention_type>
    <intervention_name>Inhaled Supplemental Oxygen</intervention_name>
    <description>2 L/min oxygen therapy</description>
    <arm_group_label>Control Group</arm_group_label>
  </intervention>
  <eligibility>
    <criteria>
      <textblock>
        Inclusion Criteria:&#xD;
&#xD;
          -  Age ≥ 18 years old&#xD;
&#xD;
          -  Presentation to the ED with respiratory symptoms likely caused by COVID-19&#xD;
&#xD;
          -  Patient displays at least one of the following&#xD;
&#xD;
               1. respiratory rate ≥ 24&#xD;
&#xD;
               2. new cough&#xD;
&#xD;
               3. new atypical chest pain&#xD;
&#xD;
               4. new dyspnea&#xD;
&#xD;
               5. oxygen saturation &lt; 97% at rest&#xD;
&#xD;
               6. chest x-ray with new changes consistent with COVID-related airspace disease&#xD;
&#xD;
          -  Cleared for discharge home by attending physician&#xD;
&#xD;
          -  Obtained COVID testing (results not required at time of enrollment)&#xD;
&#xD;
          -  Onset of symptoms ≤12 days prior to ED visit&#xD;
&#xD;
        Exclusion Criteria:&#xD;
&#xD;
          -  Attending physician estimation (&lt; 50% likelihood) of other more likely non-COVID&#xD;
             etiology&#xD;
&#xD;
          -  Presence of tracheostomy&#xD;
&#xD;
          -  Requirement of oxygen therapy to maintain resting oxygen saturation of &gt; 94%&#xD;
&#xD;
          -  Clinical contraindication to use of inhaled nitric oxide&#xD;
      </textblock>
    </criteria>
    <gender>All</gender>
    <minimum_age>18 Years</minimum_age>
    <maximum_age>N/A</maximum_age>
    <healthy_volunteers>No</healthy_volunteers>
  </eligibility>
  <location>
    <facility>
      <name>Massachusetts General Hospital</name>
      <address>
        <city>Boston</city>
        <state>Massachusetts</state>
        <zip>02114</zip>
        <country>United States</country>
      </address>
    </facility>
  </location>
  <location_countries>
    <country>United States</country>
  </location_countries>
  <verification_date>February 2021</verification_date>
  <study_first_submitted>April 5, 2020</study_first_submitted>
  <study_first_submitted_qc>April 5, 2020</study_first_submitted_qc>
  <study_first_posted type="Actual">April 8, 2020</study_first_posted>
  <last_update_submitted>February 13, 2021</last_update_submitted>
  <last_update_submitted_qc>February 13, 2021</last_update_submitted_qc>
  <last_update_posted type="Actual">February 16, 2021</last_update_posted>
  <responsible_party>
    <responsible_party_type>Principal Investigator</responsible_party_type>
    <investigator_affiliation>Massachusetts General Hospital</investigator_affiliation>
    <investigator_full_name>N. Stuart Harris MD MFA</investigator_full_name>
    <investigator_title>Principal Investigator, Division Chief of Wilderness Medicine, Department of Emergency Medicine</investigator_title>
  </responsible_party>
  <keyword>inhaled nitric oxide</keyword>
  <keyword>emergency department</keyword>
  <keyword>emergency medicine</keyword>
  <keyword>respiratory infection</keyword>
  <condition_browse>
    <!-- CAUTION:  The following MeSH terms are assigned with an imperfect algorithm            -->
    <mesh_term>Infection</mesh_term>
  </condition_browse>
  <intervention_browse>
    <!-- CAUTION:  The following MeSH terms are assigned with an imperfect algorithm            -->
    <mesh_term>Nitric Oxide</mesh_term>
  </intervention_browse>
  <patient_data>
    <sharing_ipd>No</sharing_ipd>
  </patient_data>
  <!-- Results have not yet been posted for this study                                          -->
</clinical_study>

