<?xml version="1.0" encoding="UTF-8"?>
<clinical_study rank="2874">
  <!-- This xml conforms to an XML Schema at:
    https://clinicaltrials.gov/ct2/html/images/info/public.xsd -->
  <required_header>
    <download_date>ClinicalTrials.gov processed this data on February 18, 2021</download_date>
    <link_text>Link to the current ClinicalTrials.gov record.</link_text>
    <url>https://clinicaltrials.gov/show/NCT04602000</url>
  </required_header>
  <id_info>
    <org_study_id>CT-P59 3.2</org_study_id>
    <nct_id>NCT04602000</nct_id>
  </id_info>
  <brief_title>To Evaluate the Safety and Efficacy of CT-P59 in Patients With Mild to Moderate Syptoms of Severe Acute Respiratory Syndrome COVID-19</brief_title>
  <official_title>A Phase 2/3, Randomized, Parallel-group, Placebo-controlled, Double-Blind Study to Evaluate the Efficacy and Safety of CT-P59 in Combination With Standard of Care in Outpatients With Severe Acute Respiratory Syndrome Coronavirus (SARS-CoV-2) Infection</official_title>
  <sponsors>
    <lead_sponsor>
      <agency>Celltrion</agency>
      <agency_class>Industry</agency_class>
    </lead_sponsor>
  </sponsors>
  <source>Celltrion</source>
  <oversight_info>
    <is_fda_regulated_drug>Yes</is_fda_regulated_drug>
    <is_fda_regulated_device>No</is_fda_regulated_device>
  </oversight_info>
  <brief_summary>
    <textblock>
      This is a Phase 2/3 study to assess the efficacy about therapeutic effect of CT-P59 to the&#xD;
      mild to moderate SARS-CoV-2 infected patients and safety during after study drug injection.&#xD;
    </textblock>
  </brief_summary>
  <detailed_description>
    <textblock>
      CT-P59 is a monoclonal antibody targeted against SARS-CoV-2 spike RBD as a treatment for SARS&#xD;
      CoV 2 infection. CT-P59 is currently being developed by the Sponsor as a potential treatment&#xD;
      for SARS-CoV-2 infection. In this study, safety, tolerability and virology of CT-P59 will be&#xD;
      evaluated in patient with mild symptoms of SARS-CoV-2 Infection.&#xD;
    </textblock>
  </detailed_description>
  <overall_status>Recruiting</overall_status>
  <start_date type="Actual">September 25, 2020</start_date>
  <completion_date type="Anticipated">September 2021</completion_date>
  <primary_completion_date type="Anticipated">December 2020</primary_completion_date>
  <phase>Phase 2/Phase 3</phase>
  <study_type>Interventional</study_type>
  <has_expanded_access>No</has_expanded_access>
  <study_design_info>
    <allocation>Randomized</allocation>
    <intervention_model>Parallel Assignment</intervention_model>
    <primary_purpose>Treatment</primary_purpose>
    <masking>Quadruple (Participant, Care Provider, Investigator, Outcomes Assessor)</masking>
  </study_design_info>
  <primary_outcome>
    <measure>To evaluate the therapeutic efficacy CT-P59 for Part 1 (Phase II)</measure>
    <time_frame>Up to Day 14</time_frame>
    <description>Proportion of patient with negative conversion in nasopharyngeal swab specimen based on reverse transcription quantitative polymerase chain reaction(RT-qPCR)or cell culture at each visit.</description>
  </primary_outcome>
  <primary_outcome>
    <measure>To evaluate the therapeutic efficacy CT-P59 for Part 1 (Phase II)</measure>
    <time_frame>Up to Day 14</time_frame>
    <description>Time to negative conversion in nasopharyngeal swab specimen based on RT-qPCR or cell culture</description>
  </primary_outcome>
  <primary_outcome>
    <measure>To evaluate the therapeutic efficacy CT-P59 for Part 1 (Phase II)</measure>
    <time_frame>Up to Day 14</time_frame>
    <description>Time to clinical recovery</description>
  </primary_outcome>
  <primary_outcome>
    <measure>To evaluate the therapeutic efficacy CT-P59 for Part 1 (Phase II)</measure>
    <time_frame>Up to Day 28</time_frame>
    <description>Proportion of patients with clinical symptom requiring hospitalization, oxygen therapy, or experiencing mortality due to SARS-CoV-2 infection</description>
  </primary_outcome>
  <primary_outcome>
    <measure>To evaluate the therapeutic efficacy CT-P59 for Part 2 (Phase III)</measure>
    <time_frame>Up to Day 28</time_frame>
    <description>Proportion of patients with clinical symptom requiring hospitalization, oxygen therapy, or experiencing mortality due to SARS-CoV-2 infection</description>
  </primary_outcome>
  <secondary_outcome>
    <measure>To evaluate the overall efficacy of CT-P59 for Part 1 and 2</measure>
    <time_frame>Up to Day 14 and 28</time_frame>
    <description>Proportion of patients requiring supplemental oxygen due to SARS-CoV-2 infection.</description>
  </secondary_outcome>
  <secondary_outcome>
    <measure>To evaluate the overall efficacy of CT-P59 for Part 1 and 2</measure>
    <time_frame>Up to Day 14 and 28</time_frame>
    <description>Proportion of patients with intensive care unit transfer due to SARS-CoV-2 infection</description>
  </secondary_outcome>
  <secondary_outcome>
    <measure>To evaluate the overall efficacy of CT-P59 for Part 1 and 2</measure>
    <time_frame>Up to Day 14 and 28</time_frame>
    <description>Proportion of patients with all-cause mortality</description>
  </secondary_outcome>
  <secondary_outcome>
    <measure>To evaluate the overall efficacy of CT-P59 for Part 1 and 2</measure>
    <time_frame>Up to Day 14 and 28</time_frame>
    <description>Time to clinical recovery</description>
  </secondary_outcome>
  <secondary_outcome>
    <measure>To evaluate the overall efficacy of CT-P59 for Part 1 and 2</measure>
    <time_frame>Up to Day 14 and 28</time_frame>
    <description>Duration of fever defined as the last day in the patient diary on which the temperature &gt;38°C (100.4°F) is recorded, or a potentially antipyretic drug (acetaminophen or ibuprofen) is taken</description>
  </secondary_outcome>
  <secondary_outcome>
    <measure>To evaluate the overall efficacy of CT-P59 for Part 1 and 2</measure>
    <time_frame>Up to Day 14 and 28</time_frame>
    <description>Proportion of patients with hospital admission due to SARS-CoV-2 infection</description>
  </secondary_outcome>
  <secondary_outcome>
    <measure>To evaluate the overall efficacy of CT-P59 for Part 1 and 2</measure>
    <time_frame>Up to Day 14 and 28</time_frame>
    <description>Proportion of mechanical ventilation due to SARS-CoV-2 infection</description>
  </secondary_outcome>
  <secondary_outcome>
    <measure>To evaluate the overall efficacy of CT-P59 for Part 1 and 2</measure>
    <time_frame>Up to Day 14 and 28</time_frame>
    <description>Proportion of patients requiring additional prescription medication due to SARS-CoV-2 infection</description>
  </secondary_outcome>
  <secondary_outcome>
    <measure>To evaluate the overall efficacy of CT-P59 for Part 1 and 2</measure>
    <time_frame>Up to Day 14 and 28</time_frame>
    <description>Proportion of patient with negative conversion in nasopharyngeal swab specimen based on RT-qPCR or cell culture at each visit</description>
  </secondary_outcome>
  <secondary_outcome>
    <measure>To evaluate the overall efficacy of CT-P59 for Part 1 and 2</measure>
    <time_frame>Up to Day 14 and 28</time_frame>
    <description>Time to negative conversion in nasopharyngeal swab specimen based on RT-qPCR or cell culture</description>
  </secondary_outcome>
  <secondary_outcome>
    <measure>To evaluate the overall safety of CT-P59 for Part 1 and 2</measure>
    <time_frame>Up to Day 90</time_frame>
    <description>Proportion of patients reporting Adverse events (AEs, including serious adverse events)</description>
  </secondary_outcome>
  <secondary_outcome>
    <measure>To evaluate the overall safety of CT-P59 for Part 1 and 2</measure>
    <time_frame>Up to Day 90</time_frame>
    <description>Proportion of patients reporting Adverse events of special interest (Infusion related reactions, hypersensitivity and anaphylactic reactions)</description>
  </secondary_outcome>
  <secondary_outcome>
    <measure>To evaluate the overall safety of CT-P59 for Part 1 and 2</measure>
    <time_frame>Up to Day 90</time_frame>
    <description>Incidence of ADE (Antibody Dependent Enhancement)</description>
  </secondary_outcome>
  <secondary_outcome>
    <measure>To evaluate the overall safety of CT-P59 for Part 1 and 2</measure>
    <time_frame>Up to Day 90</time_frame>
    <description>Proportion of patients with anti-drug antibodies Immunogenicity</description>
  </secondary_outcome>
  <secondary_outcome>
    <measure>To evaluate the overall safety of CT-P59 for Part 1 and 2</measure>
    <time_frame>Up to Day 90</time_frame>
    <description>Proportion of patients with anti-drug antibodies S evere Acute Respiratory Syndrome Coronavirus (SARS-CoV-2) infection related signs and symptoms.</description>
  </secondary_outcome>
  <secondary_outcome>
    <measure>To evaluate virology for part 1 and part 2</measure>
    <time_frame>Up to Day 90</time_frame>
    <description>Viral shedding in nasopharyngeal swab specimen based on RT-qPCR and cell culture</description>
  </secondary_outcome>
  <secondary_outcome>
    <measure>To evaluate virology for part 1 and part 2</measure>
    <time_frame>Up to Day 90</time_frame>
    <description>Genotype and phenotype of SARS-CoV-2 viral isolates</description>
  </secondary_outcome>
  <secondary_outcome>
    <measure>To evaluate virology for part 1 and part 2</measure>
    <time_frame>Up to Day 90</time_frame>
    <description>Viral serology for SARS-CoV-2 antibody</description>
  </secondary_outcome>
  <number_of_arms>3</number_of_arms>
  <enrollment type="Anticipated">1020</enrollment>
  <condition>SARS-CoV-2 Infection</condition>
  <arm_group>
    <arm_group_label>CT-P59 Arm 1</arm_group_label>
    <arm_group_type>Experimental</arm_group_type>
  </arm_group>
  <arm_group>
    <arm_group_label>CT-P59 Arm 2</arm_group_label>
    <arm_group_type>Experimental</arm_group_type>
  </arm_group>
  <arm_group>
    <arm_group_label>Placebo</arm_group_label>
    <arm_group_type>Placebo Comparator</arm_group_type>
  </arm_group>
  <intervention>
    <intervention_type>Biological</intervention_type>
    <intervention_name>CT-P59/Placebo</intervention_name>
    <description>administered</description>
    <arm_group_label>CT-P59 Arm 1</arm_group_label>
    <arm_group_label>CT-P59 Arm 2</arm_group_label>
    <arm_group_label>Placebo</arm_group_label>
  </intervention>
  <eligibility>
    <criteria>
      <textblock>
        Inclusion Criteria:&#xD;
&#xD;
        Each patient must meet all of the following criteria to be randomized in this study:&#xD;
&#xD;
          1. Adult male or female patient, aged 18 or above.&#xD;
&#xD;
          2. Patient diagnosed with SARS-CoV-2 infection at Screening by using the sponsor-supplied&#xD;
             rapid SARS-CoV-2 diagnostic testor RT-PCR.&#xD;
&#xD;
          3. Patient has mild conditions meeting all of the following criteria:&#xD;
&#xD;
               1. Oxygen saturation ≥ 94% on room air.&#xD;
&#xD;
               2. Not requiring supplemental oxygen.&#xD;
&#xD;
          4. Patient who has one or more of the following(but not limited to)SARS-CoV-2 infection&#xD;
             associated symptoms within 7 days prior to the study drug administration&#xD;
&#xD;
        Exclusion Criteria:&#xD;
&#xD;
          1. Patient with severe condition meeting one of the following:&#xD;
&#xD;
               1. Previous or currently hospitalized or requires hospitalization for treatment of&#xD;
                  serious SARS-CoV-2 related conditions.&#xD;
&#xD;
               2. Respiratory distress with respiratory rate ≥30 breaths/min.&#xD;
&#xD;
               3. Requires supplemental oxygen&#xD;
&#xD;
               4. Experience shock&#xD;
&#xD;
               5. Complicated with other organs failure, and intensive care unit monitoring&#xD;
                  treatment is needed by investigator's discretion.&#xD;
&#xD;
          2. Patient who has received or has a plan to receive any of following prohibited&#xD;
             medications or treatments:&#xD;
&#xD;
               1. Drugs with actual or possible antiviral drugs and/or possible anti-SARS-CoV-2&#xD;
                  activity including but not limited to remdesivir, chloroquine,&#xD;
                  hydroxychloroquine(unless used chronically for autoimmune diseases),&#xD;
                  dexamethasone,and other immunomodulatory agents and human immunodeficiency&#xD;
                  virusprotease inhibitorsfor therapeutic purpose of SARS-CoV-2 infection prior to&#xD;
                  study drug administration&#xD;
&#xD;
               2. Any SARS-CoV-2 human intravenousimmunoglobulin, convalescent plasma for the&#xD;
                  treatment of SARS-CoV-2 infection prior to study drug administration&#xD;
&#xD;
               3. Any other investigational device or medical product including but not limited to&#xD;
                  any monoclonal antibody(tocilizumab, sarilumab, etc.), fusion proteins or&#xD;
                  biologics for the treatment of SARS-CoV-2 infection prior to the study drug&#xD;
                  administration.&#xD;
&#xD;
               4. Use of medications that are contraindicated with SoC.&#xD;
&#xD;
               5. SARS-CoV-2 vaccine prior to the study drug administration&#xD;
      </textblock>
    </criteria>
    <gender>All</gender>
    <minimum_age>18 Years</minimum_age>
    <maximum_age>N/A</maximum_age>
    <healthy_volunteers>No</healthy_volunteers>
  </eligibility>
  <overall_contact>
    <last_name>ChangWoo Park</last_name>
    <phone>82-32-850-5701</phone>
    <email>ChangWoo.Park@celltrion.com</email>
  </overall_contact>
  <overall_contact_backup>
    <last_name>JiWoong Lim</last_name>
    <phone>82 32 850 5702</phone>
    <email>JiWoong.Lim@celltrion.com</email>
  </overall_contact_backup>
  <location>
    <facility>
      <name>Chungnam National University Hospital</name>
      <address>
        <city>Daejeon</city>
        <state>Jung-gu</state>
        <zip>35015</zip>
        <country>Korea, Republic of</country>
      </address>
    </facility>
    <status>Recruiting</status>
    <contact>
      <last_name>Yeon-Sook Kim, MD, PhD</last_name>
      <phone>+82-42-280-8109</phone>
      <email>idalicekim@gmail.com</email>
    </contact>
  </location>
  <location_countries>
    <country>Korea, Republic of</country>
  </location_countries>
  <verification_date>October 2020</verification_date>
  <study_first_submitted>October 18, 2020</study_first_submitted>
  <study_first_submitted_qc>October 23, 2020</study_first_submitted_qc>
  <study_first_posted type="Actual">October 26, 2020</study_first_posted>
  <last_update_submitted>October 23, 2020</last_update_submitted>
  <last_update_submitted_qc>October 23, 2020</last_update_submitted_qc>
  <last_update_posted type="Actual">October 26, 2020</last_update_posted>
  <responsible_party>
    <responsible_party_type>Sponsor</responsible_party_type>
  </responsible_party>
  <condition_browse>
    <!-- CAUTION:  The following MeSH terms are assigned with an imperfect algorithm            -->
    <mesh_term>Infection</mesh_term>
    <mesh_term>Severe Acute Respiratory Syndrome</mesh_term>
    <mesh_term>Coronavirus Infections</mesh_term>
  </condition_browse>
  <patient_data>
    <sharing_ipd>No</sharing_ipd>
  </patient_data>
  <!-- Results have not yet been posted for this study                                          -->
</clinical_study>

