<?xml version="1.0" encoding="UTF-8"?>
<clinical_study rank="3874">
  <!-- This xml conforms to an XML Schema at:
    https://clinicaltrials.gov/ct2/html/images/info/public.xsd -->
  <required_header>
    <download_date>ClinicalTrials.gov processed this data on February 18, 2021</download_date>
    <link_text>Link to the current ClinicalTrials.gov record.</link_text>
    <url>https://clinicaltrials.gov/show/NCT04613245</url>
  </required_header>
  <id_info>
    <org_study_id>Serial 39-2020</org_study_id>
    <nct_id>NCT04613245</nct_id>
  </id_info>
  <brief_title>Health-Related Quality of Life of Patients With Asthma During the Pandemic of COVID-19</brief_title>
  <acronym>COVID-19</acronym>
  <official_title>Health-Related Quality of Life of Patients With Asthma and Its Associated Factors During the Pandemic of COVID-19</official_title>
  <sponsors>
    <lead_sponsor>
      <agency>Cairo University</agency>
      <agency_class>Other</agency_class>
    </lead_sponsor>
  </sponsors>
  <source>Cairo University</source>
  <oversight_info>
    <has_dmc>No</has_dmc>
    <is_fda_regulated_drug>No</is_fda_regulated_drug>
    <is_fda_regulated_device>No</is_fda_regulated_device>
  </oversight_info>
  <brief_summary>
    <textblock>
      Nowadays, the COVID-19 epidemic causes stress not only to healthy people but also to people&#xD;
      with unhealthy conditions. Excess psychological stress (either in quality, quantity,&#xD;
      frequency, and/or duration) could push susceptible individuals to ultimately develop clinical&#xD;
      asthma. Depression was significantly associated with asthma interference with daily&#xD;
      activities, breathlessness, night symptoms, use of bronchodilators, and poor compliance with&#xD;
      medical treatment.&#xD;
&#xD;
      Covid-19 pandemic induced the countries around the world to require from its citizens not to&#xD;
      ask for health care support rather than in emergency situations and through utilizing&#xD;
      telemedicine. This action aims to control spreading the infection with viruses as well as to&#xD;
      reduce the workload on the healthcare providers.&#xD;
&#xD;
      Although asthma is not listed as one of the chronic conditions that might complicate&#xD;
      coronavirus infections, asthma people might have a high-stress level that might induce their&#xD;
      asthma attack which consequentially reflects on their quality of life. People with asthma&#xD;
      have a unique experience rather than people with other health conditions during COVID-19.&#xD;
&#xD;
      Patients with asthma experience a lot of stressors that might induce asthma and impaired&#xD;
      their HRQOL such as overuse of antiseptic substances, stay home with a sedentary lifestyle,&#xD;
      the sudden shift to telemedicine, and electronic work from home. Also, as a result of the&#xD;
      similarity of asthma symptoms with coronavirus symptoms, the patient might have a continuous&#xD;
      sense of uncertainty that s/he is infected with the COVID-19 virus, and this suspicion can&#xD;
      increase the psychological overburden on these patients.&#xD;
&#xD;
      Therefore, all these stressors should be evaluated to recognize their health needs and the&#xD;
      kind of social and health support that should be provided to them during the pandemic time.&#xD;
      Also, Identifying the predictors of HRQOL among patients with asthma during the pandemic of&#xD;
      COVID-19 is urgently required.&#xD;
    </textblock>
  </brief_summary>
  <detailed_description>
    <textblock>
      Asthma is a chronic inflammatory disease of the lower respiratory tract which derives from a&#xD;
      combination of genetic predisposition with environmental exposure to several factors. It is a&#xD;
      chronic respiratory disease that results in morbidity, mortality, and impaired health-related&#xD;
      quality of life (HRQoL). It is estimated that 334 million people have asthma worldwide.&#xD;
&#xD;
      Nowadays, the COVID-19 epidemic causes stress not only to healthy people but also to people&#xD;
      with unhealthy conditions. Excess psychological stress (either in quality, quantity,&#xD;
      frequency, and/or duration) could push susceptible individuals to ultimately develop clinical&#xD;
      asthma. Depression was significantly associated with asthma interference with daily&#xD;
      activities, breathlessness, night symptoms, use of bronchodilators, and poor compliance with&#xD;
      medical treatment.&#xD;
&#xD;
      Covid-19 pandemic induced the countries around the world to require from its citizens not to&#xD;
      ask for health care support rather than in emergency situations and through utilizing&#xD;
      telemedicine. This action aims to control spreading the infection with viruses as well as to&#xD;
      reduce the workload on the healthcare providers.&#xD;
&#xD;
      Although asthma is not listed as one of the chronic conditions that might complicate&#xD;
      coronavirus infections, asthma people might have a high-stress level that might induce their&#xD;
      asthma attack which consequentially reflects on their quality of life. People with asthma&#xD;
      have a unique experience rather than people with other health conditions during COVID-19.&#xD;
&#xD;
      Patients with asthma experience a lot of stressors that might induce asthma and impaired&#xD;
      their HRQOL such as overuse of antiseptic substances, stay home with a sedentary lifestyle,&#xD;
      the sudden shift to telemedicine, and electronic work from home. Also, as a result of the&#xD;
      similarity of asthma symptoms with coronavirus symptoms, the patient might have a continuous&#xD;
      sense of uncertainty that s/he is infected with the COVID-19 virus, and this suspicion can&#xD;
      increase the psychological overburden on these patients.&#xD;
&#xD;
      Therefore, all these stressors should be evaluated to recognize their health needs and the&#xD;
      kind of social and health support that should be provided to them during the pandemic time.&#xD;
      Also, Identifying the predictors of HRQOL among patients with asthma during the pandemic of&#xD;
      COVID-19 is urgently required.&#xD;
&#xD;
      A cross-sectional analytical design will be utilized.&#xD;
&#xD;
      The study participants will be adults (18 years or older) who have been diagnosed with&#xD;
      bronchial asthma or pulmonary disease.&#xD;
    </textblock>
  </detailed_description>
  <overall_status>Recruiting</overall_status>
  <start_date type="Actual">May 1, 2020</start_date>
  <completion_date type="Anticipated">March 1, 2021</completion_date>
  <primary_completion_date type="Anticipated">January 30, 2021</primary_completion_date>
  <study_type>Observational [Patient Registry]</study_type>
  <has_expanded_access>No</has_expanded_access>
  <study_design_info>
    <observational_model>Case-Only</observational_model>
    <time_perspective>Cross-Sectional</time_perspective>
  </study_design_info>
  <target_duration>1 Day</target_duration>
  <primary_outcome>
    <measure>Asthma Control Questionnaire (ACQ)</measure>
    <time_frame>One week</time_frame>
    <description>ACQ has a multidimensional construct assessing symptoms (5 items--self-administered) and rescue in bronchodilator use (1 item-self-administered), and FEV1% (1 item) completed by clinic staff, but it will not be applied in the current study as it will be difficult to be self-reported by the participants. 7-point scale (0=no impairment, 6= maximum impairment for symptoms. Scores range between 0 (totally controlled) and 6 (severely uncontrolled).</description>
  </primary_outcome>
  <secondary_outcome>
    <measure>Mini Asthma Quality of Life Questionnaire</measure>
    <time_frame>two weeks</time_frame>
    <description>The MiniAQLQ will be utilized to investigate the HRQoL of the participants. The Mini AQLQ-S has 15 questions that gives an overall summary index and four domains: activity limitation, symptoms, emotional function, and environmental stimuli. The questions all refer to the &quot;last two weeks&quot; and use seven Likert-type response options e.g., seven response options ranging from &quot;all of the time&quot; to &quot;none of the time&quot;.</description>
  </secondary_outcome>
  <secondary_outcome>
    <measure>Perceived Stress Scale</measure>
    <time_frame>month</time_frame>
    <description>Perceived Stress Scale is a self-reported measure of the degree to which situations in an individual's life are perceived as stressful. PSS has 14 items can assess the degree to which individuals found their life unpredictable, uncontrollable, and overloaded.</description>
  </secondary_outcome>
  <number_of_groups>1</number_of_groups>
  <enrollment type="Anticipated">400</enrollment>
  <condition>Asthma Chronic</condition>
  <condition>Bronchial Asthma</condition>
  <arm_group>
    <arm_group_label>Patient with asthma</arm_group_label>
  </arm_group>
  <eligibility>
    <study_pop>
      <textblock>
        The study participants will be adults who have been diagnosed with bronchial asthma or&#xD;
        pulmonary disease.&#xD;
      </textblock>
    </study_pop>
    <sampling_method>Non-Probability Sample</sampling_method>
    <criteria>
      <textblock>
        Inclusion Criteria:&#xD;
&#xD;
          -  Participant's age: 18 years or older&#xD;
&#xD;
          -  medically diagnosed with bronchial asthma&#xD;
&#xD;
        Exclusion Criteria:&#xD;
&#xD;
          -  not medically diagnosed with asthma by a physician&#xD;
      </textblock>
    </criteria>
    <gender>All</gender>
    <minimum_age>18 Years</minimum_age>
    <maximum_age>N/A</maximum_age>
  </eligibility>
  <overall_official>
    <last_name>Naglaa Youssef</last_name>
    <role>Principal Investigator</role>
    <affiliation>Cairo University</affiliation>
  </overall_official>
  <overall_contact>
    <last_name>Youssef</last_name>
    <phone>+201149495552</phone>
    <email>youssef_naglaa@cu.edu.eg</email>
  </overall_contact>
  <location>
    <facility>
      <name>Egypt</name>
      <address>
        <city>Cairo</city>
        <country>Egypt</country>
      </address>
    </facility>
    <status>Recruiting</status>
    <contact>
      <last_name>Youssef</last_name>
      <phone>+201149495552</phone>
      <email>youssef_naglaa@cu.edu.eg</email>
    </contact>
  </location>
  <location_countries>
    <country>Egypt</country>
  </location_countries>
  <verification_date>December 2020</verification_date>
  <study_first_submitted>October 29, 2020</study_first_submitted>
  <study_first_submitted_qc>October 31, 2020</study_first_submitted_qc>
  <study_first_posted type="Actual">November 3, 2020</study_first_posted>
  <last_update_submitted>December 8, 2020</last_update_submitted>
  <last_update_submitted_qc>December 8, 2020</last_update_submitted_qc>
  <last_update_posted type="Actual">December 10, 2020</last_update_posted>
  <responsible_party>
    <responsible_party_type>Principal Investigator</responsible_party_type>
    <investigator_affiliation>Cairo University</investigator_affiliation>
    <investigator_full_name>Naglaa Fathy Afifi Youssef</investigator_full_name>
    <investigator_title>Assistant professor</investigator_title>
  </responsible_party>
  <keyword>Quality of life</keyword>
  <keyword>Health related quality of life</keyword>
  <keyword>patient reported outcome</keyword>
  <keyword>Asthma</keyword>
  <keyword>COVID-19</keyword>
  <condition_browse>
    <!-- CAUTION:  The following MeSH terms are assigned with an imperfect algorithm            -->
    <mesh_term>Asthma</mesh_term>
  </condition_browse>
  <patient_data>
    <sharing_ipd>Undecided</sharing_ipd>
  </patient_data>
  <!-- Results have not yet been posted for this study                                          -->
</clinical_study>

