<?xml version="1.0" encoding="UTF-8"?>
<clinical_study rank="1016">
  <!-- This xml conforms to an XML Schema at:
    https://clinicaltrials.gov/ct2/html/images/info/public.xsd -->
  <required_header>
    <download_date>ClinicalTrials.gov processed this data on February 18, 2021</download_date>
    <link_text>Link to the current ClinicalTrials.gov record.</link_text>
    <url>https://clinicaltrials.gov/show/NCT04363385</url>
  </required_header>
  <id_info>
    <org_study_id>COVIGENET</org_study_id>
    <nct_id>NCT04363385</nct_id>
  </id_info>
  <brief_title>Collection of Biological Samples With Clinical Characterization of Covid-19 Patients</brief_title>
  <official_title>Cohort of Patients With Covid19: Constitution of Blood Samples Collections With Clinical Characterization</official_title>
  <sponsors>
    <lead_sponsor>
      <agency>Centre Hospitalier Intercommunal Creteil</agency>
      <agency_class>Other</agency_class>
    </lead_sponsor>
  </sponsors>
  <source>Centre Hospitalier Intercommunal Creteil</source>
  <oversight_info>
    <has_dmc>No</has_dmc>
    <is_fda_regulated_drug>No</is_fda_regulated_drug>
    <is_fda_regulated_device>No</is_fda_regulated_device>
  </oversight_info>
  <brief_summary>
    <textblock>
      Biological collection (blood sample) associated with clinical data from Covid-19 patients&#xD;
    </textblock>
  </brief_summary>
  <detailed_description>
    <textblock>
      SARS-Cov2 is an emerging respiratory virus in the coronavirus family, responsible of the&#xD;
      pandemic since November 2019. France, which has more than 17,000 deaths from the virus, is&#xD;
      one of the main outbreaks. As of 16 April 2020, more than 76,000 individuals in France have&#xD;
      been hospitalized, corresponding to 69% of confirmed cases&#xD;
      (https://www.santepubliquefrance.fr).&#xD;
&#xD;
      Most affected patients have more or less marked clinical signs associating fever, cough,&#xD;
      dyspnea, myalgia, anosmia, ageusia, digestive disorders. In some cases, the progression is&#xD;
      worse with lung disease of varying severity. Indications for hospitalization are essentially&#xD;
      the severe forms of Covid-19 disease, characterized by hypoxemic lung disease.&#xD;
&#xD;
      Risk factors for developing severe Covid-19 disease have been identified already: age,&#xD;
      co-morbidity such as diabetes, obesity-overweight or cardiovascular diseases. It is assumed&#xD;
      that other host-related factors, including genetics, may contribute to the existence of this&#xD;
      phenotypic heterogeneity. At present, these factors are not known.&#xD;
&#xD;
      The objective of this research is to constitute a DNA collection from patients with Covid-19,&#xD;
      in order to be able to search for genetic factors modulating the clinical phenotype.&#xD;
    </textblock>
  </detailed_description>
  <overall_status>Recruiting</overall_status>
  <start_date type="Actual">May 31, 2020</start_date>
  <completion_date type="Anticipated">May 31, 2021</completion_date>
  <primary_completion_date type="Anticipated">May 31, 2021</primary_completion_date>
  <phase>N/A</phase>
  <study_type>Interventional</study_type>
  <has_expanded_access>No</has_expanded_access>
  <study_design_info>
    <allocation>N/A</allocation>
    <intervention_model>Single Group Assignment</intervention_model>
    <intervention_model_description>Collection of blood samples in a cohort of Covid-19 patients</intervention_model_description>
    <primary_purpose>Prevention</primary_purpose>
    <masking>None (Open Label)</masking>
  </study_design_info>
  <primary_outcome>
    <measure>Phenotype/genotype correlation research modulating the severity of Covid-19 disease</measure>
    <time_frame>Anytime in the period of 10 years</time_frame>
    <description>Clinical aggravation markers (admission in intensive care)</description>
  </primary_outcome>
  <secondary_outcome>
    <measure>Phenotype/transcriptomic correlation research modulating the severity of Covid-19 disease</measure>
    <time_frame>Anytime in the period of 10 years</time_frame>
    <description>Severity at the Covid-19 Lung Scanner</description>
  </secondary_outcome>
  <secondary_outcome>
    <measure>Phenotype/biomarker correlation research modulating the severity of Covid-19 disease</measure>
    <time_frame>Anytime in the period of 10 years</time_frame>
    <description>Severity at the Covid-19 Lung Scanner</description>
  </secondary_outcome>
  <secondary_outcome>
    <measure>Development of clinical-biological scores in the severity of Covid-19 disease</measure>
    <time_frame>Anytime in the period of 10 years</time_frame>
    <description>Evolution of scanographic lesions or pulmonary ultrasound</description>
  </secondary_outcome>
  <secondary_outcome>
    <measure>Development of predictive imaging scores in the severity of Covid-19 disease</measure>
    <time_frame>Anytime in the period of 10 years</time_frame>
    <description>Evolution of scanographic lesions or pulmonary ultrasound</description>
  </secondary_outcome>
  <secondary_outcome>
    <measure>Identification of pathophysiological pathways to susceptibility to Covid-19 disease</measure>
    <time_frame>Anytime in the period of 10 years</time_frame>
    <description>Duration of oxygen therapy, artificial ventilation</description>
  </secondary_outcome>
  <secondary_outcome>
    <measure>Identification of genetic markers for treatment response</measure>
    <time_frame>Anytime in the period of 10 years</time_frame>
    <description>Genome sequencing</description>
  </secondary_outcome>
  <secondary_outcome>
    <measure>Identification of transcriptomic markers for treatment response</measure>
    <time_frame>Anytime in the period of 10 years</time_frame>
    <description>Sequencing transcriptome</description>
  </secondary_outcome>
  <secondary_outcome>
    <measure>Identification of proteomic for treatment response</measure>
    <time_frame>Anytime in the period of 10 years</time_frame>
    <description>Proteomic sequencing</description>
  </secondary_outcome>
  <number_of_arms>1</number_of_arms>
  <enrollment type="Anticipated">500</enrollment>
  <condition>Covid-19</condition>
  <arm_group>
    <arm_group_label>Collection of blood sample</arm_group_label>
    <arm_group_type>Other</arm_group_type>
  </arm_group>
  <intervention>
    <intervention_type>Biological</intervention_type>
    <intervention_name>Biological test</intervention_name>
    <description>Blood sample</description>
    <arm_group_label>Collection of blood sample</arm_group_label>
  </intervention>
  <eligibility>
    <criteria>
      <textblock>
        Inclusion Criteria:&#xD;
&#xD;
          -  Diagnosis of COVID-19 confirmed on RT-PCR test or chest scanner&#xD;
&#xD;
          -  Any age&#xD;
&#xD;
          -  Membership in the general social security system&#xD;
&#xD;
          -  Inform consent signed by the patient or by legal representatives for minors&#xD;
&#xD;
        Exclusion Criteria:&#xD;
&#xD;
          -  Refusal of the patient or one of the legal representatives&#xD;
      </textblock>
    </criteria>
    <gender>All</gender>
    <minimum_age>N/A</minimum_age>
    <maximum_age>N/A</maximum_age>
    <healthy_volunteers>No</healthy_volunteers>
  </eligibility>
  <overall_contact>
    <last_name>Bernard Maitre, Ph D</last_name>
    <phone>01 57 02 20 82</phone>
    <email>bernard.maitre@chicreteil.fr</email>
  </overall_contact>
  <location>
    <facility>
      <name>Centre hospitalier intercommunal de Créteil</name>
      <address>
        <city>Créteil</city>
        <zip>94010</zip>
        <country>France</country>
      </address>
    </facility>
    <status>Recruiting</status>
    <contact>
      <last_name>Bernard MAITRE, Ph D</last_name>
    </contact>
    <contact_backup>
      <last_name>Isabelle HAU, MD</last_name>
    </contact_backup>
  </location>
  <location_countries>
    <country>France</country>
  </location_countries>
  <verification_date>July 2020</verification_date>
  <study_first_submitted>April 21, 2020</study_first_submitted>
  <study_first_submitted_qc>April 24, 2020</study_first_submitted_qc>
  <study_first_posted type="Actual">April 27, 2020</study_first_posted>
  <last_update_submitted>July 23, 2020</last_update_submitted>
  <last_update_submitted_qc>July 23, 2020</last_update_submitted_qc>
  <last_update_posted type="Actual">July 24, 2020</last_update_posted>
  <responsible_party>
    <responsible_party_type>Sponsor</responsible_party_type>
  </responsible_party>
  <keyword>Blood samples</keyword>
  <keyword>ADN</keyword>
  <keyword>ARN</keyword>
  <keyword>plasma</keyword>
  <patient_data>
    <sharing_ipd>No</sharing_ipd>
  </patient_data>
  <!-- Results have not yet been posted for this study                                          -->
</clinical_study>

