<?xml version="1.0" encoding="UTF-8"?>
<clinical_study rank="4023">
  <!-- This xml conforms to an XML Schema at:
    https://clinicaltrials.gov/ct2/html/images/info/public.xsd -->
  <required_header>
    <download_date>ClinicalTrials.gov processed this data on February 18, 2021</download_date>
    <link_text>Link to the current ClinicalTrials.gov record.</link_text>
    <url>https://clinicaltrials.gov/show/NCT04694664</url>
  </required_header>
  <id_info>
    <org_study_id>0003</org_study_id>
    <nct_id>NCT04694664</nct_id>
  </id_info>
  <brief_title>COVID-19 Vaccine Confidence Among Pregnant Women and Mothers</brief_title>
  <acronym>VCCOVID</acronym>
  <official_title>Vaccine Confidence Among Pregnant Women and Mothers During the COVID-19 Pandemic</official_title>
  <sponsors>
    <lead_sponsor>
      <agency>Pregistry</agency>
      <agency_class>Industry</agency_class>
    </lead_sponsor>
    <collaborator>
      <agency>Harvard School of Public Health</agency>
      <agency_class>Other</agency_class>
    </collaborator>
  </sponsors>
  <source>Pregistry</source>
  <oversight_info>
    <has_dmc>No</has_dmc>
    <is_fda_regulated_drug>No</is_fda_regulated_drug>
    <is_fda_regulated_device>No</is_fda_regulated_device>
  </oversight_info>
  <brief_summary>
    <textblock>
      The purpose of this study is to assess the level of vaccine confidence and influencers among&#xD;
      pregnant women and mothers of school-aged children during the COVID-19 pandemic.&#xD;
    </textblock>
  </brief_summary>
  <detailed_description>
    <textblock>
      The WHO has listed &quot;vaccine hesitancy&quot; as one of the top threats to global health.&#xD;
&#xD;
      The COVID-19 pandemic has triggered the need to vaccinate worldwide as soon as a safe and&#xD;
      efficacious vaccine becomes available. However preliminary data show that, on average, only&#xD;
      50% to 66% of US adults would be willing to receive COVID-19 vaccination when it becomes&#xD;
      available, a percentage lower than what is required for herd immunity to control the&#xD;
      pandemic. Furthermore, there is a pressing need to vaccinate children to reopen schools and&#xD;
      keeping them safe, as well as to immunize pregnant women through vaccination programs since&#xD;
      they constitute a vulnerable population. Vaccine confidence among pregnant women and mothers&#xD;
      of school-aged children during the period of COVID-19 pandemic is unknown, leading to an&#xD;
      important gap of knowledge that may hinder the upcoming global COVID-19 vaccination scale-up&#xD;
      effort. It is therefore of critical importance to assess the level of vaccine confidence and&#xD;
      influencers among pregnant women and mothers of school-aged children during the COVID-19&#xD;
      pandemic.&#xD;
&#xD;
      The international nature of the proposed survey will allow the evaluation of vaccine&#xD;
      confidence and its influencers among pregnant women and mothers of school-aged children on a&#xD;
      global level. Therefore, social and geographic characteristics from different countries and&#xD;
      cultures will be available for comparison. The resulting knowledge will be relevant to a&#xD;
      large percentage of the world's population. Any country in the world can participate.&#xD;
    </textblock>
  </detailed_description>
  <overall_status>Completed</overall_status>
  <start_date type="Actual">October 1, 2020</start_date>
  <completion_date type="Actual">December 1, 2020</completion_date>
  <primary_completion_date type="Actual">December 1, 2020</primary_completion_date>
  <study_type>Observational</study_type>
  <has_expanded_access>No</has_expanded_access>
  <study_design_info>
    <observational_model>Cohort</observational_model>
    <time_perspective>Cross-Sectional</time_perspective>
  </study_design_info>
  <primary_outcome>
    <measure>Percentage of acceptance of a COVID-19 vaccine</measure>
    <time_frame>up to 2 months</time_frame>
    <description>This outcome will evaluate the hesitancy or acceptance to a COVID-19 vaccine</description>
  </primary_outcome>
  <number_of_groups>2</number_of_groups>
  <enrollment type="Actual">18000</enrollment>
  <condition>Pregnancy Related</condition>
  <condition>Mothers</condition>
  <arm_group>
    <arm_group_label>Pregnant Women</arm_group_label>
    <description>Pregnant women who are 18 years of age or older.</description>
  </arm_group>
  <arm_group>
    <arm_group_label>Post-partum women</arm_group_label>
    <description>Women who have at least one child younger than 18 years of age.</description>
  </arm_group>
  <intervention>
    <intervention_type>Other</intervention_type>
    <intervention_name>This is an online survey with no intervention.</intervention_name>
    <description>As this is an online survey about health and wellbeing, there is no intervention.</description>
    <arm_group_label>Post-partum women</arm_group_label>
    <arm_group_label>Pregnant Women</arm_group_label>
  </intervention>
  <eligibility>
    <study_pop>
      <textblock>
        Pregnant women or women who have at least one child younger than 18 years of age.&#xD;
      </textblock>
    </study_pop>
    <sampling_method>Non-Probability Sample</sampling_method>
    <criteria>
      <textblock>
        Inclusion Criteria:&#xD;
&#xD;
          -  Pregnant women or women who have at least one child younger than 18 years of age. Able&#xD;
             to give electronic informed consent&#xD;
&#xD;
        Exclusion Criteria:&#xD;
&#xD;
          -  &lt;18 years of age&#xD;
      </textblock>
    </criteria>
    <gender>Female</gender>
    <gender_based>Yes</gender_based>
    <gender_description>Persons assigned gender female at birth.</gender_description>
    <minimum_age>18 Years</minimum_age>
    <maximum_age>65 Years</maximum_age>
    <healthy_volunteers>Accepts Healthy Volunteers</healthy_volunteers>
  </eligibility>
  <overall_official>
    <last_name>Julia Wu, SD, MS</last_name>
    <role>Principal Investigator</role>
    <affiliation>Harvard School of Public Health</affiliation>
  </overall_official>
  <location>
    <facility>
      <name>Pregistry</name>
      <address>
        <city>Los Angeles</city>
        <state>California</state>
        <zip>90067</zip>
        <country>United States</country>
      </address>
    </facility>
  </location>
  <location_countries>
    <country>United States</country>
  </location_countries>
  <verification_date>January 2021</verification_date>
  <study_first_submitted>November 1, 2020</study_first_submitted>
  <study_first_submitted_qc>January 1, 2021</study_first_submitted_qc>
  <study_first_posted type="Actual">January 5, 2021</study_first_posted>
  <last_update_submitted>January 1, 2021</last_update_submitted>
  <last_update_submitted_qc>January 1, 2021</last_update_submitted_qc>
  <last_update_posted type="Actual">January 5, 2021</last_update_posted>
  <responsible_party>
    <responsible_party_type>Sponsor</responsible_party_type>
  </responsible_party>
  <patient_data>
    <sharing_ipd>No</sharing_ipd>
  </patient_data>
  <!-- Results have not yet been posted for this study                                          -->
</clinical_study>

