<?xml version="1.0" encoding="UTF-8"?>
<clinical_study rank="2269">
  <!-- This xml conforms to an XML Schema at:
    https://clinicaltrials.gov/ct2/html/images/info/public.xsd -->
  <required_header>
    <download_date>ClinicalTrials.gov processed this data on February 18, 2021</download_date>
    <link_text>Link to the current ClinicalTrials.gov record.</link_text>
    <url>https://clinicaltrials.gov/show/NCT04372472</url>
  </required_header>
  <id_info>
    <org_study_id>CV-CLN-003</org_study_id>
    <nct_id>NCT04372472</nct_id>
  </id_info>
  <brief_title>SQuISH-COVID: A Pilot Study</brief_title>
  <official_title>SQuISH-COVID: A Pilot Study</official_title>
  <sponsors>
    <lead_sponsor>
      <agency>Cytovale, Inc.</agency>
      <agency_class>Industry</agency_class>
    </lead_sponsor>
    <collaborator>
      <agency>Biomedical Advanced Research and Development Authority</agency>
      <agency_class>U.S. Fed</agency_class>
    </collaborator>
  </sponsors>
  <source>Cytovale, Inc.</source>
  <oversight_info>
    <has_dmc>No</has_dmc>
    <is_fda_regulated_drug>No</is_fda_regulated_drug>
  </oversight_info>
  <brief_summary>
    <textblock>
      This is a single-site prospective study to evaluate the diagnostic performance of the&#xD;
      investigational SeptiScan System for patients presenting to the Emergency Department with&#xD;
      signs or suspicion of COVID-19 or other infectious respiratory diseases.&#xD;
    </textblock>
  </brief_summary>
  <overall_status>Active, not recruiting</overall_status>
  <start_date type="Actual">April 7, 2020</start_date>
  <completion_date type="Anticipated">May 29, 2020</completion_date>
  <primary_completion_date type="Anticipated">May 29, 2020</primary_completion_date>
  <study_type>Observational</study_type>
  <has_expanded_access>No</has_expanded_access>
  <study_design_info>
    <observational_model>Cohort</observational_model>
    <time_perspective>Prospective</time_perspective>
  </study_design_info>
  <primary_outcome>
    <measure>To demonstrate the performance of the SeptiScan System as a diagnostic marker of life-threatening organ dysfunction caused by a dysregulated host immune response to infection.</measure>
    <time_frame>Day of enrollment through Day 5</time_frame>
    <description>The SeptiScan System is an investigational microfluidic assay that measures the biophysical properties of human leukocytes as an aid, in conjunction with other clinical assessments, to detect life-threatening organ dysfunction caused by a dysregulated host immune response to infection. The SeptiScan System score is presented in three Interpretation Bands of low, intermediate, and high probability of disease. Remnant blood samples will be obtained from subjects in Emergency Department with signs or suspicion of COVID-19 or other infectious respiratory diseases. The blood samples will be analyzed using the SeptiScan System.</description>
  </primary_outcome>
  <enrollment type="Actual">300</enrollment>
  <condition>Sepsis</condition>
  <condition>COVID-19</condition>
  <eligibility>
    <study_pop>
      <textblock>
        The study will enroll up to 300 participants from the emergency department at one clinical&#xD;
        research site. Subjects who are suspected of having COVID-19 or other infectious&#xD;
        respiratory diseases may be eligible for the study.&#xD;
      </textblock>
    </study_pop>
    <sampling_method>Probability Sample</sampling_method>
    <criteria>
      <textblock>
        Inclusion Criteria:&#xD;
&#xD;
        Subjects meeting the following criteria may be eligible for participation in the study:&#xD;
&#xD;
          1. ≥ 18 years old or older&#xD;
&#xD;
          2. The first vital sign (any one of: blood pressure, temperature, pulse or respiratory&#xD;
             rate) has been recorded in the medical record&#xD;
&#xD;
          3. A complete blood count has been ordered for which a blood sample has been collected&#xD;
             within 4.5 hours since the first vital sign was recorded&#xD;
&#xD;
          4. Signs or suspicion of a respiratory infection, defined as:&#xD;
&#xD;
               1. Subject designated for evaluation in the ED respiratory or pulmonary pod or&#xD;
                  similar location. OR&#xD;
&#xD;
               2. An order placed for a respiratory viral panel. OR&#xD;
&#xD;
               3. An order placed for a SARS-CoV-2 test. OR&#xD;
&#xD;
               4. A subject self-reported as having tested positive for the SARS-CoV-2 test within&#xD;
                  the previous 7 days and returning with a related complaint.&#xD;
&#xD;
        Exclusion Criteria:&#xD;
&#xD;
        Subjects are excluded from study participation if they meet any of the following criteria:&#xD;
&#xD;
        a. Blood sample volume is &lt; 300 ul; insufficient quantity for SeptiScan testing.&#xD;
      </textblock>
    </criteria>
    <gender>All</gender>
    <minimum_age>18 Years</minimum_age>
    <maximum_age>N/A</maximum_age>
    <healthy_volunteers>No</healthy_volunteers>
  </eligibility>
  <overall_official>
    <last_name>Hollis R O'Neal, Jr., MD, MSc</last_name>
    <role>Principal Investigator</role>
    <affiliation>Pulmonary &amp; Critical Care LSUHSC, Baton Rouge</affiliation>
  </overall_official>
  <location>
    <facility>
      <name>Our Lady of the Lake Regional Medical Center</name>
      <address>
        <city>Baton Rouge</city>
        <state>Louisiana</state>
        <zip>70808</zip>
        <country>United States</country>
      </address>
    </facility>
  </location>
  <location_countries>
    <country>United States</country>
  </location_countries>
  <verification_date>April 2020</verification_date>
  <study_first_submitted>April 29, 2020</study_first_submitted>
  <study_first_submitted_qc>April 30, 2020</study_first_submitted_qc>
  <study_first_posted type="Actual">May 4, 2020</study_first_posted>
  <last_update_submitted>April 30, 2020</last_update_submitted>
  <last_update_submitted_qc>April 30, 2020</last_update_submitted_qc>
  <last_update_posted type="Actual">May 4, 2020</last_update_posted>
  <responsible_party>
    <responsible_party_type>Sponsor</responsible_party_type>
  </responsible_party>
  <keyword>Sepsis</keyword>
  <keyword>COVID</keyword>
  <condition_browse>
    <!-- CAUTION:  The following MeSH terms are assigned with an imperfect algorithm            -->
    <mesh_term>Sepsis</mesh_term>
  </condition_browse>
  <patient_data>
    <sharing_ipd>No</sharing_ipd>
  </patient_data>
  <!-- Results have not yet been posted for this study                                          -->
</clinical_study>

