<?xml version="1.0" encoding="UTF-8"?>
<clinical_study rank="2079">
  <!-- This xml conforms to an XML Schema at:
    https://clinicaltrials.gov/ct2/html/images/info/public.xsd -->
  <required_header>
    <download_date>ClinicalTrials.gov processed this data on February 18, 2021</download_date>
    <link_text>Link to the current ClinicalTrials.gov record.</link_text>
    <url>https://clinicaltrials.gov/show/NCT04695197</url>
  </required_header>
  <id_info>
    <org_study_id>20-063</org_study_id>
    <secondary_id>202009642148520</secondary_id>
    <nct_id>NCT04695197</nct_id>
  </id_info>
  <brief_title>Malaria as a Risk Factor for COVID-19 in Western Kenya and Burkina Faso</brief_title>
  <acronym>MALCOV</acronym>
  <official_title>Malaria as a Risk Factor for COVID-19 in Western Kenya and Burkina Faso</official_title>
  <sponsors>
    <lead_sponsor>
      <agency>Liverpool School of Tropical Medicine</agency>
      <agency_class>Other</agency_class>
    </lead_sponsor>
    <collaborator>
      <agency>London School of Hygiene and Tropical Medicine</agency>
      <agency_class>Other</agency_class>
    </collaborator>
    <collaborator>
      <agency>Kenya Medical Research Institute</agency>
      <agency_class>Other</agency_class>
    </collaborator>
    <collaborator>
      <agency>Groupe de Recherche Action en Sante</agency>
      <agency_class>Other</agency_class>
    </collaborator>
    <collaborator>
      <agency>Centres for Disease Control and Prevention, Kenya.</agency>
      <agency_class>Other</agency_class>
    </collaborator>
    <collaborator>
      <agency>Bill and Melinda Gates Foundation</agency>
      <agency_class>Other</agency_class>
    </collaborator>
    <collaborator>
      <agency>Centers for Disease Control and Prevention</agency>
      <agency_class>U.S. Fed</agency_class>
    </collaborator>
  </sponsors>
  <source>Liverpool School of Tropical Medicine</source>
  <oversight_info>
    <has_dmc>Yes</has_dmc>
    <is_fda_regulated_drug>No</is_fda_regulated_drug>
    <is_fda_regulated_device>No</is_fda_regulated_device>
  </oversight_info>
  <brief_summary>
    <textblock>
      It is unknown whether malaria or malaria treatment affects COVID-19 severity, immune&#xD;
      responses to SARS-CoV-2 virus, or viral loads and/or duration of shedding and therewith the&#xD;
      onwards spread of SARS-COV-2. An observational cohort study will be conducted in 708 newly&#xD;
      diagnosed COVID-19 patient of all ages in western Kenya and Burkina-Faso. They will be&#xD;
      enrolled in hospitals with COVID-19 testing facilities from a source population screened for&#xD;
      SARS-CoV-2 (N~4,720). Approximately 142 of the 708 COVID-19 patients are expected to be&#xD;
      co-infected with malaria. They will be enrolled in the nested malaria treatment trial and&#xD;
      randomized to receive 3-days of artemether-lumefantrine (the current standard of care) or&#xD;
      pyronaridine-artesunate, a highly effective antimalarial with known antiviral properties&#xD;
      against SARS-CoV-2 in-vitro, that is newly registered and being rolled out in Africa. Disease&#xD;
      progression will be assessed and nasal swabs and blood samples will be taken during&#xD;
      home/clinic visits on days 1, 3, 7, 14, 21, 28, and 42. Patients self-isolating will be&#xD;
      phoned daily in between scheduled visits for the first 14 days to assess signs and symptoms.&#xD;
      Hospitalisation, self-isolation and home-based care will follow national guidelines. The WHO&#xD;
      clinical progression scale and FLU-PRO plus scales will be used to compare disease&#xD;
      progression between COVID-19 patients with and without malaria, and by malaria. Other&#xD;
      endpoints include seroconversion/reversion rates, chemokine/cytokine responses, T and B cell&#xD;
      responses, viral load and duration of viral carriage. Infection prevention and control (IPC),&#xD;
      including the use of personal protection equipment (PPE), and measures for patient transport&#xD;
      will follow national guidelines in each country. Written informed consent/assent will be&#xD;
      sought. The study is anticipated to start in January 2021 and last for approximately 18&#xD;
      months.&#xD;
    </textblock>
  </brief_summary>
  <detailed_description>
    <textblock>
      Background: In Africa, COVID-19 has the potential to cripple the continent's fragile&#xD;
      healthcare systems and be devastating economically. It is unknown whether malaria infection&#xD;
      worsens COVID-19, affects the acquisition of protective antibodies against the SARS-CoV-2&#xD;
      virus, or contributes to its onwards spread by resulting in higher viral loads and/or longer&#xD;
      duration of viral shedding. It is also unknown if the effective clearance of malaria&#xD;
      parasites and/or the choice of antimalarials affects any of these potential associations. His&#xD;
      study will determine if the antimalarial pyronaridine, in the fixed-dose combination of&#xD;
      pyronaridine-artesunate, has a positive, negative or negligible effect on COVID-19 disease&#xD;
      progression or duration of viral carriage and the seroconversion rate to SARS-CoV-2.&#xD;
&#xD;
      Methods: A malaria treatment trial will be conducted nested within a larger observational&#xD;
      COVID-19 cohort study in highly malaria-endemic areas in western Kenya and Burkina-Faso. The&#xD;
      COVID-19 cohort study consists of approximately 708 newly diagnosed COVID-19 patient of all&#xD;
      ages. They will be enrolled from a source population of approximately 4,720 individuals of&#xD;
      all ages screened for SARS-CoV-2. It is anticipated that approximately 142 of the 708 cohort&#xD;
      participants will be co-infected with malaria. These co-infected participants will be&#xD;
      enrolled in the nested malaria treatment trial if they have uncomplicated malaria and are&#xD;
      able to take oral medication. They will be randomized to receive either a standard 3-day&#xD;
      treatment course of artemether-lumefantrine (the current first-line treatment) or&#xD;
      pyronaridine-artesunate, a new highly effective antimalarial combination that is being rolled&#xD;
      out as first or second-line treatment in western Kenya and Burkina Faso. All 142 patients&#xD;
      will be followed for 42 days and nasal swabs and blood samples taken on days 1, 3, 7, 14, and&#xD;
      28. Malaria smears will be taken on days 3, 7, 14, 21, 28 and 42. The primary endpoint is the&#xD;
      rate of SARS-CoV-2 clearance by day-7.&#xD;
&#xD;
      To limit the transmission of SARS-CoV-2, strict adherence to infection prevention and control&#xD;
      (IPC) guidelines, including use of personal protection equipment (PPE), and measures for&#xD;
      patient transport will be followed as per national guidelines in each country. Written&#xD;
      informed consent/assent will be sought.&#xD;
&#xD;
      Partners: This 18-months study is funded by the Bill and Melinda Gates Foundation and is part&#xD;
      of a collaboration between the Kenyan Medical Research Institute (KEMRI) in Kenya; the US&#xD;
      Centers for Disease Control and Prevention (CDC); the Liverpool School of Tropical Medicine&#xD;
      (LSTM); the Ministry of Health, Kenya; the Groupe de Recherche Action en Santé (GRAS),&#xD;
      Ouagadougou, Burkina Faso; the Ministry of Health in Burkina Faso, and the London School of&#xD;
      Hygiene and Tropical Medicine (LSHTM). LSTM and LSHTM will act as sponsors for the studies in&#xD;
      Kenya and Burkina Faso, respectively.&#xD;
    </textblock>
  </detailed_description>
  <overall_status>Not yet recruiting</overall_status>
  <start_date type="Anticipated">January 8, 2021</start_date>
  <completion_date type="Anticipated">July 31, 2023</completion_date>
  <primary_completion_date type="Anticipated">November 1, 2022</primary_completion_date>
  <phase>Phase 3</phase>
  <study_type>Interventional</study_type>
  <has_expanded_access>No</has_expanded_access>
  <study_design_info>
    <allocation>Randomized</allocation>
    <intervention_model>Parallel Assignment</intervention_model>
    <intervention_model_description>Permuted block randomization</intervention_model_description>
    <primary_purpose>Treatment</primary_purpose>
    <masking>None (Open Label)</masking>
    <masking_description>Masking: blinding of primary outcome assessor (off-site laboratory-based staff)</masking_description>
  </study_design_info>
  <primary_outcome>
    <measure>Incidence of SARS-CoV-2 clearance</measure>
    <time_frame>by day 7</time_frame>
    <description>Defined as the proportion of participants with a negative nasal swab on Day 7 after the start of treatment</description>
  </primary_outcome>
  <secondary_outcome>
    <measure>Median viral load of SARS-CoV-2</measure>
    <time_frame>by day 14</time_frame>
    <description>Median CT value as detected from mid-nasal swabs by PCR</description>
  </secondary_outcome>
  <secondary_outcome>
    <measure>Cumulative incidence of SARS-CoV-2 clearance</measure>
    <time_frame>by days 14, 21 and 28</time_frame>
    <description>Defined as the proportion of participants with negative nasal swabs</description>
  </secondary_outcome>
  <secondary_outcome>
    <measure>Time to clearance of nasal SARS-CoV-2</measure>
    <time_frame>by days 1, 3, 7, 14 and 28</time_frame>
    <description>Defined as the number of days to a negative SARS-CoV-2 RNA PCR tests (swabs collected on days 1, 3, 7, 14, 21 and 28)</description>
  </secondary_outcome>
  <secondary_outcome>
    <measure>Cumulative seroconversion rates (IgG, IgM, IgA)</measure>
    <time_frame>by days 7, 14, 21 and 28</time_frame>
    <description>proportion of antibody negative patients on enrolment who seroconvert</description>
  </secondary_outcome>
  <secondary_outcome>
    <measure>IgG, IgM, IgA antibody titres against SARS-CoV-2</measure>
    <time_frame>by days 7, 14, 21 and 28</time_frame>
    <description>Geometric mean, maximum, and change from baseline</description>
  </secondary_outcome>
  <secondary_outcome>
    <measure>IL-6, IL-7, IL-10, TNF-alpha and Interferon-Gamma</measure>
    <time_frame>by days 3, 7, 14 and 28</time_frame>
    <description>median, max and change from baseline</description>
  </secondary_outcome>
  <secondary_outcome>
    <measure>CRP and angiotensin-2, angiopoietin-1 and angiopoietin-2</measure>
    <time_frame>by days 3, 7, 14 and 28</time_frame>
    <description>median, max and change from baseline</description>
  </secondary_outcome>
  <secondary_outcome>
    <measure>Genomic responses to SARS-CoV-2 infection</measure>
    <time_frame>by day 28</time_frame>
    <description>Transcriptional profiling (gene expression) of whole blood and fixed whole blood for T and B cell markers</description>
  </secondary_outcome>
  <secondary_outcome>
    <measure>Cellular immune responses to SARS-CoV-2 infection</measure>
    <time_frame>by day 28</time_frame>
    <description>T cell responses</description>
  </secondary_outcome>
  <secondary_outcome>
    <measure>The clinical and parasitological antimalarial treatment response</measure>
    <time_frame>by day 42</time_frame>
    <description>Expressed as the proportion with early treatment failure, late clinical failure, late parasitological failure or an adequate clinical and parasitological response. Recrudescence will be differentiated from new infection by genotyping of malaria parasites</description>
  </secondary_outcome>
  <secondary_outcome>
    <measure>COVID-19 disease severity</measure>
    <time_frame>by day 28</time_frame>
    <description>Defined by a severity index score for COVID-19</description>
  </secondary_outcome>
  <secondary_outcome>
    <measure>COVID-19 disease duration</measure>
    <time_frame>by day 28</time_frame>
    <description>The proportion of days with symptoms after randomization</description>
  </secondary_outcome>
  <secondary_outcome>
    <measure>COVID-19 fever duration</measure>
    <time_frame>by day 28</time_frame>
    <description>The proportion of days with a fever after randomization</description>
  </secondary_outcome>
  <secondary_outcome>
    <measure>COVID-19 respiratory symptoms duration</measure>
    <time_frame>by day 28</time_frame>
    <description>The proportion of days with respiratory symptoms after randomization</description>
  </secondary_outcome>
  <secondary_outcome>
    <measure>COVID-19 disease duration in days</measure>
    <time_frame>by day 28</time_frame>
    <description>The number of days until symptom clearance</description>
  </secondary_outcome>
  <secondary_outcome>
    <measure>Treatment-related adverse events, serious adverse events, and adverse events resulting in treatment discontinuation</measure>
    <time_frame>by day 7</time_frame>
    <description>The cumulative proportion of patients with any of these events after the start of treatment</description>
  </secondary_outcome>
  <number_of_arms>2</number_of_arms>
  <enrollment type="Anticipated">142</enrollment>
  <condition>Covid-19</condition>
  <condition>Malaria</condition>
  <arm_group>
    <arm_group_label>Artemether-lumefantrine</arm_group_label>
    <arm_group_type>Active Comparator</arm_group_type>
    <description>Artemether-lumefantrine, standard 3-day antimalarial treatment regimen.</description>
  </arm_group>
  <arm_group>
    <arm_group_label>Pyronaridine-artesunate</arm_group_label>
    <arm_group_type>Experimental</arm_group_type>
    <description>Pyronaridine-artesunate, standard 3-day antimalarial treatment regimen.</description>
  </arm_group>
  <intervention>
    <intervention_type>Drug</intervention_type>
    <intervention_name>Artemether-lumefantrine (AL)</intervention_name>
    <description>Current first line treatment of malaria. Dose: Bodyweight (kg) Dose (mg) of artemether + lumefantrine given twice daily for 3 days (total, six doses) 5 to &lt; 15 20 + 120 15 to &lt; 25 40 + 240 25 to &lt; 35 60 + 360 &gt;=35 80 + 480; Twice daily for 3 days (total, six doses)</description>
    <arm_group_label>Artemether-lumefantrine</arm_group_label>
    <other_name>Coartem</other_name>
  </intervention>
  <intervention>
    <intervention_type>Drug</intervention_type>
    <intervention_name>Pyronaridine-artesunate (PA)</intervention_name>
    <description>Antimalarial; Dose: Body weight (kg) Dose (mg) of pyronaridine + aresunate given once daily for 3 days (total, three doses) 5 to &lt; 8 60 + 20 8 to &lt;15 120 + 40 15 to &lt;20 180 + 60 20 to &lt;24 kg 180 + 60 24 to &lt;45 360 + 120 45 to &lt;65 540 + 180 &gt;=65 720 + 240; Once-daily for 3 days (total, three doses).</description>
    <arm_group_label>Pyronaridine-artesunate</arm_group_label>
    <other_name>Pyramax</other_name>
  </intervention>
  <eligibility>
    <criteria>
      <textblock>
        Inclusion Criteria:&#xD;
&#xD;
          -  Laboratory confirmed SARS-CoV-2 infection, with positive molecular test results within&#xD;
             the past 72 hours*&#xD;
&#xD;
          -  Aged &gt;=6 months **&#xD;
&#xD;
          -  Resident in the study area&#xD;
&#xD;
          -  The participant or caretaker is willing and able to give informed consent or assent&#xD;
             with parent/guardian informed consent for participation in the study&#xD;
&#xD;
          -  Agrees not to self-medicate with chloroquine, hydroxychloroquine or other&#xD;
             antimalarials with potential anti-SARS-CoV-2 properties&#xD;
&#xD;
          -  Not previously diagnosed with COVID-19&#xD;
&#xD;
          -  Contactable by phone for follow-up permitting real-time, reliable information&#xD;
&#xD;
          -  Uncomplicated malaria, defined as able to take oral medication&#xD;
&#xD;
          -  Bodyweight ≥5kg&#xD;
&#xD;
          -  Confirmed malaria infection by RDT (pLDH) or microscopy&#xD;
&#xD;
        Exclusion Criteria:&#xD;
&#xD;
          -  Unwilling or unable to provide informed consent/assent&#xD;
&#xD;
          -  The participant is judged by the Investigator to be at significant risk of failing to&#xD;
             comply with the provisions of the protocol as to cause harm to self or seriously&#xD;
             interfere with the validity of the study results&#xD;
&#xD;
          -  Inability/unlikely to be in the study area for the duration of the 28-day follow-up&#xD;
             period&#xD;
&#xD;
          -  Pregnant or lactating women&#xD;
&#xD;
          -  Severe disease requiring parenteral treatment&#xD;
&#xD;
          -  Currently receiving, or recently received (within the last 28 days)&#xD;
             pyronaridine-artesunate or artemether-lumefantrine&#xD;
&#xD;
          -  Received chloroquine in the last three days&#xD;
&#xD;
          -  Inability/unlikely to be in the study area for the duration of the 42-day follow-up&#xD;
             period&#xD;
&#xD;
          -  Known hypersensitivity or specific contraindication to the use of any of the study&#xD;
             drugs in the treatment arms&#xD;
&#xD;
          -  Known chronic kidney disease (signs or symptoms of stage IV renal impairment or&#xD;
             receiving dialysis)&#xD;
&#xD;
          -  Known liver cirrhosis (Child-Pugh Class B or greater) or signs or symptoms of severe&#xD;
             hepatotoxicity&#xD;
      </textblock>
    </criteria>
    <gender>All</gender>
    <minimum_age>6 Months</minimum_age>
    <maximum_age>100 Years</maximum_age>
    <healthy_volunteers>Accepts Healthy Volunteers</healthy_volunteers>
  </eligibility>
  <overall_official>
    <last_name>Kariuki Simon, PhD</last_name>
    <role>Principal Investigator</role>
    <affiliation>Kenya Medical Research Institute</affiliation>
  </overall_official>
  <overall_official>
    <last_name>Sirima Sodiomon, MD, PhD</last_name>
    <role>Principal Investigator</role>
    <affiliation>Groupe de Recherche Action en Santé(GRAS)</affiliation>
  </overall_official>
  <overall_contact>
    <last_name>Feiko ter Kuile, MD, PhD</last_name>
    <phone>+44 151 705 3287</phone>
    <email>Feiko.terKuile@lstmed.ac.uk</email>
  </overall_contact>
  <overall_contact_backup>
    <last_name>Chris Drakeley, PhD</last_name>
    <phone>+44 207 9272 289</phone>
    <email>Chris.Drakeley@lshtm.ac.uk</email>
  </overall_contact_backup>
  <location>
    <facility>
      <name>Ouagadougou Hospitals</name>
      <address>
        <city>Ouagadougou</city>
        <zip>06BP10248</zip>
        <country>Burkina Faso</country>
      </address>
    </facility>
    <contact>
      <last_name>Sodiomon B. Sirima, MD, PhD</last_name>
      <phone>+226 7020 0444</phone>
      <email>s.sirima@gras.bf</email>
    </contact>
  </location>
  <location>
    <facility>
      <name>Kisumu County Referral Hospital</name>
      <address>
        <city>Kisumu</city>
        <zip>40100</zip>
        <country>Kenya</country>
      </address>
    </facility>
    <contact>
      <last_name>Hellen C Barsosio, MD</last_name>
      <phone>+254724464507</phone>
      <email>hellen.barsosio@lstmed.ac.uk</email>
    </contact>
    <contact_backup>
      <last_name>Simon Kariuki, PhD</last_name>
      <phone>+ 254 725 389 246</phone>
      <email>SKariuki@kemricdc.org</email>
    </contact_backup>
  </location>
  <location_countries>
    <country>Burkina Faso</country>
    <country>Kenya</country>
  </location_countries>
  <verification_date>January 2021</verification_date>
  <study_first_submitted>December 14, 2020</study_first_submitted>
  <study_first_submitted_qc>January 4, 2021</study_first_submitted_qc>
  <study_first_posted type="Actual">January 5, 2021</study_first_posted>
  <last_update_submitted>January 4, 2021</last_update_submitted>
  <last_update_submitted_qc>January 4, 2021</last_update_submitted_qc>
  <last_update_posted type="Actual">January 5, 2021</last_update_posted>
  <responsible_party>
    <responsible_party_type>Sponsor</responsible_party_type>
  </responsible_party>
  <condition_browse>
    <!-- CAUTION:  The following MeSH terms are assigned with an imperfect algorithm            -->
    <mesh_term>Malaria</mesh_term>
  </condition_browse>
  <intervention_browse>
    <!-- CAUTION:  The following MeSH terms are assigned with an imperfect algorithm            -->
    <mesh_term>Artesunate</mesh_term>
    <mesh_term>Lumefantrine</mesh_term>
    <mesh_term>Artemether</mesh_term>
    <mesh_term>Artemether, Lumefantrine Drug Combination</mesh_term>
    <mesh_term>Pyronaridine</mesh_term>
  </intervention_browse>
  <patient_data>
    <sharing_ipd>Yes</sharing_ipd>
    <ipd_description>We will encourage data sharing to ensure that the scientific potential of this study is maximized. The full anonymized research database will be made publicly available as soon as the full study findings have been published or based on any data requests that may occur during the study or analysis is still ongoing. For the databases, we will use a controlled access approach.</ipd_description>
    <ipd_info_type>Study Protocol</ipd_info_type>
    <ipd_time_frame>As soon as the full study findings have been published or based on any data requests that may occur during the study or analysis is still ongoing.</ipd_time_frame>
    <ipd_access_criteria>Data access will be provided to researchers after a proposal has been approved by an independent review committee identified for this purpose. An agreement on how to collaborate will be reached based on any overlap between the proposal and any ongoing efforts. Proposals can be directed to email addresses provided in the publications and websites. To gain access, data requesters will need to sign a data-sharing agreement. The only limits to data sharing will be to safeguard research participants' confidentiality. External users will be bound by data-sharing agreements in line with the Data Sharing Policy from the respective Sponsors and the Gates Foundation to ensure that the privacy of individuals is protected. The agreement will prohibit any attempt to (a) identify study participants from the data or otherwise breach confidentiality, (b) make unapproved contact with study participants.</ipd_access_criteria>
  </patient_data>
  <!-- Results have not yet been posted for this study                                          -->
</clinical_study>

