<?xml version="1.0" encoding="UTF-8"?>
<clinical_study rank="4128">
  <!-- This xml conforms to an XML Schema at:
    https://clinicaltrials.gov/ct2/html/images/info/public.xsd -->
  <required_header>
    <download_date>ClinicalTrials.gov processed this data on February 18, 2021</download_date>
    <link_text>Link to the current ClinicalTrials.gov record.</link_text>
    <url>https://clinicaltrials.gov/show/NCT04375137</url>
  </required_header>
  <id_info>
    <org_study_id>SBMU.12543</org_study_id>
    <nct_id>NCT04375137</nct_id>
  </id_info>
  <brief_title>Correlation Between Oxidative Stress Status and COVID-19 Severity</brief_title>
  <official_title>Correlation Between Oxidative Stress Markers and COVID-19 Severity Index</official_title>
  <sponsors>
    <lead_sponsor>
      <agency>Shahid Beheshti University of Medical Sciences</agency>
      <agency_class>Other</agency_class>
    </lead_sponsor>
  </sponsors>
  <source>Shahid Beheshti University of Medical Sciences</source>
  <oversight_info>
    <is_fda_regulated_drug>No</is_fda_regulated_drug>
    <is_fda_regulated_device>No</is_fda_regulated_device>
  </oversight_info>
  <brief_summary>
    <textblock>
      During the new COVID-19 pandemic physicians all over the world have faced different&#xD;
      challenges .Oxidative stress is a probable cause of multi organ failure in this setting which&#xD;
      never has been evaluated in COVID-19 infection to the best of knowledge.Present study aimed&#xD;
      to evaluate oxidative stress marker and redox system status in different COVID-19 patients&#xD;
      regarding the severity of involvement.&#xD;
    </textblock>
  </brief_summary>
  <detailed_description>
    <textblock>
      Oxidative stress is a probable cause of multi organ failure in this setting which never has&#xD;
      been evaluated in COVID-19 infection to the best of knowledge.Present study aimed to evaluate&#xD;
      oxidative stress marker and redox system status in different COVID-19 patients regarding the&#xD;
      severity of involvement. Demographic and lab data of 60 COVID-19 confirmed positive cases&#xD;
      gathered .These patients divided in to two arms: 1- severe COVID-19 which were intubated or&#xD;
      admitted in intensive care unit due to severe hypoxia 2- non-severe COVID-19 patients which&#xD;
      were not hypoxic and admitted in ward with no need to invasive oxygenation. All patients had&#xD;
      positive RT-PCR positive nasopharyngeal swab results for COVID-19 or Lung CT scan compatible&#xD;
      with COVID-19. Malondialdehyde(MDA) , Biopterin, Neopterin, SOD, Glutathione levels would be&#xD;
      checked by ELISA tests and compared between these two groups and healthy controls.&#xD;
    </textblock>
  </detailed_description>
  <overall_status>Recruiting</overall_status>
  <start_date type="Actual">April 20, 2020</start_date>
  <completion_date type="Anticipated">May 30, 2021</completion_date>
  <primary_completion_date type="Anticipated">April 1, 2021</primary_completion_date>
  <study_type>Observational</study_type>
  <has_expanded_access>No</has_expanded_access>
  <study_design_info>
    <observational_model>Case-Control</observational_model>
    <time_perspective>Cross-Sectional</time_perspective>
  </study_design_info>
  <primary_outcome>
    <measure>MDA concentration</measure>
    <time_frame>2 weeks</time_frame>
    <description>MDA x 2 ULN in severe COVID</description>
  </primary_outcome>
  <secondary_outcome>
    <measure>Biopterin concentration</measure>
    <time_frame>2 weeks</time_frame>
    <description>Difference between severe and controls</description>
  </secondary_outcome>
  <secondary_outcome>
    <measure>Neopterin rate of increase</measure>
    <time_frame>2 weeks</time_frame>
    <description>Difference between severe and controls</description>
  </secondary_outcome>
  <number_of_groups>3</number_of_groups>
  <enrollment type="Anticipated">90</enrollment>
  <condition>Oxidative Stress</condition>
  <arm_group>
    <arm_group_label>Severe COVID</arm_group_label>
    <description>patients with positive PCR or compatible CT admitted in ICU or intubated</description>
  </arm_group>
  <arm_group>
    <arm_group_label>Non-severe COVID-19</arm_group_label>
    <description>patients with positive PCR or compatible CT admitted in ward without hypoxia</description>
  </arm_group>
  <arm_group>
    <arm_group_label>Healthy Controls</arm_group_label>
    <description>Healthy controls with negative IgM/IgG for COVID-19</description>
  </arm_group>
  <intervention>
    <intervention_type>Diagnostic Test</intervention_type>
    <intervention_name>Oxidative Stress ELISA Kit</intervention_name>
    <description>Checking oxidative stress markers and redox system status</description>
    <arm_group_label>Healthy Controls</arm_group_label>
    <arm_group_label>Non-severe COVID-19</arm_group_label>
    <arm_group_label>Severe COVID</arm_group_label>
  </intervention>
  <eligibility>
    <study_pop>
      <textblock>
        Severe COVID:Hypoxic intubated Non-severe COVID: non-hypoxic in ward Healthy Controls&#xD;
      </textblock>
    </study_pop>
    <sampling_method>Non-Probability Sample</sampling_method>
    <criteria>
      <textblock>
        Inclusion Criteria:&#xD;
&#xD;
          -  more than 18 years old&#xD;
&#xD;
          -  positive RT-PCR COVID-19&#xD;
&#xD;
          -  compatible lung CT with COVID-19&#xD;
&#xD;
        Exclusion Criteria:&#xD;
&#xD;
          -  not signing informed consent&#xD;
&#xD;
          -  using antioxidants&#xD;
&#xD;
          -  using statins&#xD;
      </textblock>
    </criteria>
    <gender>All</gender>
    <minimum_age>18 Years</minimum_age>
    <maximum_age>N/A</maximum_age>
    <healthy_volunteers>Accepts Healthy Volunteers</healthy_volunteers>
  </eligibility>
  <overall_official>
    <last_name>Dalili</last_name>
    <role>Principal Investigator</role>
    <affiliation>SBMU</affiliation>
  </overall_official>
  <overall_contact>
    <last_name>Nooshin Dalili</last_name>
    <phone>00989122404331</phone>
    <email>nooshindalili4@gmail.com</email>
  </overall_contact>
  <location>
    <facility>
      <name>Nooshin Dalili</name>
      <address>
        <city>Tehran</city>
        <country>Iran, Islamic Republic of</country>
      </address>
    </facility>
    <status>Recruiting</status>
    <contact>
      <last_name>Nooshin Dalili, Dr</last_name>
      <phone>00989122404331</phone>
      <email>nooshindalili4@gmail.com</email>
    </contact>
  </location>
  <location_countries>
    <country>Iran, Islamic Republic of</country>
  </location_countries>
  <verification_date>July 2020</verification_date>
  <study_first_submitted>May 3, 2020</study_first_submitted>
  <study_first_submitted_qc>May 3, 2020</study_first_submitted_qc>
  <study_first_posted type="Actual">May 5, 2020</study_first_posted>
  <last_update_submitted>December 30, 2020</last_update_submitted>
  <last_update_submitted_qc>December 30, 2020</last_update_submitted_qc>
  <last_update_posted type="Actual">December 31, 2020</last_update_posted>
  <responsible_party>
    <responsible_party_type>Principal Investigator</responsible_party_type>
    <investigator_affiliation>Shahid Beheshti University of Medical Sciences</investigator_affiliation>
    <investigator_full_name>nooshin dalili</investigator_full_name>
    <investigator_title>Principal Investigator</investigator_title>
  </responsible_party>
  <patient_data>
    <sharing_ipd>No</sharing_ipd>
  </patient_data>
  <!-- Results have not yet been posted for this study                                          -->
</clinical_study>

