<?xml version="1.0" encoding="UTF-8"?>
<clinical_study rank="522">
  <!-- This xml conforms to an XML Schema at:
    https://clinicaltrials.gov/ct2/html/images/info/public.xsd -->
  <required_header>
    <download_date>ClinicalTrials.gov processed this data on February 18, 2021</download_date>
    <link_text>Link to the current ClinicalTrials.gov record.</link_text>
    <url>https://clinicaltrials.gov/show/NCT04584593</url>
  </required_header>
  <id_info>
    <org_study_id>RC31/20/0202</org_study_id>
    <secondary_id>2020-A01610-39</secondary_id>
    <nct_id>NCT04584593</nct_id>
  </id_info>
  <brief_title>Pilot Study to Detect SARS-CoV-2 Virus in Sperm</brief_title>
  <acronym>COVSPERM</acronym>
  <official_title>Pilot Study to Detect SARS-CoV-2 Virus in Sperm : a COVID-19 Study.</official_title>
  <sponsors>
    <lead_sponsor>
      <agency>University Hospital, Toulouse</agency>
      <agency_class>Other</agency_class>
    </lead_sponsor>
  </sponsors>
  <source>University Hospital, Toulouse</source>
  <oversight_info>
    <has_dmc>No</has_dmc>
    <is_fda_regulated_drug>No</is_fda_regulated_drug>
    <is_fda_regulated_device>No</is_fda_regulated_device>
  </oversight_info>
  <brief_summary>
    <textblock>
      This is a prospective study involving 50 patients, with acute SARS-CoV-2 infection and a&#xD;
      positive RNA detection. Men will give semen, saliva, urine and blood specimens following&#xD;
      RT-PCR diagnosis and 15, 30, 60 and 90 days after. SARS-CoV-2 RNA will be detected in seminal&#xD;
      plasma, native semen cells and processed spermatozoa.&#xD;
&#xD;
      The purpose of this study is to seek the presence of SARS-CoV-2 in semen, to determine its&#xD;
      localization and infectiousness and to assess the efficiency of spermatozoa processing&#xD;
      methods to obtain virus free spermatozoa.&#xD;
    </textblock>
  </brief_summary>
  <detailed_description>
    <textblock>
      Since the end of 2019, an epidemic of SARS-CoV-2 infections (COVID-19) began in China and is&#xD;
      now a global pandemic affecting more than 3 millions of people. Droplets and close contact&#xD;
      are the most common routes of transmission of SARS-CoV-2 and aerosol transmission may be&#xD;
      another route. Researchers have detected SARS-CoV-2 in samples of respiratory tract, saliva,&#xD;
      stool, gastrointestinal tract, urine, tears and conjunctival secretions of COVID-19 patients.&#xD;
&#xD;
      Vertical transmission from mother to infant has been suspected, but not confirmed to date.&#xD;
      Information about localization of SARS-CoV-2 in the genital tract or shedding is poorly&#xD;
      documented and the results of these studies were discrepant. One of two studies have reported&#xD;
      SARS-CoV-2 RNA in semen from six infected patients. However, there is no data on the duration&#xD;
      of the seminal excretion of the virus, its viral load and infectiousness and on its&#xD;
      localization in semen compartments (cells, seminal plasma, spermatozoa).&#xD;
&#xD;
      The purpose of this study is to seek the presence of SARS-CoV-2 in semen, to determine its&#xD;
      localization and infectiousness and to assess the efficiency of spermatozoa processing&#xD;
      methods to obtain virus free spermatozoa.&#xD;
&#xD;
      This is a prospective study involving 50 patients, with acute SARS-CoV-2 infection and a&#xD;
      positive RNA detection. Men will give semen, saliva, urine and blood specimens following&#xD;
      RT-PCR diagnosis and 15, 30, 60 and 90 days after. SARS-CoV-2 RNA will be detected in seminal&#xD;
      plasma, native semen cells and processed spermatozoa.&#xD;
    </textblock>
  </detailed_description>
  <overall_status>Recruiting</overall_status>
  <start_date type="Actual">October 2, 2020</start_date>
  <completion_date type="Anticipated">February 2022</completion_date>
  <primary_completion_date type="Anticipated">February 2022</primary_completion_date>
  <phase>N/A</phase>
  <study_type>Interventional</study_type>
  <has_expanded_access>No</has_expanded_access>
  <study_design_info>
    <allocation>N/A</allocation>
    <intervention_model>Single Group Assignment</intervention_model>
    <primary_purpose>Other</primary_purpose>
    <masking>None (Open Label)</masking>
  </study_design_info>
  <primary_outcome>
    <measure>SARS-CoV-2 genomic RNA in patient sperm</measure>
    <time_frame>3 month</time_frame>
    <description>Search for presence of SARS-CoV-2 genomic RNA in patients sperm when they are in the acute phase of the infection with reverse transcriptase polymerase chain reaction</description>
  </primary_outcome>
  <secondary_outcome>
    <measure>SARS-CoV-2 location in patient sperm</measure>
    <time_frame>3 month</time_frame>
    <description>Search of location of SARS-Cov-2 in patient sperm after centrifugation</description>
  </secondary_outcome>
  <number_of_arms>1</number_of_arms>
  <enrollment type="Anticipated">50</enrollment>
  <condition>Covid19</condition>
  <arm_group>
    <arm_group_label>SARV-Cov</arm_group_label>
    <arm_group_type>Other</arm_group_type>
    <description>Men will give semen, saliva, urine and blood specimens</description>
  </arm_group>
  <intervention>
    <intervention_type>Biological</intervention_type>
    <intervention_name>Sample</intervention_name>
    <description>Men will give semen, saliva, nasopharyngeal, urine and blood specimens</description>
    <arm_group_label>SARV-Cov</arm_group_label>
  </intervention>
  <eligibility>
    <criteria>
      <textblock>
        Inclusion Criteria:&#xD;
&#xD;
          -  Patient aged 18 to 50, male.&#xD;
&#xD;
          -  Patient in acute phase of infection with SARS-CoV-2 and whose RT-PCR shows the viral&#xD;
             genome in the nasopharyngeal or salivary sample or in any other sample.&#xD;
&#xD;
          -  Patient who can come to the laboratory for samples&#xD;
&#xD;
          -  Patient having given his free and informed consent and having signed the consent&#xD;
&#xD;
          -  Patient affiliated to a social security scheme or equivalent&#xD;
&#xD;
        Exclusion Criteria:&#xD;
&#xD;
          -  Patient having previously consulted for male infertility or having previously carried&#xD;
             out a semen examination which was abnormal (WHO standard)&#xD;
&#xD;
          -  Patient with ejaculation disorder or unable to take a semen sample or with an abnormal&#xD;
             semen volume (&lt;1.5 mL).&#xD;
&#xD;
          -  Patient who would present serious clinical signs that would not allow him to travel to&#xD;
             the investigating center to take samples.&#xD;
&#xD;
          -  Patient under a protection regime for adults (including guardianship, curatorship or&#xD;
             safeguard of justice.&#xD;
      </textblock>
    </criteria>
    <gender>Male</gender>
    <gender_based>Yes</gender_based>
    <gender_description>Semen sample</gender_description>
    <minimum_age>18 Years</minimum_age>
    <maximum_age>50 Years</maximum_age>
    <healthy_volunteers>No</healthy_volunteers>
  </eligibility>
  <overall_official>
    <last_name>Louis BUJAN, PR</last_name>
    <role>Principal Investigator</role>
    <affiliation>University Hospital, Toulouse</affiliation>
  </overall_official>
  <overall_contact>
    <last_name>Louis BUJAN, PR</last_name>
    <phone>05 67 77 10 41</phone>
    <phone_ext>+33</phone_ext>
    <email>bujan.l@chu-toulouse.fr</email>
  </overall_contact>
  <location>
    <facility>
      <name>University Hospital Toulouse</name>
      <address>
        <city>Toulouse</city>
        <zip>31059</zip>
        <country>France</country>
      </address>
    </facility>
    <status>Recruiting</status>
    <contact>
      <last_name>Louis BUJAN, Pr</last_name>
    </contact>
    <investigator>
      <last_name>Louis BUJAN, PR</last_name>
      <role>Principal Investigator</role>
    </investigator>
  </location>
  <location_countries>
    <country>France</country>
  </location_countries>
  <reference>
    <citation>Guan WJ, Ni ZY, Hu Y, Liang WH, Ou CQ, He JX, Liu L, Shan H, Lei CL, Hui DSC, Du B, Li LJ, Zeng G, Yuen KY, Chen RC, Tang CL, Wang T, Chen PY, Xiang J, Li SY, Wang JL, Liang ZJ, Peng YX, Wei L, Liu Y, Hu YH, Peng P, Wang JM, Liu JY, Chen Z, Li G, Zheng ZJ, Qiu SQ, Luo J, Ye CJ, Zhu SY, Zhong NS; China Medical Treatment Expert Group for Covid-19. Clinical Characteristics of Coronavirus Disease 2019 in China. N Engl J Med. 2020 Apr 30;382(18):1708-1720. doi: 10.1056/NEJMoa2002032. Epub 2020 Feb 28.</citation>
    <PMID>32109013</PMID>
  </reference>
  <reference>
    <citation>Gallien S, Moro A, Lediguerher G, Catinot V, Paboeuf F, Bigault L, Berri M, Gauger PC, Pozzi N, Authié E, Rose N, Grasland B. Evidence of porcine epidemic diarrhea virus (PEDV) shedding in semen from infected specific pathogen-free boars. Vet Res. 2018 Jan 24;49(1):7. doi: 10.1186/s13567-018-0505-2.</citation>
    <PMID>29368629</PMID>
  </reference>
  <reference>
    <citation>Gallien S, Moro A, Lediguerher G, Catinot V, Paboeuf F, Bigault L, Gauger PC, Pozzi N, Berri M, Authié E, Rose N, Grasland B. Limited shedding of an S-InDel strain of porcine epidemic diarrhea virus (PEDV) in semen and questions regarding the infectivity of the detected virus. Vet Microbiol. 2019 Jan;228:20-25. doi: 10.1016/j.vetmic.2018.09.025. Epub 2018 Oct 11.</citation>
    <PMID>30593368</PMID>
  </reference>
  <reference>
    <citation>Baud D, Greub G, Favre G, Gengler C, Jaton K, Dubruc E, Pomar L. Second-Trimester Miscarriage in a Pregnant Woman With SARS-CoV-2 Infection. JAMA. 2020 Jun 2;323(21):2198-2200. doi: 10.1001/jama.2020.7233.</citation>
    <PMID>32352491</PMID>
  </reference>
  <verification_date>November 2020</verification_date>
  <study_first_submitted>October 12, 2020</study_first_submitted>
  <study_first_submitted_qc>October 12, 2020</study_first_submitted_qc>
  <study_first_posted type="Actual">October 14, 2020</study_first_posted>
  <last_update_submitted>November 2, 2020</last_update_submitted>
  <last_update_submitted_qc>November 2, 2020</last_update_submitted_qc>
  <last_update_posted type="Actual">November 3, 2020</last_update_posted>
  <responsible_party>
    <responsible_party_type>Sponsor</responsible_party_type>
  </responsible_party>
  <keyword>COVID19</keyword>
  <keyword>SARS-CoV Infection</keyword>
  <keyword>Semen</keyword>
  <patient_data>
    <sharing_ipd>No</sharing_ipd>
  </patient_data>
  <!-- Results have not yet been posted for this study                                          -->
</clinical_study>

