<?xml version="1.0" encoding="UTF-8"?>
<clinical_study rank="2627">
  <!-- This xml conforms to an XML Schema at:
    https://clinicaltrials.gov/ct2/html/images/info/public.xsd -->
  <required_header>
    <download_date>ClinicalTrials.gov processed this data on February 18, 2021</download_date>
    <link_text>Link to the current ClinicalTrials.gov record.</link_text>
    <url>https://clinicaltrials.gov/show/NCT04349631</url>
  </required_header>
  <id_info>
    <org_study_id>Protection Against COVID-19</org_study_id>
    <nct_id>NCT04349631</nct_id>
  </id_info>
  <brief_title>A Clinical Trial to Determine the Safety and Efficacy of Hope Biosciences Autologous Mesenchymal Stem Cell Therapy (HB-adMSCs) to Provide Protection Against COVID-19</brief_title>
  <official_title>A Phase II, Open Label, Single-Center, Clinical Trial to Assess Efficacy of HB-adMSCs to Provide Immune Support Against Coronavirus Disease</official_title>
  <sponsors>
    <lead_sponsor>
      <agency>Hope Biosciences</agency>
      <agency_class>Industry</agency_class>
    </lead_sponsor>
  </sponsors>
  <source>Hope Biosciences</source>
  <oversight_info>
    <has_dmc>Yes</has_dmc>
    <is_fda_regulated_drug>Yes</is_fda_regulated_drug>
    <is_fda_regulated_device>No</is_fda_regulated_device>
  </oversight_info>
  <brief_summary>
    <textblock>
      Hope Biosciences is conducting a research study of an investigational product called&#xD;
      autologous adipose-derived mesenchymal stem cells (abbreviated as HB-adMSCs) to provide&#xD;
      immune support against COVID-19. The study purpose is to evaluate the safety and efficacy of&#xD;
      five IV infusions of HB-adMSCs in subjects with no signs of COVID-19.&#xD;
    </textblock>
  </brief_summary>
  <detailed_description>
    <textblock>
      This is a Phase II, Open Label, Single-Center, Clinical Trial to Assess Efficacy of HB-adMSCs&#xD;
      to Provide Immune Support Against Coronavirus Disease. 75 patients will be enrolled. All&#xD;
      patients have previously banked their own mesenchymal stem cells at Hope Biosciences.&#xD;
      Eligible participants are either over 50 years of age, have preexisting conditions, or are at&#xD;
      high exposure risk of contracting COVID-19. The primary endpoint of this study is to provide&#xD;
      immune support against COVID-19, measured by the percentage of participants in each category&#xD;
      of a 7-point ordinal scale and the presence or absence of adverse events and serious adverse&#xD;
      events related to the study drug. In addition, participants will be monitored for overall&#xD;
      clinical status by standard clinical laboratories and inflammatory markers. Participants will&#xD;
      complete Short Form Health Survey (SF-36) and depression module (PHQ-9) questionnaires.&#xD;
    </textblock>
  </detailed_description>
  <overall_status>Active, not recruiting</overall_status>
  <start_date type="Actual">April 22, 2020</start_date>
  <completion_date type="Anticipated">December 31, 2020</completion_date>
  <primary_completion_date type="Anticipated">December 31, 2020</primary_completion_date>
  <phase>Phase 2</phase>
  <study_type>Interventional</study_type>
  <study_design_info>
    <allocation>N/A</allocation>
    <intervention_model>Single Group Assignment</intervention_model>
    <primary_purpose>Prevention</primary_purpose>
    <masking>None (Open Label)</masking>
  </study_design_info>
  <primary_outcome>
    <measure>Incidence of hospitalization for COVID-19</measure>
    <time_frame>Week 0 through week 26 (end of study)</time_frame>
    <description>Number of subjects that require hospitalization for COVID-19</description>
  </primary_outcome>
  <primary_outcome>
    <measure>Incidence of symptoms for COVID-19</measure>
    <time_frame>week 0 through week 26 (end of study)</time_frame>
    <description>Number of subjects that develop symptoms associated with COVID-19, such as fever, shortness of breath/difficulty breathing, cough</description>
  </primary_outcome>
  <secondary_outcome>
    <measure>absence of upper/lower respiratory infection</measure>
    <time_frame>Weeks 0 through 26</time_frame>
    <description>absence of upper/lower respiratory infection by hospitalization criteria</description>
  </secondary_outcome>
  <secondary_outcome>
    <measure>Glucose</measure>
    <time_frame>Weeks 0, 6, 14, 26</time_frame>
    <description>clinical lab evaluation of level of glucose in the blood (mg/dL)</description>
  </secondary_outcome>
  <secondary_outcome>
    <measure>Calcium</measure>
    <time_frame>Weeks 0, 6, 14, 26</time_frame>
    <description>clinical lab evaluation of level of calcium in the blood (mg/dL)</description>
  </secondary_outcome>
  <secondary_outcome>
    <measure>Albumin</measure>
    <time_frame>Weeks 0, 6, 14, 26</time_frame>
    <description>clinical lab evaluation of level of albumin in the blood (g/dL)</description>
  </secondary_outcome>
  <secondary_outcome>
    <measure>Total Protein</measure>
    <time_frame>Weeks 0, 6, 14, 26</time_frame>
    <description>clinical lab evaluation of level of total protein in the blood (g/dL)</description>
  </secondary_outcome>
  <secondary_outcome>
    <measure>Sodium</measure>
    <time_frame>Weeks 0, 6, 14, 26</time_frame>
    <description>clinical lab evaluation of level of sodium in the blood (mol/L)</description>
  </secondary_outcome>
  <secondary_outcome>
    <measure>Total carbon dioxide</measure>
    <time_frame>Weeks 0, 6, 14, 26</time_frame>
    <description>clinical lab evaluation of level of carbon dioxide in the blood (mmol/L)</description>
  </secondary_outcome>
  <secondary_outcome>
    <measure>Potassium</measure>
    <time_frame>Weeks 0, 6, 14, 26</time_frame>
    <description>clinical lab evaluation of level of potassium in the blood (mmol/L)</description>
  </secondary_outcome>
  <secondary_outcome>
    <measure>Chloride</measure>
    <time_frame>Weeks 0, 6, 14, 26</time_frame>
    <description>clinical lab evaluation of level of chloride in the blood (mmol/L)</description>
  </secondary_outcome>
  <secondary_outcome>
    <measure>BUN</measure>
    <time_frame>Weeks 0, 6, 14, 26</time_frame>
    <description>clinical lab evaluation of level of BUN in the blood (mg/dL)</description>
  </secondary_outcome>
  <secondary_outcome>
    <measure>Creatinine</measure>
    <time_frame>Weeks 0, 6, 14, 26</time_frame>
    <description>clinical lab evaluation of level of creatinine in the blood (mg/dL)</description>
  </secondary_outcome>
  <secondary_outcome>
    <measure>Alkaline phosphatase</measure>
    <time_frame>Weeks 0, 6, 14, 26</time_frame>
    <description>clinical lab evaluation of level of alkaline phosphatase in the blood (IU/L)</description>
  </secondary_outcome>
  <secondary_outcome>
    <measure>Alanine aminotransferase</measure>
    <time_frame>Weeks 0, 6, 14, 26</time_frame>
    <description>clinical lab evaluation of level of alanine aminotransferase in the blood (IU/L)</description>
  </secondary_outcome>
  <secondary_outcome>
    <measure>Aspartate aminotransferase</measure>
    <time_frame>Weeks 0, 6, 14, 26</time_frame>
    <description>clinical lab evaluation of level of aspartate aminotransferase in the blood (IU/L)</description>
  </secondary_outcome>
  <secondary_outcome>
    <measure>Total bilirubin</measure>
    <time_frame>Weeks 0, 6, 14, 26</time_frame>
    <description>clinical lab evaluation of level of total bilirubin in the blood (mg/dL)</description>
  </secondary_outcome>
  <secondary_outcome>
    <measure>White blood cells</measure>
    <time_frame>Weeks 0, 6, 14, 26</time_frame>
    <description>clinical lab evaluation of level of white blood cells in the blood (x 10^3/uL)</description>
  </secondary_outcome>
  <secondary_outcome>
    <measure>Red blood cells</measure>
    <time_frame>Weeks 0, 6, 14, 26</time_frame>
    <description>clinical lab evaluation of level of red blood cells in the blood (x 10^6/uL)</description>
  </secondary_outcome>
  <secondary_outcome>
    <measure>Hemoglobin</measure>
    <time_frame>Weeks 0, 6, 14, 26</time_frame>
    <description>clinical lab evaluation of level of hemoglobin in the blood (g/dL)</description>
  </secondary_outcome>
  <secondary_outcome>
    <measure>Hematocrit</measure>
    <time_frame>Weeks 0, 6, 14, 26</time_frame>
    <description>clinical lab evaluation of level of hematocrit in the blood (%)</description>
  </secondary_outcome>
  <secondary_outcome>
    <measure>Mean corpuscular volume</measure>
    <time_frame>Weeks 0, 6, 14, 26</time_frame>
    <description>clinical lab evaluation of mean corpuscular volume in the blood (fL)</description>
  </secondary_outcome>
  <secondary_outcome>
    <measure>Mean corpuscular hemoglobin</measure>
    <time_frame>Weeks 0, 6, 14, 26</time_frame>
    <description>clinical lab evaluation of mean corpuscular hemoglobin in the blood (pg)</description>
  </secondary_outcome>
  <secondary_outcome>
    <measure>Mean corpuscular hemoglobin concentration</measure>
    <time_frame>Weeks 0, 6, 14, 26</time_frame>
    <description>clinical lab evaluation of mean corpuscular hemoglobin in the blood (g/dL)</description>
  </secondary_outcome>
  <secondary_outcome>
    <measure>Red cell distribution width</measure>
    <time_frame>Weeks 0, 6, 14, 26</time_frame>
    <description>clinical lab evaluation of red blood cell distribution width in the blood (%)</description>
  </secondary_outcome>
  <secondary_outcome>
    <measure>Neutrophils</measure>
    <time_frame>Weeks 0, 6, 14, 26</time_frame>
    <description>clinical lab evaluation of neutrophils in the blood (%)</description>
  </secondary_outcome>
  <secondary_outcome>
    <measure>Lymphs</measure>
    <time_frame>Weeks 0, 6, 14, 26</time_frame>
    <description>clinical lab evaluation of lymphocytes in the blood (%)</description>
  </secondary_outcome>
  <secondary_outcome>
    <measure>Monocytes</measure>
    <time_frame>Weeks 0, 6, 14, 26</time_frame>
    <description>clinical lab evaluation of monocytes in the blood (%)</description>
  </secondary_outcome>
  <secondary_outcome>
    <measure>Eos</measure>
    <time_frame>Weeks 0, 6, 14, 26</time_frame>
    <description>clinical lab evaluation of eosinophils in the blood (%)</description>
  </secondary_outcome>
  <secondary_outcome>
    <measure>Basophils</measure>
    <time_frame>Weeks 0, 6, 14, 26</time_frame>
    <description>clinical lab evaluation of basophils in the blood (%)</description>
  </secondary_outcome>
  <secondary_outcome>
    <measure>Absolute neutrophils</measure>
    <time_frame>Weeks 0, 6, 14, 26</time_frame>
    <description>clinical lab evaluation of absolute neutrophils in the blood (x 10^3/uL)</description>
  </secondary_outcome>
  <secondary_outcome>
    <measure>Absolute lymphs</measure>
    <time_frame>Weeks 0, 6, 14, 26</time_frame>
    <description>clinical lab evaluation of absolute lymphs in the blood (x 10^3/uL)</description>
  </secondary_outcome>
  <secondary_outcome>
    <measure>Absolute monocytes</measure>
    <time_frame>Weeks 0, 6, 14, 26</time_frame>
    <description>clinical lab evaluation of absolute monocytes in the blood (x 10^3/uL)</description>
  </secondary_outcome>
  <secondary_outcome>
    <measure>Absolute eosinophils</measure>
    <time_frame>Weeks 0, 6, 14, 26</time_frame>
    <description>clinical lab evaluation of absolute eosinophils in the blood (x 10^3/uL)</description>
  </secondary_outcome>
  <secondary_outcome>
    <measure>Absolute basophils</measure>
    <time_frame>Weeks 0, 6, 14, 26</time_frame>
    <description>clinical lab evaluation of absolute basophils in the blood (x 10^3/uL)</description>
  </secondary_outcome>
  <secondary_outcome>
    <measure>Immature granulocytes</measure>
    <time_frame>Weeks 0, 6, 14, 26</time_frame>
    <description>clinical lab evaluation of granulocytes in the blood (%)</description>
  </secondary_outcome>
  <secondary_outcome>
    <measure>Absolute Immature granulocytes</measure>
    <time_frame>Weeks 0, 6, 14, 26</time_frame>
    <description>clinical lab evaluation of granulocytes in the blood (x 10^3/uL)</description>
  </secondary_outcome>
  <secondary_outcome>
    <measure>Platelets</measure>
    <time_frame>Weeks 0, 6, 14, 26</time_frame>
    <description>clinical lab evaluation of platelets in the blood (x 10^3/uL)</description>
  </secondary_outcome>
  <secondary_outcome>
    <measure>Prothrombin time</measure>
    <time_frame>Weeks 0, 6, 14, 26</time_frame>
    <description>clinical lab evaluation of time for blood to coagulate (seconds)</description>
  </secondary_outcome>
  <secondary_outcome>
    <measure>INR</measure>
    <time_frame>Weeks 0, 6, 14, 26</time_frame>
    <description>clinical lab evaluation of international normalized ratio of blood coagulation (no unit)</description>
  </secondary_outcome>
  <secondary_outcome>
    <measure>TNFalpha</measure>
    <time_frame>Weeks 0, 6, 14, 26</time_frame>
    <description>clinical lab evaluation of tumor necrosis factor alpha in the blood (pg/mL)</description>
  </secondary_outcome>
  <secondary_outcome>
    <measure>Interleukin-6</measure>
    <time_frame>Weeks 0, 6, 14, 26</time_frame>
    <description>clinical lab evaluation of interleukin-6 in the blood (pg/mL)</description>
  </secondary_outcome>
  <secondary_outcome>
    <measure>Interleukin-10</measure>
    <time_frame>Weeks 0, 6, 14, 26</time_frame>
    <description>clinical lab evaluation of interleukin-10 in the blood (pg/mL)</description>
  </secondary_outcome>
  <secondary_outcome>
    <measure>C-reactive protein</measure>
    <time_frame>Weeks 0, 6, 14, 26</time_frame>
    <description>clinical lab evaluation of interleukin-10 in the blood (mg/L)</description>
  </secondary_outcome>
  <secondary_outcome>
    <measure>SF-36</measure>
    <time_frame>Weeks 0, 6, 14, 26</time_frame>
    <description>Short-form 36 Health Survey; scored on a scale of 0-100; lower score equals more disability.</description>
  </secondary_outcome>
  <secondary_outcome>
    <measure>PHQ-9</measure>
    <time_frame>Weeks 0, 6, 14, 26</time_frame>
    <description>Depression module; scores DSM-IV criteria 0-3 to monitor severity of depression.</description>
  </secondary_outcome>
  <number_of_arms>1</number_of_arms>
  <enrollment type="Anticipated">56</enrollment>
  <condition>COVID-19</condition>
  <arm_group>
    <arm_group_label>HB-adMSCs</arm_group_label>
    <arm_group_type>Experimental</arm_group_type>
    <description>Five IV infusions of autologous, adipose-derived mesenchymal stem cells. Baseline laboratory data will be collected prior to first infusion; follow-up data will be compared against baseline according to the following schedule: safety lab follow ups at weeks 6, 14, 26; inflammatory marker follow ups at weeks 6, 14, 26; SF-36 and PHQ-9 Questionnaires at weeks 2,6,10, 14, 18, 22, 26.</description>
  </arm_group>
  <intervention>
    <intervention_type>Drug</intervention_type>
    <intervention_name>HB-adMSCs</intervention_name>
    <description>Five IV infusion of autologous adipose-derived mesenchymal stem cells. Baseline laboratory values will be collected prior to first infusion and compared at following visits. Safety labs will be assessed at weeks 6, 14, 26. Inflammatory markers will be assessed at weeks 6, 14, 26. SF-36 and PHQ-9 questionnaires will be assessed at weeks 2,6,10,14,18,22,26.</description>
    <arm_group_label>HB-adMSCs</arm_group_label>
  </intervention>
  <eligibility>
    <criteria>
      <textblock>
        Inclusion Criteria:&#xD;
&#xD;
        Subjects must meet the criteria for 1,2, OR 3, AND 4-7 to be eligible.&#xD;
&#xD;
          1. Men, and women over 65 years of age inclusively (according to CDC provisions) OR&#xD;
&#xD;
          2. Participant works in healthcare facility or other well characterized high-risk&#xD;
             environment OR&#xD;
&#xD;
          3. Has underlying conditions including but not limited to cardiopathies, diabetes&#xD;
             mellitus, cancer, COPD, asthma or any other systemic autoimmune disease.&#xD;
&#xD;
          4. Subject must have previously banked their cells at Hope Biosciences&#xD;
&#xD;
          5. No signs or symptoms of infection, including but not limited to, body temperature &gt;100&#xD;
             F and pulse rate &gt; 100 BPM.&#xD;
&#xD;
          6. Subject provides written informed consent prior to initiation of any study procedures.&#xD;
&#xD;
          7. Agrees to the collection of venous blood per protocol.&#xD;
&#xD;
        Exclusion Criteria:&#xD;
&#xD;
        Subjects must not have any of the following criteria to be eligible.&#xD;
&#xD;
          1. Patients who are participating in other clinical trials or have intake of&#xD;
             investigational drug within the previous 30 days;&#xD;
&#xD;
          2. Inability to provide informed consent or to comply with test requirements;&#xD;
&#xD;
          3. Any medical disease or condition that, in the opinion of the site PI or&#xD;
             sub-investigator, precludes study participation. Including acute, subacute,&#xD;
             intermittent or chronic medical disease or condition that would place the subject at&#xD;
             an unacceptable risk of injury, render the subject unable to meet the requirements of&#xD;
             the protocol, or may interfere with the evaluation of responses or the subject's&#xD;
             successful completion of this trial.&#xD;
&#xD;
          4. Patients who have received a stem cell treatment within one year.&#xD;
&#xD;
          5. Receipt of any other SARS-CoV-2 or other experimental coronavirus vaccine at any time&#xD;
             prior to or during the study.&#xD;
      </textblock>
    </criteria>
    <gender>All</gender>
    <minimum_age>N/A</minimum_age>
    <maximum_age>N/A</maximum_age>
    <healthy_volunteers>Accepts Healthy Volunteers</healthy_volunteers>
  </eligibility>
  <overall_official>
    <last_name>Thanh Cheng, MD</last_name>
    <role>Principal Investigator</role>
    <affiliation>Hope Biosciences Stem Cell Research Foundation</affiliation>
  </overall_official>
  <location>
    <facility>
      <name>Hope Biosciences Stem Cell Research Foundation</name>
      <address>
        <city>Sugar Land</city>
        <state>Texas</state>
        <zip>77478</zip>
        <country>United States</country>
      </address>
    </facility>
  </location>
  <location_countries>
    <country>United States</country>
  </location_countries>
  <verification_date>October 2020</verification_date>
  <study_first_submitted>April 6, 2020</study_first_submitted>
  <study_first_submitted_qc>April 14, 2020</study_first_submitted_qc>
  <study_first_posted type="Actual">April 16, 2020</study_first_posted>
  <last_update_submitted>October 21, 2020</last_update_submitted>
  <last_update_submitted_qc>October 21, 2020</last_update_submitted_qc>
  <last_update_posted type="Actual">October 23, 2020</last_update_posted>
  <responsible_party>
    <responsible_party_type>Sponsor</responsible_party_type>
  </responsible_party>
  <keyword>Coronavirus</keyword>
  <keyword>Prevention</keyword>
  <keyword>Immune support</keyword>
  <keyword>stem cells</keyword>
  <keyword>mesenchymal stem cells</keyword>
  <keyword>adipose-derived mesenchymal stem cells</keyword>
  <patient_data>
    <sharing_ipd>No</sharing_ipd>
  </patient_data>
  <!-- Results have not yet been posted for this study                                          -->
</clinical_study>

