<?xml version="1.0" encoding="UTF-8"?>
<clinical_study rank="4804">
  <!-- This xml conforms to an XML Schema at:
    https://clinicaltrials.gov/ct2/html/images/info/public.xsd -->
  <required_header>
    <download_date>ClinicalTrials.gov processed this data on February 18, 2021</download_date>
    <link_text>Link to the current ClinicalTrials.gov record.</link_text>
    <url>https://clinicaltrials.gov/show/NCT04247620</url>
  </required_header>
  <id_info>
    <org_study_id>H-45360</org_study_id>
    <secondary_id>1R01DK119246</secondary_id>
    <nct_id>NCT04247620</nct_id>
  </id_info>
  <brief_title>DiaBetter Together for Young Adults With Type 1 Diabetes</brief_title>
  <acronym>DiaBetter</acronym>
  <official_title>DiaBetter Together: A Strengths-based, Peer Mentor Transition RCT for Young Adults With Type 1 Diabetes</official_title>
  <sponsors>
    <lead_sponsor>
      <agency>Baylor College of Medicine</agency>
      <agency_class>Other</agency_class>
    </lead_sponsor>
    <collaborator>
      <agency>National Institute of Diabetes and Digestive and Kidney Diseases (NIDDK)</agency>
      <agency_class>NIH</agency_class>
    </collaborator>
    <collaborator>
      <agency>Children's National Research Institute</agency>
      <agency_class>Other</agency_class>
    </collaborator>
  </sponsors>
  <source>Baylor College of Medicine</source>
  <oversight_info>
    <has_dmc>Yes</has_dmc>
    <is_fda_regulated_drug>No</is_fda_regulated_drug>
    <is_fda_regulated_device>No</is_fda_regulated_device>
  </oversight_info>
  <brief_summary>
    <textblock>
      DiaBetter Together is a strengths-based peer support intervention delivered to young adults&#xD;
      (age 17-25) by trained Peer Mentors (age 20-35) during the transition between pediatric and&#xD;
      adult diabetes care. The aims of this proposed randomized controlled trial are to evaluate&#xD;
      the impact of the intervention on glycemic control (primary), time to first adult care visit,&#xD;
      adherence, and psychosocial outcomes (secondary) in young adults with T1D after 12 months.&#xD;
    </textblock>
  </brief_summary>
  <detailed_description>
    <textblock>
      DiaBetter Together is a strengths based peer support intervention delivered to young adults&#xD;
      (age 17-25) by trained Peer Mentors (age 20-35) during the transition between pediatric and&#xD;
      adult diabetes care. The study aims to optimize transition in T1D by leveraging and building&#xD;
      on young adults' diabetes strengths, self-management skills, and social supports. This&#xD;
      intervention will maximize protective processes that can facilitate optimal transition by&#xD;
      training Peer Mentors (experienced young adults with T1D who have successfully established&#xD;
      care in an adult setting) to provide relevant information about successful transition, teach&#xD;
      strengths-based skills for managing transition-related challenges, share personal&#xD;
      transition-related experiences, encourage young adults to access their social support&#xD;
      network, and serve as a positive role model. Delivery of these strengths-based intervention&#xD;
      components through a Peer Mentor has potential to reduce isolation, increase access to&#xD;
      relevant information, and facilitate engagement with self-management and T1D care. This&#xD;
      intervention is a complement to existing systems of care for young adults with T1D for 12&#xD;
      months as they leave the pediatric setting.&#xD;
    </textblock>
  </detailed_description>
  <overall_status>Enrolling by invitation</overall_status>
  <start_date type="Actual">December 15, 2020</start_date>
  <completion_date type="Anticipated">June 2024</completion_date>
  <primary_completion_date type="Anticipated">June 2024</primary_completion_date>
  <phase>N/A</phase>
  <study_type>Interventional</study_type>
  <has_expanded_access>No</has_expanded_access>
  <study_design_info>
    <allocation>Randomized</allocation>
    <intervention_model>Parallel Assignment</intervention_model>
    <intervention_model_description>A parallel two-group design will be used to evaluate the intervention among n=150 young adults randomly assigned to the peer support intervention or usual care (1:1). All young adults are randomized to either an intervention group, in which they all receive the same treatment in addition to usual diabetes care, or a control group, in which they receive usual diabetes care without the additional intervention. Young adult participants will be in the study for 12 months.&#xD;
Peer Mentor participants (up to n=36) will deliver the intervention to young adults randomized to the intervention group, and their outcomes related to being a Peer Mentor will also be evaluated pre-post.</intervention_model_description>
    <primary_purpose>Supportive Care</primary_purpose>
    <masking>Single (Outcomes Assessor)</masking>
    <masking_description>Participants will be aware of their assignment to intervention or control, as will the investigators. However, the person collecting HbA1c (primary outcome) at baseline and follow-up (12 mo) will not be aware of the participant's assignment in the intervention.</masking_description>
  </study_design_info>
  <primary_outcome>
    <measure>Glycemic Control (HbA1c)</measure>
    <time_frame>Baseline through 12-Month Post-Randomization</time_frame>
    <description>HbA1c is the average blood glucose over 3-4 months. The American Diabetes Association recommends an HbA1c target of &lt;7.0%. HbA1c is collected via fingerstick/blood assay at routine diabetes visits and will be extracted from the medical record at each clinic visit during the study period.&#xD;
At Baseline and 12 months, HbA1c will be collected using the following methods:&#xD;
Collection of most recent HbA1c from review of electronic medical chart (Texas Children's or Baylor College of Medicine) or medical records from outside provider (obtained with written permission from participant).&#xD;
A dried blood spot at-home Hemoglobin A1c kit (Whatman 903 card, BD Microtainer HI-Flow Contact-Activated Lancet) will be mailed to the participant to complete and return to the study team for analysis on the Vitros 4600 HbA1c assay (correlated with the DCA 2000).&#xD;
Collected for young adult participants in both arms, not Peer Mentors.</description>
  </primary_outcome>
  <secondary_outcome>
    <measure>Time to First Adult Care Visit</measure>
    <time_frame>12-Month Post-Randomization</time_frame>
    <description>Time will start on the date of the last pediatric care visit (may differ from date of enrollment in study). The event of interest is the date of the first adult care visit. Participants who do not follow-up with an adult care provider within 12 months of the last pediatric visit will be censored for the event at the 12-month time point.&#xD;
Collected for young adult participants in both arms, not Peer Mentors.</description>
  </secondary_outcome>
  <secondary_outcome>
    <measure>Diabetes Self-Management/Adherence (Self-Care Inventory-Revised, Short Form)</measure>
    <time_frame>Baseline, 6-Month Post-Randomization, &amp; 12-Month Post-Randomization</time_frame>
    <description>The Self-Care Inventory-Revised, Short Form (SCI-RSF) is a 9-item measure that asks respondents the frequency with which they completed diabetes self-management tasks in the past 1-2 months. Item responses range from (1) Never to (5) Always, higher scores = higher adherence.&#xD;
Collected for young adult participants in both arms (baseline, 6 mo, 12 mo) and Peer Mentors (pre- and post-involvement in study).</description>
  </secondary_outcome>
  <secondary_outcome>
    <measure>Health-Related Quality of Life (Type 1 Diabetes and Life)</measure>
    <time_frame>Baseline and 12-Month Post-Randomization</time_frame>
    <description>The Type 1 Diabetes and Life (T1DAL) measure assesses diabetes-specific health-related quality of life. Participants will complete the T1DAL version for their age (Adolescent: 12-17, 23 items; Young Adult: 18-25, 27 items; Adult-1: 26-45, 27 items), which asks respondents to rate the degree to which each item is true about their everyday quality of life with diabetes. Items responses range from 1 (not at all true) to 5 (very true) and total and sub-scales scores are calculated from 1-100 (higher = better quality of life).&#xD;
Collected for young adult participants in both arms (baseline and 12 mo) and Peer Mentors (pre- and post-involvement in study).</description>
  </secondary_outcome>
  <secondary_outcome>
    <measure>Diabetes Strengths (Diabetes Strengths and Resilience measure)</measure>
    <time_frame>Baseline, 6-Month Post-Randomization, &amp; 12-Month Post-Randomization</time_frame>
    <description>The Diabetes Strengths and Resilience (DSTAR) measure assesses participants' self-perceptions about what they do well with diabetes (known as diabetes strengths). Participants will complete the Young Adult version of the DSTAR, which asks respondents to rate how often the items represent their experiences/perspectives about their diabetes strengths. Items responses range from 0 (never) to 4 (almost always) and are calculated for total and subscale scores (higher = more strengths).&#xD;
Collected for young adult participants in both arms, not Peer Mentors.</description>
  </secondary_outcome>
  <secondary_outcome>
    <measure>Social Support (Brief 2-Way Social Support Scale)</measure>
    <time_frame>Baseline, 6-Month Post-Randomization, &amp; 12-Month Post-Randomization</time_frame>
    <description>The Brief 2-Way Social Support Scale (Brief-2SSS) is a 12-item measure that assesses participants' experiences of giving and receiving social support. There are four scales: giving emotional support, giving instrumental support, receiving emotional support, and receiving instrumental support. Items responses range from 0 (not at all) to 5 (always) and are calculated for total and subscale scores (higher = more perceived support).&#xD;
Collected for young adult participants in both arms (baseline, 6, &amp; 12 mos) and Peer Mentors (pre- and post-involvement in study).</description>
  </secondary_outcome>
  <secondary_outcome>
    <measure>Diabetes Distress (Diabetes Distress Scale for Adults with T1D)</measure>
    <time_frame>Baseline, 6-Month Post-Randomization, &amp; 12-Month Post-Randomization</time_frame>
    <description>The Diabetes Distress Scale for Adults with T1D (DDS-T1D) is a 28-item self-report scale that measures participants' experiences with distress related to living with diabetes. It assesses seven dimensions of distress: powerlessness, management distress, hypoglycemia distress, negative social perceptions, eating distress, physician distress, and friends/family distress. Items responses range from 1 (not a problem) to 6 (a very serious problem) and are calculated for total and subscale scores (higher = more distress).&#xD;
Collected for young adult participants in both arms (baseline, 6 mo, 12 mo) and Peer Mentors (pre- and post-involvement in study).</description>
  </secondary_outcome>
  <secondary_outcome>
    <measure>Depressive Symptoms (PROMIS Short Form Depression 4a)</measure>
    <time_frame>Baseline, 6-Month Post-Randomization, &amp; 12-Month Post-Randomization</time_frame>
    <description>The PROMIS Short Form Depression 4a consists of 4 items that are pulled from the PROMIS Depression Item Bank v1.0. These items assess how often the individual has been bothered by depression-related symptoms, including negative mood (sadness, guilt), views of self (self-criticism, worthlessness), and social cognition (loneliness, interpersonal alienation), and decreased positive affect and engagement (loss of interest, meaning, and purpose), over the last 7 days. Items responses range from 1 (never) to 6 (always) and are calculated into a total score (higher = more depressive symptoms).&#xD;
Collected for young adult participants in both arms, not Peer Mentors.</description>
  </secondary_outcome>
  <secondary_outcome>
    <measure>Emotional Support (PROMIS Short Form Emotional Support 4a)</measure>
    <time_frame>Baseline, 6-Month Post-Randomization, &amp; 12-Month Post-Randomization</time_frame>
    <description>The PROMIS Short Form Emotional Support 4a assesses perceived feelings of being cared for and valued as a person and having supportive relationships. Participants respond to 4 items on a scale from 1(Never) to 5 (Always) and are calculated into a total score (higher = more perceived support).&#xD;
Collected for young adult participants in both arms, not Peer Mentors.</description>
  </secondary_outcome>
  <secondary_outcome>
    <measure>Informational Support (PROMIS Short Form Informational Support 4a)</measure>
    <time_frame>Baseline, 6-Month Post-Randomization, &amp; 12-Month Post-Randomization</time_frame>
    <description>The PROMIS Short Form Informational Support 4a assesses perceptions about the information or resources others provide to them (adequacy, availability, helpfulness). Participants respond to 4 items on a scale from 1(Never) to 5 (Always) and are calculated into a total score (higher = more perceived support).&#xD;
Collected for young adult participants in both arms, not Peer Mentors.</description>
  </secondary_outcome>
  <secondary_outcome>
    <measure>Social Isolation (PROMIS Short Form Social Isolation item)</measure>
    <time_frame>Baseline, 6-Month Post-Randomization, &amp; 12-Month Post-Randomization</time_frame>
    <description>The PROMIS Short Form Social Isolation item is a single-item measure from the PROMIS item bank that assesses participants' feelings of being isolated from other people. There is no time frame for responding to this measure. Participants respond to 1 item on a scale from 1 (Never) to 5 (Always), which is calculated into a total score (higher = more perceived isolation).&#xD;
Collected for young adult participants in both arms (baseline, 6, &amp; 12 mos), not Peer Mentors.</description>
  </secondary_outcome>
  <secondary_outcome>
    <measure>Transition Readiness (Readiness Assessment of Emerging Adults With Type 1 Diabetes Diagnosed in Youth)</measure>
    <time_frame>Baseline, 6-Month Post-Randomization, &amp; 12-Month Post-Randomization</time_frame>
    <description>The Readiness Assessment of Emerging Adults With Type 1 Diabetes Diagnosed in Youth (READDY) is a 46-item self-report scale that measures participants' preparation for the transition to adult diabetes care, including: knowledge of diabetes, navigation of diabetes care, management skills and behaviors, and insulin pump skills if applicable. Only 18 items from the 3 subscales [Knowledge (4 items - baseline and 12 mos only), Navigation (13 items, baseline, 6 and 12 mos), Health Behaviors (1 item, baseline and 12 mo only)] will be administered for this study. Items responses range from 0 (haven't thought about it) to 5 (yes, I can do this) and are calculated for a total score (higher = more ready).&#xD;
Collected for young adult participants in both arms (baseline, 6, &amp; 12 mos), not Peer Mentors.</description>
  </secondary_outcome>
  <secondary_outcome>
    <measure>General Quality of Life (Satisfaction with Life Scale)</measure>
    <time_frame>Baseline and 12-Month Post-Randomization</time_frame>
    <description>The Satisfaction with Life Scale (SWLS) is a 5-item self-report scale that measures participants' perceptions about their life overall. Items responses range from 1 (strongly disagree) to 7 (strongly agree) and are calculated for a total score (higher = better quality of life).&#xD;
Collected for young adult participants in both arms (baseline and 12 mo), not Peer Mentors.</description>
  </secondary_outcome>
  <secondary_outcome>
    <measure>Subjective Sleep Experiences (Pittsburgh Sleep Quality Index - Revised)</measure>
    <time_frame>Baseline and 12-Month Post-Randomization</time_frame>
    <description>The Pittsburgh Sleep Quality Index (PSQI) - Revised is a 9-item, self-report scale that measures several aspects of participants' sleep, including subjective sleep quality, sleep latency, sleep duration, sleep efficiency, sleep disturbance, and diabetes-related sleep disturbance (new items - not in original measure). This revised version excludes the following components from the original measure: daytime dysfunction and use of sleep-promoting medication. Participants complete 4 open-ended items on sleep latency, efficiency, and duration, 4 scaled-response items on sleep disturbance and diabetes-related sleep disturbance ranging from 0 (Not during past month) to 3 (Three or more times a week), and 1 scaled-response item on subjective sleep quality ranging from 0 (Very good) to 3 (Very bad). A global score is not calculated; subscales are calculated independently (higher = worse sleep quality).&#xD;
Collected for young adult participants in both arms (baseline and 12 mo), not Peer Mentors.</description>
  </secondary_outcome>
  <secondary_outcome>
    <measure>COVID-19 Protective Behaviors (Oelsner MESA COVID-19 - Revised)</measure>
    <time_frame>Baseline and 12-Month Post-Randomization</time_frame>
    <description>The Oelsner MESA COVID-19 - Revised is a 10-item self-report scale that measures participants' social distancing and hygiene behaviors during the COVID-19 pandemic. Participants rate how often they engaged in specific precautionary behaviors at the peak of the pandemic (Spring/Summer 2020) and over the past month. Item responses range from 0 (Never) to 4 (Always) and are calculated for a total score (higher = engaged in precautionary behaviors more frequently).&#xD;
Collected for young adult participants in both arms (baseline and 12 mo) and Peer Mentors (pre-involvement in study).</description>
  </secondary_outcome>
  <secondary_outcome>
    <measure>COVID-19 Experiences (COVID-19 Experiences Questionnaire for Young Adults with T1D)</measure>
    <time_frame>Baseline and 12-Month Post-Randomization</time_frame>
    <description>The COVID-19 Experiences Questionnaire for Young Adults with T1D (CEQ-YAD) is a 33-item, self-report questionnaire assessing how the COVID-19 pandemic impacted young adults with type 1 diabetes, including items about: (1) overall impact of the COVID-19 pandemic, (2) changes in life circumstances due to the pandemic, (3) self and family exposure to COVID-19, (4) changes in diabetes management due to the pandemic, and (5) changes in everyday activities and mood due to the pandemic. It uses mixed-methods, including scaled, Yes/No, and open-ended items asking about participants' experiences during the peak of the pandemic (Spring/Summer 2020) and over the past 12 months. A total score is calculated by summing response values from scaled and Yes/No items (higher = most negative/worst impact from COVID-19 pandemic).&#xD;
Collected for young adult participants in both arms (baseline and 12 mo) and Peer Mentors (pre-involvement in study).</description>
  </secondary_outcome>
  <secondary_outcome>
    <measure>Stressful Events (Stressful Event Questionnaire)</measure>
    <time_frame>Baseline and 12-Month Post-Randomization</time_frame>
    <description>The Stressful Event Questionnaire assess the number and types of stressful life events experienced during the past year. Participants are asked to select any stressful life events from a list (for example: financial stressors, legal troubles, change in employment, etc.) and to include any stressful events experienced that are not already listed. A total score is calculated by summing the number of events selected or included by the participant (higher = more stressful live events experienced).&#xD;
Collected for young adult participants in both arms (baseline and 12 mo), not Peer Mentors.</description>
  </secondary_outcome>
  <number_of_arms>3</number_of_arms>
  <enrollment type="Anticipated">186</enrollment>
  <condition>Type 1 Diabetes</condition>
  <arm_group>
    <arm_group_label>DiaBetter Together Intervention</arm_group_label>
    <arm_group_type>Experimental</arm_group_type>
    <description>Young Adult participants with type 1 diabetes (ages 17-25) who are approaching transfer from pediatric to adult care will be randomized to either the DiaBetter Together Intervention group or the Usual Care group. After randomization to the intervention group, young adults will be assigned a Peer Mentor. Following an intervention manual, the Peer Mentor will teach behavioral strategies and offer support to the young adult. In both conditions, participation in this study will not impact participants' ability to contact the pediatric TCH diabetes care team or any other medical services to receive medical care.</description>
  </arm_group>
  <arm_group>
    <arm_group_label>Peer Mentors</arm_group_label>
    <arm_group_type>Other</arm_group_type>
    <description>Peer Mentors will deliver the DiaBetter Together intervention and will also be enrolled as study participants to permit assessment of their own outcomes from delivering this peer support intervention to younger people with diabetes. Peer Mentors will be experienced young adults with T1D who have transferred to adult diabetes care.</description>
  </arm_group>
  <arm_group>
    <arm_group_label>Usual Care</arm_group_label>
    <arm_group_type>No Intervention</arm_group_type>
    <description>Participants randomized to the comparison condition will receive usual diabetes care only, without additional intervention through the study. They will participate in all study activities related to data collection, but will not receive the Peer Mentor intervention. In both conditions, participation in this study will not impact participants' ability to contact the pediatric TCH diabetes care team or any other medical services to receive medical care.</description>
  </arm_group>
  <intervention>
    <intervention_type>Behavioral</intervention_type>
    <intervention_name>DiaBetter Together</intervention_name>
    <description>Following an intervention manual, the Peer Mentor will teach behavioral strategies and offer support to the young adult, including (a) teaching and modeling strengths-based skills for goal-setting, problem-solving, and stress management; (b) guiding participants in obtaining support from their social support network (e.g., family, friends); (c) developing a plan for accountability around diabetes management and follow-up in adult care; (d) sharing his/her transition experiences and strategies for successfully navigating the adult healthcare system; (e) discussing how to prioritize diabetes self-care; and (f) assisting them in accessing diabetes-related resources (e.g., local diabetes groups, apps, social media).&#xD;
Contact will be in-person and by telephone, email, text messaging, and/or video chat, approximately weekly for first 6 mos, and approximately monthly for second 6 mos.&#xD;
Participants will receive the intervention in addition to usual diabetes care.</description>
    <arm_group_label>DiaBetter Together Intervention</arm_group_label>
  </intervention>
  <intervention>
    <intervention_type>Behavioral</intervention_type>
    <intervention_name>Peer Mentor Delivery</intervention_name>
    <description>Peer Mentors deliver the intervention to multiple young adult participants, each for 12 months. Peer Mentors may take on one or more participants at a time, and Peer Mentors may stay in their role in the study (delivering the intervention) for 1-3 years.</description>
    <arm_group_label>Peer Mentors</arm_group_label>
  </intervention>
  <eligibility>
    <criteria>
      <textblock>
        Young Adult Inclusion/Exclusion Criteria&#xD;
&#xD;
        Inclusion Criteria:&#xD;
&#xD;
          -  has a diagnosis of type 1 diabetes of at least 1 year&#xD;
&#xD;
          -  currently receiving care at a Texas Children's Hospital Diabetes Care Center location&#xD;
&#xD;
          -  is between the ages of 17-25 years at enrollment&#xD;
&#xD;
          -  exhibits fluency in reading/speaking English&#xD;
&#xD;
          -  their endocrine provider confirmed plans to transfer to adult provider in the next 6&#xD;
             months&#xD;
&#xD;
        Exclusion Criteria:&#xD;
&#xD;
          -  serious medical, cognitive, or mental health comorbidity that would preclude ability&#xD;
             to provide informed consent or participate in data collection or intervention&#xD;
&#xD;
          -  have participated in another intervention study in the previous 6 months prior to&#xD;
             enrollment&#xD;
&#xD;
        Peer Mentor Inclusion/Exclusion Criteria&#xD;
&#xD;
        Inclusion Criteria:&#xD;
&#xD;
          -  was diagnosed with type 1 diabetes before age 18&#xD;
&#xD;
          -  has a diagnosis of type 1 diabetes of at least 1 years&#xD;
&#xD;
          -  is between the ages of 20-35 at enrollment&#xD;
&#xD;
          -  has been previously treated in pediatric care and is currently treated in adult care&#xD;
&#xD;
          -  demonstrated interest and ability to effectively deliver the peer intervention &amp;&#xD;
&#xD;
          -  exhibits fluency in reading/speaking English&#xD;
&#xD;
        Exclusion Criteria:&#xD;
&#xD;
          -  serious medical, cognitive, or mental health comorbidity that would preclude ability&#xD;
             to fulfill role or complete questionnaires.&#xD;
      </textblock>
    </criteria>
    <gender>All</gender>
    <minimum_age>17 Years</minimum_age>
    <maximum_age>35 Years</maximum_age>
    <healthy_volunteers>No</healthy_volunteers>
  </eligibility>
  <overall_official>
    <last_name>Marisa E Hilliard, PhD</last_name>
    <role>Principal Investigator</role>
    <affiliation>Baylor College of Medicine</affiliation>
  </overall_official>
  <location>
    <facility>
      <name>Baylor College of Medicine</name>
      <address>
        <city>Houston</city>
        <state>Texas</state>
        <zip>77030</zip>
        <country>United States</country>
      </address>
    </facility>
  </location>
  <location_countries>
    <country>United States</country>
  </location_countries>
  <verification_date>December 2020</verification_date>
  <study_first_submitted>January 28, 2020</study_first_submitted>
  <study_first_submitted_qc>January 28, 2020</study_first_submitted_qc>
  <study_first_posted type="Actual">January 30, 2020</study_first_posted>
  <last_update_submitted>December 22, 2020</last_update_submitted>
  <last_update_submitted_qc>December 22, 2020</last_update_submitted_qc>
  <last_update_posted type="Actual">December 23, 2020</last_update_posted>
  <responsible_party>
    <responsible_party_type>Principal Investigator</responsible_party_type>
    <investigator_affiliation>Baylor College of Medicine</investigator_affiliation>
    <investigator_full_name>Marisa Hilliard</investigator_full_name>
    <investigator_title>Associate Professor of Pediatrics</investigator_title>
  </responsible_party>
  <keyword>Peer Support</keyword>
  <keyword>Adherence</keyword>
  <keyword>Young Adult</keyword>
  <keyword>Quality of Life</keyword>
  <keyword>Transition</keyword>
  <keyword>Resilience</keyword>
  <keyword>Strengths-based</keyword>
  <keyword>Sleep</keyword>
  <keyword>COVID-19 Experiences</keyword>
  <condition_browse>
    <!-- CAUTION:  The following MeSH terms are assigned with an imperfect algorithm            -->
    <mesh_term>Diabetes Mellitus</mesh_term>
    <mesh_term>Diabetes Mellitus, Type 1</mesh_term>
  </condition_browse>
  <patient_data>
    <sharing_ipd>Yes</sharing_ipd>
    <ipd_description>Participants receive informed consent form, and other participant data is not returned to participant.</ipd_description>
    <ipd_info_type>Informed Consent Form (ICF)</ipd_info_type>
    <ipd_time_frame>Receive copy of signed informed consent form upon signing</ipd_time_frame>
    <ipd_access_criteria>All participants receive copy of signed informed consent form</ipd_access_criteria>
  </patient_data>
  <!-- Results have not yet been posted for this study                                          -->
</clinical_study>

