<?xml version="1.0" encoding="UTF-8"?>
<clinical_study rank="2683">
  <!-- This xml conforms to an XML Schema at:
    https://clinicaltrials.gov/ct2/html/images/info/public.xsd -->
  <required_header>
    <download_date>ClinicalTrials.gov processed this data on February 18, 2021</download_date>
    <link_text>Link to the current ClinicalTrials.gov record.</link_text>
    <url>https://clinicaltrials.gov/show/NCT04362267</url>
  </required_header>
  <id_info>
    <org_study_id>2020_34</org_study_id>
    <secondary_id>2020-A00950-39</secondary_id>
    <nct_id>NCT04362267</nct_id>
  </id_info>
  <brief_title>Longitudinal Study of Covid-19 Infection Among HCW in a French University Hospital</brief_title>
  <acronym>PRECOVIA</acronym>
  <official_title>Incidence of SARS-Cov2 Infection Among HCW in Lille University Hospital</official_title>
  <sponsors>
    <lead_sponsor>
      <agency>University Hospital, Lille</agency>
      <agency_class>Other</agency_class>
    </lead_sponsor>
    <collaborator>
      <agency>Fondation Santé Roquette</agency>
      <agency_class>Other</agency_class>
    </collaborator>
  </sponsors>
  <source>University Hospital, Lille</source>
  <oversight_info>
    <has_dmc>No</has_dmc>
    <is_fda_regulated_drug>No</is_fda_regulated_drug>
    <is_fda_regulated_device>No</is_fda_regulated_device>
  </oversight_info>
  <brief_summary>
    <textblock>
      The aim of the study is to determine the incidence o of SARS-cov2 infection among health care&#xD;
      workers highly exposed to covid 19 during 10 weeks et to analyze the determinants of their&#xD;
      occupational and environmental exposure. Every 14 days, we performed SARS-Cov2 RT- PCR,&#xD;
      serological testing and clinical questionnaire among a cohort of 100 HCW with a high degree&#xD;
      of exposure to covid19 infection. Information about occupational exposure as the workplace,&#xD;
      the activity of care, the characteristics of patient infected are captured, as well as&#xD;
      environmental or personal exposure.&#xD;
&#xD;
      The results will support the design of a new care organization and will define new ways of&#xD;
      protection for patients (covid or not covid 19) and prevention for HCW.&#xD;
    </textblock>
  </brief_summary>
  <overall_status>Recruiting</overall_status>
  <start_date type="Actual">June 15, 2020</start_date>
  <completion_date type="Anticipated">September 2020</completion_date>
  <primary_completion_date type="Anticipated">September 2020</primary_completion_date>
  <study_type>Observational</study_type>
  <has_expanded_access>No</has_expanded_access>
  <study_design_info>
    <observational_model>Cohort</observational_model>
    <time_perspective>Cross-Sectional</time_perspective>
  </study_design_info>
  <primary_outcome>
    <measure>the incidence of SARS- Cov2 infection Heath Care Worker diagnosed by the positivity of SARS-Cov2 RT-PCT and serological testing</measure>
    <time_frame>at 14 weeks</time_frame>
  </primary_outcome>
  <secondary_outcome>
    <measure>the incidence of SARS- Cov2 infection Heath Care Worker diagnosed by the positivity of SARS-Cov2 RT-PCT and serological testing</measure>
    <time_frame>once every 14 days for an average of 14 weeks</time_frame>
  </secondary_outcome>
  <secondary_outcome>
    <measure>Occupational exposures associated with the SARS-Cov2 infection</measure>
    <time_frame>once every 14 days for an average of 14 weeks</time_frame>
  </secondary_outcome>
  <secondary_outcome>
    <measure>Environmental exposures associated with the SARS-Cov2 infection</measure>
    <time_frame>once every 14 days for an average of 14 weeks</time_frame>
  </secondary_outcome>
  <enrollment type="Anticipated">150</enrollment>
  <condition>Sars-CoV2</condition>
  <intervention>
    <intervention_type>Other</intervention_type>
    <intervention_name>self-administered questionnaire</intervention_name>
    <description>Every14 days, clinical and occupational questionnaire are performed among a cohort of HCW exposed to covid occupational exposure</description>
    <other_name>a specifically designed self-administered questionnaire</other_name>
  </intervention>
  <intervention>
    <intervention_type>Diagnostic Test</intervention_type>
    <intervention_name>SARS-Cov2 testing</intervention_name>
    <description>Every14 days, SARS-Cov2 RT-PCR, serological testing are performed among a cohort of HCW exposed to covid occupational exposure</description>
  </intervention>
  <eligibility>
    <study_pop>
      <textblock>
        Health Care workers exposed to covid occupational exposure&#xD;
      </textblock>
    </study_pop>
    <sampling_method>Non-Probability Sample</sampling_method>
    <criteria>
      <textblock>
        Inclusion Criteria:&#xD;
&#xD;
        - Health Care workers with covid high exposure during the care activities&#xD;
&#xD;
        Exclusion Criteria:&#xD;
&#xD;
          -  Heath Care Worker with SARS-Cov2 infection ( RT-PCR +) or SARS-Cov2 immunity in&#xD;
             serological testing&#xD;
&#xD;
          -  HCW off work&#xD;
&#xD;
          -  Subjects on leave&#xD;
      </textblock>
    </criteria>
    <gender>All</gender>
    <minimum_age>18 Years</minimum_age>
    <maximum_age>N/A</maximum_age>
    <healthy_volunteers>Accepts Healthy Volunteers</healthy_volunteers>
  </eligibility>
  <overall_official>
    <last_name>Annie SOBASZEK, MD</last_name>
    <role>Principal Investigator</role>
    <affiliation>University Hospital, Lille</affiliation>
  </overall_official>
  <overall_contact>
    <last_name>Annie SOBASZEK, MD,PhD</last_name>
    <phone>03.20.44.43.66</phone>
    <phone_ext>+33</phone_ext>
    <email>annie.sobaszek@chru-lille.fr</email>
  </overall_contact>
  <location>
    <facility>
      <name>Hôpital Claude Huriez, CHU</name>
      <address>
        <city>Lille</city>
        <zip>59037</zip>
        <country>France</country>
      </address>
    </facility>
    <status>Recruiting</status>
    <contact>
      <phone>0320445962</phone>
    </contact>
    <investigator>
      <last_name>Annie Sobaszek, MD,PhD</last_name>
      <role>Principal Investigator</role>
    </investigator>
  </location>
  <location_countries>
    <country>France</country>
  </location_countries>
  <verification_date>April 2020</verification_date>
  <study_first_submitted>April 23, 2020</study_first_submitted>
  <study_first_submitted_qc>April 23, 2020</study_first_submitted_qc>
  <study_first_posted type="Actual">April 24, 2020</study_first_posted>
  <last_update_submitted>August 4, 2020</last_update_submitted>
  <last_update_submitted_qc>August 4, 2020</last_update_submitted_qc>
  <last_update_posted type="Actual">August 6, 2020</last_update_posted>
  <responsible_party>
    <responsible_party_type>Sponsor</responsible_party_type>
  </responsible_party>
  <keyword>Incidence</keyword>
  <keyword>Health Care Workers</keyword>
  <keyword>occupational exposure</keyword>
  <keyword>environmental exposure</keyword>
  <keyword>serological testing</keyword>
  <keyword>RT-PCR</keyword>
  <condition_browse>
    <!-- CAUTION:  The following MeSH terms are assigned with an imperfect algorithm            -->
    <mesh_term>Infection</mesh_term>
  </condition_browse>
  <!-- Results have not yet been posted for this study                                          -->
</clinical_study>

