<?xml version="1.0" encoding="UTF-8"?>
<clinical_study rank="1716">
  <!-- This xml conforms to an XML Schema at:
    https://clinicaltrials.gov/ct2/html/images/info/public.xsd -->
  <required_header>
    <download_date>ClinicalTrials.gov processed this data on February 18, 2021</download_date>
    <link_text>Link to the current ClinicalTrials.gov record.</link_text>
    <url>https://clinicaltrials.gov/show/NCT04330521</url>
  </required_header>
  <id_info>
    <org_study_id>55596</org_study_id>
    <nct_id>NCT04330521</nct_id>
  </id_info>
  <brief_title>Impact of the Coronavirus (COVID-19) on Patients With Cancer</brief_title>
  <official_title>Impact of the Coronavirus (COVID-19) on Patients With Cancer</official_title>
  <sponsors>
    <lead_sponsor>
      <agency>Stanford University</agency>
      <agency_class>Other</agency_class>
    </lead_sponsor>
  </sponsors>
  <source>Stanford University</source>
  <oversight_info>
    <is_fda_regulated_drug>No</is_fda_regulated_drug>
    <is_fda_regulated_device>No</is_fda_regulated_device>
  </oversight_info>
  <brief_summary>
    <textblock>
      The purpose of this study is to understand the impact of COVID-19 on patients with cancer&#xD;
      through a survey.&#xD;
    </textblock>
  </brief_summary>
  <detailed_description>
    <textblock>
      The global spread of coronavirus (COVID-19) is affecting cancer patients and their&#xD;
      treatments. Cancer patients are among those at high risk of developing serious illness from&#xD;
      an infection because their immune systems are often weakened by cancer and its treatments.&#xD;
      Due to the growing coronavirus outbreak, patients clinic visits are being cancelled and many&#xD;
      are facing social isolation and strict restrictions on their daily lives. We want to evaluate&#xD;
      the impact of the coronavirus on the patient's well-being and their cancer care by assessing&#xD;
      the delays in their medical care and any other unmet needs. We have created a survey that is&#xD;
      available online for any patient with cancer to fill out voluntarily regarding their&#xD;
      experiences to date. The survey is available at:&#xD;
      https://stanforduniversity.qualtrics.com/jfe/form/SV_ctKS6ZSMYdEYoXX&#xD;
    </textblock>
  </detailed_description>
  <overall_status>Recruiting</overall_status>
  <start_date type="Actual">April 8, 2020</start_date>
  <completion_date type="Anticipated">May 2022</completion_date>
  <primary_completion_date type="Anticipated">May 2022</primary_completion_date>
  <study_type>Observational</study_type>
  <has_expanded_access>No</has_expanded_access>
  <study_design_info>
    <observational_model>Cohort</observational_model>
    <time_perspective>Retrospective</time_perspective>
  </study_design_info>
  <primary_outcome>
    <measure>Number of participants who fill out the survey and participate in the semi-structured interviews.</measure>
    <time_frame>12 Months</time_frame>
    <description>We will track the number of participants who fill out the survey for the 12 month duration of the study and the number of participants who participate in the semi-structured telephone interviews.</description>
  </primary_outcome>
  <enrollment type="Anticipated">50</enrollment>
  <condition>Cancer</condition>
  <condition>COVID-19</condition>
  <eligibility>
    <study_pop>
      <textblock>
        Individuals who are diagnosed with any cancer diagnosis . We plan to enroll as many&#xD;
        patients as possible in the survey portion of the study - we have no limitation of the&#xD;
        numbers and do not require a specific number to participate although we hope to achieve at&#xD;
        least 50 participants who fill out the survey.&#xD;
&#xD;
        Among survey participants, we plan to enroll 18-30 participants in semi-structured&#xD;
        telephone interviews. These participants will be randomly selected among those who filled&#xD;
        out the survey.&#xD;
&#xD;
        The research procedures are as followed:&#xD;
&#xD;
          1. Survey: An online survey link will include questions regarding the impact patients&#xD;
             with cancer are experiencing during the coronavirus outbreak.&#xD;
&#xD;
          2. Semi-structured Interviews (18-30 participants): For those participants who state that&#xD;
             they would like to participate in an interview, a random sample will be contacted.&#xD;
      </textblock>
    </study_pop>
    <sampling_method>Non-Probability Sample</sampling_method>
    <criteria>
      <textblock>
        Inclusion Criteria:&#xD;
&#xD;
          1. The patients must be 18 years or older.&#xD;
&#xD;
          2. Patients who opt in to complete the survey.&#xD;
&#xD;
          3. Patients must have the capacity to verbally consent for the interview.&#xD;
&#xD;
        Exclusion Criteria:&#xD;
&#xD;
        1.Patients who under the age of 18 years old.&#xD;
      </textblock>
    </criteria>
    <gender>All</gender>
    <minimum_age>18 Years</minimum_age>
    <maximum_age>99 Years</maximum_age>
    <healthy_volunteers>No</healthy_volunteers>
  </eligibility>
  <location>
    <facility>
      <name>Stanford University School of Medicine</name>
      <address>
        <city>Stanford</city>
        <state>California</state>
        <zip>94305</zip>
        <country>United States</country>
      </address>
    </facility>
    <status>Recruiting</status>
    <contact>
      <last_name>Manali I Patel, MD MPH MS</last_name>
      <phone>650-723-4000</phone>
      <email>manalip@stanford.edu</email>
    </contact>
    <investigator>
      <last_name>Manali I Patel, MD MPH MS</last_name>
      <role>Principal Investigator</role>
    </investigator>
  </location>
  <location_countries>
    <country>United States</country>
  </location_countries>
  <link>
    <url>https://stanforduniversity.qualtrics.com/jfe/form/SV_ctKS6ZSMYdEYoXX</url>
    <description>Impact of the novel Coronavirus (COVID-19) on Patients with Cancer Qualtrics Survey</description>
  </link>
  <verification_date>August 2020</verification_date>
  <study_first_submitted>March 30, 2020</study_first_submitted>
  <study_first_submitted_qc>March 31, 2020</study_first_submitted_qc>
  <study_first_posted type="Actual">April 1, 2020</study_first_posted>
  <last_update_submitted>August 20, 2020</last_update_submitted>
  <last_update_submitted_qc>August 20, 2020</last_update_submitted_qc>
  <last_update_posted type="Actual">August 24, 2020</last_update_posted>
  <responsible_party>
    <responsible_party_type>Principal Investigator</responsible_party_type>
    <investigator_affiliation>Stanford University</investigator_affiliation>
    <investigator_full_name>Manali Indravadan Patel</investigator_full_name>
    <investigator_title>Assistant Professor</investigator_title>
  </responsible_party>
  <keyword>Coronavirus</keyword>
  <keyword>COVID-19</keyword>
  <keyword>Cancer</keyword>
  <keyword>Life Change Events</keyword>
  <condition_browse>
    <!-- CAUTION:  The following MeSH terms are assigned with an imperfect algorithm            -->
    <mesh_term>Coronavirus Infections</mesh_term>
  </condition_browse>
  <patient_data>
    <sharing_ipd>Undecided</sharing_ipd>
  </patient_data>
  <!-- Results have not yet been posted for this study                                          -->
</clinical_study>

