<?xml version="1.0" encoding="UTF-8"?>
<clinical_study rank="2880">
  <!-- This xml conforms to an XML Schema at:
    https://clinicaltrials.gov/ct2/html/images/info/public.xsd -->
  <required_header>
    <download_date>ClinicalTrials.gov processed this data on February 18, 2021</download_date>
    <link_text>Link to the current ClinicalTrials.gov record.</link_text>
    <url>https://clinicaltrials.gov/show/NCT04525404</url>
  </required_header>
  <id_info>
    <org_study_id>Pro00102389</org_study_id>
    <nct_id>NCT04525404</nct_id>
  </id_info>
  <brief_title>MOIST Study: Multi-Organ Imaging With Serial Testing in COVID-19 Infected Patients</brief_title>
  <acronym>MOIST</acronym>
  <official_title>MOIST Study: Multi-Organ Imaging With Serial Testing in COVID-19 Infected Patients</official_title>
  <sponsors>
    <lead_sponsor>
      <agency>University of Alberta</agency>
      <agency_class>Other</agency_class>
    </lead_sponsor>
    <collaborator>
      <agency>Canadian VIGOUR Centre</agency>
      <agency_class>Other</agency_class>
    </collaborator>
  </sponsors>
  <source>University of Alberta</source>
  <oversight_info>
    <has_dmc>No</has_dmc>
    <is_fda_regulated_drug>No</is_fda_regulated_drug>
    <is_fda_regulated_device>No</is_fda_regulated_device>
  </oversight_info>
  <brief_summary>
    <textblock>
      While many people with COVID-19 suffer from respiratory disease, there is growing evidence&#xD;
      that the virus also affects other organs. The purpose of this study is to better understand&#xD;
      the effects of COVID-19 on the lungs and other organs.&#xD;
&#xD;
      The study investigators have developed new techniques in Magnetic Resonance Imaging (MRI) to&#xD;
      scan the lungs, heart, brain and liver. The study investigators hope to learn more about how&#xD;
      the virus causes inflammation in these organs and how this inflammation changes over time as&#xD;
      people recover from COVID-19 illness.&#xD;
&#xD;
      The study aims to enroll 228 people in Alberta. Participants will undergo one or more MRI&#xD;
      scans and have blood testing at one or more time points to assess for inflammation, kidney&#xD;
      function, liver function and possible heart injury. Participants will also undergo testing to&#xD;
      assess sense of smell, cognition (thinking and memory), spirometry (breathing test for lung&#xD;
      function) and and exercise tolerance (walk test).&#xD;
&#xD;
      The study investigators hope this study will help us learn more about the long-term risks of&#xD;
      COVID-19 disease.&#xD;
    </textblock>
  </brief_summary>
  <detailed_description>
    <textblock>
      Participants with newly or recently diagnosed COVID-19 infection (inpatients and outpatients)&#xD;
      will undergo multi-organ MRI (heart, brain, lungs, liver), blood work, and functional testing&#xD;
      at one or more time points. Functional testing will include olfaction testing, cognitive&#xD;
      testing, spiromety, and a walk test.&#xD;
    </textblock>
  </detailed_description>
  <overall_status>Recruiting</overall_status>
  <start_date type="Actual">November 12, 2020</start_date>
  <completion_date type="Anticipated">September 1, 2021</completion_date>
  <primary_completion_date type="Anticipated">September 1, 2021</primary_completion_date>
  <study_type>Observational</study_type>
  <has_expanded_access>No</has_expanded_access>
  <study_design_info>
    <observational_model>Cohort</observational_model>
    <time_perspective>Prospective</time_perspective>
  </study_design_info>
  <primary_outcome>
    <measure>Native myocardial T1 relaxation time</measure>
    <time_frame>12 weeks post COVID-19 diagnosis</time_frame>
    <description>Myocardial T1 is a surrogate marker of myocardial edema and the most sensitive MRI measure of acute myocarditis. We will show that myocardial T1 at baseline is significantly higher than myocardial T1 at 12 weeks follow-up. At 12 weeks, we will also compare native myocardial T1 in patients with baseline elevated troponin to those with baseline normal troponin as well as healthy controls</description>
  </primary_outcome>
  <secondary_outcome>
    <measure>FLAIR imaging</measure>
    <time_frame>12 weeks post COVID-19 diagnosis</time_frame>
    <description>Similar within group and between group comparisons of MRI derived lung water content, liver water content, and the presence of brain inflammation on FLAIR imaging</description>
  </secondary_outcome>
  <secondary_outcome>
    <measure>Compare 12-week cognitive testing to the corresponding findings on MRI of brain, heart and lung at baseline</measure>
    <time_frame>12 weeks post COVID-19 diagnosis</time_frame>
    <description>Compare 12-week cognitive testing (NIH toolbox score) to the corresponding findings on MRI of brain, heart and lung at baseline</description>
  </secondary_outcome>
  <secondary_outcome>
    <measure>Compare 12-week spirometry to the corresponding findings on MRI of brain, heart and lung at baseline</measure>
    <time_frame>12 weeks post COVID-19 diagnosis</time_frame>
    <description>Compare 12-week spirometry (FEV1, FVC and FEV1:FVC) to the corresponding findings on MRI of brain, heart and lung at baseline</description>
  </secondary_outcome>
  <secondary_outcome>
    <measure>Compare 12-week walk test results to the corresponding findings on MRI of brain, heart and lung at baseline</measure>
    <time_frame>12 weeks post COVID-19 diagnosis</time_frame>
    <description>Compare 12-week walk test results (distance and time) to the corresponding findings on MRI of brain, heart and lung at baseline</description>
  </secondary_outcome>
  <secondary_outcome>
    <measure>Compare 12-week cognitive testing in patients with normal smell and/or normal appearing brainstem on MRI to patients with no or impaired smell and/or injury to brainstem on MRI</measure>
    <time_frame>12 weeks post COVID-19 diagnosis</time_frame>
    <description>Compare 12-week cognitive testing in patients with normal smell and/or normal appearing brainstem on MRI to patients with no or impaired smell and/or injury to brainstem on MRI</description>
  </secondary_outcome>
  <secondary_outcome>
    <measure>Compare MRI measures of organ dysfunction at 12-24 weeks in survivors according to severity of prior COVID-19 illness: (i) hospitalized, (ii) symptomatic, not hospitalized and (iii) asymptomatic</measure>
    <time_frame>12-24 weeks post COVID-19 diagnosis</time_frame>
    <description>Compare MRI measures of organ dysfunction at 12-24 weeks in survivors according to severity of prior COVID-19 illness: (i) hospitalized, (ii) symptomatic, not hospitalized and (iii) asymptomatic</description>
  </secondary_outcome>
  <number_of_groups>2</number_of_groups>
  <enrollment type="Anticipated">228</enrollment>
  <condition>Covid19</condition>
  <condition>Coronavirus Infection</condition>
  <condition>SARS-CoV Infection</condition>
  <arm_group>
    <arm_group_label>Troponin Substudy</arm_group_label>
    <description>Participants with new COVID-19 infection will undergo high-sensitivity Troponin testing; participants with elevated Troponin will undergo MRI, bloodwork, and olfaction testing at Baseline, then repeat MRI, bloodwork and all functional testing at the Recovered (ie 12weeks post diagnosis) phase. Participants with normal Troponin will undergo only olfaction testing and bloodwork at baseline, then MRI, bloodwork and all functional testing at the Recovered phase.</description>
  </arm_group>
  <arm_group>
    <arm_group_label>Late Cross-Sectional Substudy</arm_group_label>
    <description>Participants with a COVID-19 diagnosis at least 3 months prior to enrollment will undergo MRI, bloodwork and all functional testing at the Recovered phase only.</description>
  </arm_group>
  <intervention>
    <intervention_type>Diagnostic Test</intervention_type>
    <intervention_name>MRI (heart, brain, lungs, liver)</intervention_name>
    <description>MRI (heart, brain, lungs, liver)</description>
    <arm_group_label>Late Cross-Sectional Substudy</arm_group_label>
    <arm_group_label>Troponin Substudy</arm_group_label>
  </intervention>
  <intervention>
    <intervention_type>Diagnostic Test</intervention_type>
    <intervention_name>Bloodwork</intervention_name>
    <description>Serum biomarkers to assess systemic inflammation, renal function, cardiac injury, liver injury and steatosis, ACE-2 related peptides, cytokines, Activin A and autoantibodies to cardiac antigens, humoral cell RNA</description>
    <arm_group_label>Late Cross-Sectional Substudy</arm_group_label>
    <arm_group_label>Troponin Substudy</arm_group_label>
  </intervention>
  <intervention>
    <intervention_type>Other</intervention_type>
    <intervention_name>Cognitive testing</intervention_name>
    <description>NIH toolbox Cognitive Measures</description>
    <arm_group_label>Late Cross-Sectional Substudy</arm_group_label>
    <arm_group_label>Troponin Substudy</arm_group_label>
  </intervention>
  <intervention>
    <intervention_type>Other</intervention_type>
    <intervention_name>Olfaction testing</intervention_name>
    <description>Brief Smell Identification Test (BSIT)</description>
    <arm_group_label>Late Cross-Sectional Substudy</arm_group_label>
    <arm_group_label>Troponin Substudy</arm_group_label>
  </intervention>
  <intervention>
    <intervention_type>Diagnostic Test</intervention_type>
    <intervention_name>Spirometry</intervention_name>
    <description>Spirometry to evaluate forced expiratory volume in 1 second and forced vital capacity</description>
    <arm_group_label>Late Cross-Sectional Substudy</arm_group_label>
    <arm_group_label>Troponin Substudy</arm_group_label>
  </intervention>
  <intervention>
    <intervention_type>Other</intervention_type>
    <intervention_name>Walk Test</intervention_name>
    <description>Walk test to record overall distance walked in 6 minutes and time taken to walk the first 25 feet</description>
    <arm_group_label>Late Cross-Sectional Substudy</arm_group_label>
    <arm_group_label>Troponin Substudy</arm_group_label>
  </intervention>
  <eligibility>
    <study_pop>
      <textblock>
        Adult participants with new or recent COVID-19 infection.&#xD;
      </textblock>
    </study_pop>
    <sampling_method>Non-Probability Sample</sampling_method>
    <criteria>
      <textblock>
        Troponin substudy Inclusion Criteria:&#xD;
&#xD;
          1. 18 years of age or older&#xD;
&#xD;
          2. Willing and able to provide informed consent&#xD;
&#xD;
          3. COVID-19 positive test (within 14 days of positive test date)&#xD;
&#xD;
          4. High-sensitivity Troponin-I &gt;100ng/L or Troponin T &gt; 52ng/L&#xD;
&#xD;
          5. Ability to obtain Baseline MRI imaging within 7 days (up to 14 days maximum) of&#xD;
             Troponin result&#xD;
&#xD;
        Troponin substudy Exclusion Criteria:&#xD;
&#xD;
          1. Contraindication to MRI or MRI contrast&#xD;
&#xD;
          2. GFR &lt; 30ml/kg/min/1.73m2&#xD;
&#xD;
          3. Hemodynamic instability requiring inotropic agents&#xD;
&#xD;
          4. Active ventilatory support&#xD;
&#xD;
        Late cross-sectional substudy Inclusion Criteria:&#xD;
&#xD;
          1. 18 years of age or older&#xD;
&#xD;
          2. Willing and able to provide informed consent&#xD;
&#xD;
          3. Previously diagnosed with COVID-19 &gt; 3 months ago&#xD;
&#xD;
          4. Ability to obtain MRI imaging at minimum 12 weeks from COVID-19 diagnosis&#xD;
&#xD;
        Late cross-sectional substudy Exclusion Criteria:&#xD;
&#xD;
        1. Contraindication to MRI or MRI contrast&#xD;
      </textblock>
    </criteria>
    <gender>All</gender>
    <minimum_age>18 Years</minimum_age>
    <maximum_age>N/A</maximum_age>
    <healthy_volunteers>No</healthy_volunteers>
  </eligibility>
  <overall_official>
    <last_name>Ian Paterson, MD</last_name>
    <role>Principal Investigator</role>
    <affiliation>University of Alberta</affiliation>
  </overall_official>
  <overall_contact>
    <last_name>Ian Paterson, MD</last_name>
    <phone>780-407-1857</phone>
    <email>ip3@ualberta.ca</email>
  </overall_contact>
  <overall_contact_backup>
    <last_name>Karin Kushniruk, RN, PhD</last_name>
    <phone>780-492-8476</phone>
    <email>karin.kushniruk@ualberta.ca</email>
  </overall_contact_backup>
  <location>
    <facility>
      <name>University of Alberta</name>
      <address>
        <city>Edmonton</city>
        <state>Alberta</state>
        <country>Canada</country>
      </address>
    </facility>
    <status>Recruiting</status>
    <contact>
      <last_name>Ian Paterson, MD</last_name>
      <phone>780-407-1857</phone>
      <email>ip3@ualberta.ca</email>
    </contact>
  </location>
  <location_countries>
    <country>Canada</country>
  </location_countries>
  <verification_date>November 2020</verification_date>
  <study_first_submitted>August 17, 2020</study_first_submitted>
  <study_first_submitted_qc>August 21, 2020</study_first_submitted_qc>
  <study_first_posted type="Actual">August 25, 2020</study_first_posted>
  <last_update_submitted>November 23, 2020</last_update_submitted>
  <last_update_submitted_qc>November 23, 2020</last_update_submitted_qc>
  <last_update_posted type="Actual">November 25, 2020</last_update_posted>
  <responsible_party>
    <responsible_party_type>Sponsor</responsible_party_type>
  </responsible_party>
  <condition_browse>
    <!-- CAUTION:  The following MeSH terms are assigned with an imperfect algorithm            -->
    <mesh_term>Infection</mesh_term>
    <mesh_term>Communicable Diseases</mesh_term>
    <mesh_term>Coronavirus Infections</mesh_term>
    <mesh_term>Severe Acute Respiratory Syndrome</mesh_term>
  </condition_browse>
  <patient_data>
    <sharing_ipd>Undecided</sharing_ipd>
  </patient_data>
  <!-- Results have not yet been posted for this study                                          -->
</clinical_study>

