<?xml version="1.0" encoding="UTF-8"?>
<clinical_study rank="2834">
  <!-- This xml conforms to an XML Schema at:
    https://clinicaltrials.gov/ct2/html/images/info/public.xsd -->
  <required_header>
    <download_date>ClinicalTrials.gov processed this data on February 18, 2021</download_date>
    <link_text>Link to the current ClinicalTrials.gov record.</link_text>
    <url>https://clinicaltrials.gov/show/NCT04756479</url>
  </required_header>
  <id_info>
    <org_study_id>COVID-19 AGE-BRUGMANN 2022/111</org_study_id>
    <nct_id>NCT04756479</nct_id>
  </id_info>
  <brief_title>Mortality Due to COVID-19 in the COVID-AGEBRU Study</brief_title>
  <acronym>COVID-AGEBRU</acronym>
  <official_title>Predictors of Intrahospital Mortality in Older Patients Admitted Due to COVID-19 in the COVID-19 AGEBRU Study</official_title>
  <sponsors>
    <lead_sponsor>
      <agency>Brugmann University Hospital</agency>
      <agency_class>Other</agency_class>
    </lead_sponsor>
  </sponsors>
  <source>Brugmann University Hospital</source>
  <oversight_info>
    <has_dmc>No</has_dmc>
    <is_fda_regulated_drug>No</is_fda_regulated_drug>
    <is_fda_regulated_device>No</is_fda_regulated_device>
  </oversight_info>
  <brief_summary>
    <textblock>
      The COVID-Age Brugmann study aims to identify the clinical predictors of mortality risk in&#xD;
      older patients admitted to an acute care unit due to COVID-19&#xD;
    </textblock>
  </brief_summary>
  <detailed_description>
    <textblock>
      The COVID-19 disease has been shown to be associated to higher mortality risk and health&#xD;
      adverse consequences. Despite of the fact that the SAR-COV2 virus has been shown that affects&#xD;
      every populations, the negative impact is higher in older people, pointing this population as&#xD;
      the most severely affected.&#xD;
&#xD;
      The COVID-Age Brugmann study aims to identify if comorbidity, geriatric syndromes, and health&#xD;
      issues at admission are associated to mortality risk in older patients admitted to an acute&#xD;
      care unit due to COVID-19&#xD;
    </textblock>
  </detailed_description>
  <overall_status>Completed</overall_status>
  <start_date type="Actual">March 1, 2020</start_date>
  <completion_date type="Actual">June 30, 2020</completion_date>
  <primary_completion_date type="Actual">June 30, 2020</primary_completion_date>
  <study_type>Observational</study_type>
  <has_expanded_access>No</has_expanded_access>
  <study_design_info>
    <observational_model>Case-Only</observational_model>
    <time_perspective>Retrospective</time_perspective>
  </study_design_info>
  <primary_outcome>
    <measure>All-cause mortality during hospital admission (admission up to discharge time)</measure>
    <time_frame>Through study completion, an average of one month.</time_frame>
    <description>Vital status was obtained from medical records</description>
  </primary_outcome>
  <secondary_outcome>
    <measure>Prevalence of medical diseases and geriatric syndromes</measure>
    <time_frame>Through study completion, an average of one month.</time_frame>
    <description>Clinical and demographical conditions, and geriatric syndromes</description>
  </secondary_outcome>
  <enrollment type="Actual">160</enrollment>
  <condition>Covid19</condition>
  <condition>Old Age; Debility</condition>
  <condition>Morbidity, Multiple</condition>
  <eligibility>
    <study_pop>
      <textblock>
        Consecutive patients aged 70 and over hospitalized in an acute care unit in Brugmann&#xD;
        university hospital, in Belgium, due to COVID-19 in the period Mars to June 2020.&#xD;
      </textblock>
    </study_pop>
    <sampling_method>Non-Probability Sample</sampling_method>
    <criteria>
      <textblock>
        Inclusion Criteria:&#xD;
&#xD;
          -  Patients aged 70 and older&#xD;
&#xD;
          -  Patients admitted to an acute care geriatric unit due to COVID-19&#xD;
&#xD;
          -  Patients with COVID-19 by PCR, serology or CT scan suggestive of this disease&#xD;
&#xD;
        Exclusion Criteria:&#xD;
&#xD;
          -  No other demographic or clinical exclusion criteria will be applied&#xD;
      </textblock>
    </criteria>
    <gender>All</gender>
    <minimum_age>70 Years</minimum_age>
    <maximum_age>N/A</maximum_age>
    <healthy_volunteers>No</healthy_volunteers>
  </eligibility>
  <overall_official>
    <last_name>Murielle MS Surquin, MD PhD</last_name>
    <role>Principal Investigator</role>
    <affiliation>CHU Brugmann, Director of the Geriatrics Department</affiliation>
  </overall_official>
  <location>
    <facility>
      <name>CHU Brugmann</name>
      <address>
        <city>Brussels</city>
        <zip>1020</zip>
        <country>Belgium</country>
      </address>
    </facility>
  </location>
  <location_countries>
    <country>Belgium</country>
  </location_countries>
  <reference>
    <citation>Mendes A, Serratrice C, Herrmann FR, Genton L, Périvier S, Scheffler M, Fassier T, Huber P, Jacques MC, Prendki V, Roux X, Di Silvestro K, Trombert V, Harbarth S, Gold G, Graf CE, Zekry D. Predictors of In-Hospital Mortality in Older Patients With COVID-19: The COVIDAge Study. J Am Med Dir Assoc. 2020 Nov;21(11):1546-1554.e3. doi: 10.1016/j.jamda.2020.09.014. Epub 2020 Sep 15.</citation>
    <PMID>33138936</PMID>
  </reference>
  <reference>
    <citation>Ménager P, Brière O, Gautier J, Riou J, Sacco G, Brangier A, Annweiler C, Geria-Covid Study Group OBOT. Regular Use of VKA Prior to COVID-19 Associated with Lower 7-Day Survival in Hospitalized Frail Elderly COVID-19 Patients: The GERIA-COVID Cohort Study. Nutrients. 2020 Dec 24;13(1). pii: E39. doi: 10.3390/nu13010039.</citation>
    <PMID>33374341</PMID>
  </reference>
  <reference>
    <citation>Miralles O, Sanchez-Rodriguez D, Marco E, Annweiler C, Baztan A, Betancor É, Cambra A, Cesari M, Fontecha BJ, Gąsowski J, Gillain S, Hope S, Phillips K, Piotrowicz K, Piro N, Sacco G, Saporiti E, Surquin M, Vall-Llosera E. Unmet needs, health policies, and actions during the COVID-19 pandemic: a report from six European countries. Eur Geriatr Med. 2020 Oct 15. doi: 10.1007/s41999-020-00415-x. [Epub ahead of print]</citation>
    <PMID>33057981</PMID>
  </reference>
  <verification_date>February 2021</verification_date>
  <study_first_submitted>February 8, 2021</study_first_submitted>
  <study_first_submitted_qc>February 15, 2021</study_first_submitted_qc>
  <study_first_posted type="Actual">February 16, 2021</study_first_posted>
  <last_update_submitted>February 15, 2021</last_update_submitted>
  <last_update_submitted_qc>February 15, 2021</last_update_submitted_qc>
  <last_update_posted type="Actual">February 16, 2021</last_update_posted>
  <responsible_party>
    <responsible_party_type>Principal Investigator</responsible_party_type>
    <investigator_affiliation>Brugmann University Hospital</investigator_affiliation>
    <investigator_full_name>Murielle Surquin</investigator_full_name>
    <investigator_title>Geriatrics Department</investigator_title>
  </responsible_party>
  <!-- Results have not yet been posted for this study                                          -->
</clinical_study>

