<?xml version="1.0" encoding="UTF-8"?>
<clinical_study rank="135">
  <!-- This xml conforms to an XML Schema at:
    https://clinicaltrials.gov/ct2/html/images/info/public.xsd -->
  <required_header>
    <download_date>ClinicalTrials.gov processed this data on February 18, 2021</download_date>
    <link_text>Link to the current ClinicalTrials.gov record.</link_text>
    <url>https://clinicaltrials.gov/show/NCT04363346</url>
  </required_header>
  <id_info>
    <org_study_id>IDIM-2020-28708</org_study_id>
    <secondary_id>2020LS083</secondary_id>
    <nct_id>NCT04363346</nct_id>
  </id_info>
  <brief_title>Study of FT516 for the Treatment of COVID-19 in Hospitalized Patients With Hypoxia</brief_title>
  <official_title>Study of FT516 Safety and Feasibility for the Treatment of Coronavirus Disease 2019 (COVID-19) in Hospitalized Patients With Hypoxia</official_title>
  <sponsors>
    <lead_sponsor>
      <agency>Masonic Cancer Center, University of Minnesota</agency>
      <agency_class>Other</agency_class>
    </lead_sponsor>
  </sponsors>
  <source>Masonic Cancer Center, University of Minnesota</source>
  <oversight_info>
    <has_dmc>Yes</has_dmc>
    <is_fda_regulated_drug>Yes</is_fda_regulated_drug>
    <is_fda_regulated_device>No</is_fda_regulated_device>
  </oversight_info>
  <brief_summary>
    <textblock>
      This is a Phase I study with the primary objective of identifying the maximum tolerated dose&#xD;
      (MTD) of FT516 using 3 dose-escalation strategies (number of doses and cell dose) for the&#xD;
      treatment of coronavirus disease 2019 (COVID-19). This study provides initial estimates of&#xD;
      safety and efficacy based on stable respiratory function, as well as, determining the&#xD;
      feasibility for full-scale studies designed both for efficacy and safety.&#xD;
    </textblock>
  </brief_summary>
  <detailed_description>
    <textblock>
      Given the urgency of COVID-19 and the known anti-viral activity of natural killer (NK) cells,&#xD;
      this clinical trial uses immediately available off-the-shelf induced pluripotent stem cell&#xD;
      (iPSC) derived NK cells already being used to treat cancer patients.&#xD;
&#xD;
      FT516 is an off-the-shelf cryopreserved NK cell product derived from an iPSC that was&#xD;
      transduced with a high affinity, ADAM17 non-cleavable CD16 (Fc receptor) that maintains CD16&#xD;
      on the cell surface, which remains fully functional after NK cell activation. The&#xD;
      investigators expect that natural developing anti-COVID IgG (early data suggest that some&#xD;
      develop in 7-10 days after diagnosis) will enhance targeting of FT516 to infected cells.&#xD;
    </textblock>
  </detailed_description>
  <overall_status>Active, not recruiting</overall_status>
  <start_date type="Actual">May 14, 2020</start_date>
  <completion_date type="Anticipated">January 2022</completion_date>
  <primary_completion_date type="Anticipated">January 2022</primary_completion_date>
  <phase>Phase 1</phase>
  <study_type>Interventional</study_type>
  <has_expanded_access>No</has_expanded_access>
  <study_design_info>
    <allocation>Non-Randomized</allocation>
    <intervention_model>Sequential Assignment</intervention_model>
    <intervention_model_description>The study starts with a fast-track design by proceeding in cohorts of one patient until the first DLT is observed. If no DLT is observed, escalation continues by one patient per cohort until Dose Strategy 3 is reached. If the MTD is not yet established by Dose Strategy 3, Dose Strategy 3 is expanded to 6 patients using the final stage of a &quot;3+3&quot; design. An extension of 4 additional patients is planned if FT516 continues to be safe for a total of 10 patients treated at the MTD.</intervention_model_description>
    <primary_purpose>Treatment</primary_purpose>
    <masking>None (Open Label)</masking>
  </study_design_info>
  <primary_outcome>
    <measure>Number of participants with Dose Limiting Toxicity Events</measure>
    <time_frame>within 7 days after the last dose of FT516</time_frame>
    <description>An accelerated (fast-track) design will continue until first DLT is observed or the maximum Tolerated Dose (MTD) is determined.&#xD;
DLT is defined as any treatment emergent toxicity within 7 days after the last dose of FT516 meeting one of the following criteria based on CTCAE v5:&#xD;
Grade 3 or greater infusion related reaction following FT516 infusion&#xD;
Any new or worsening Grade 3 and any Grade 4 adverse events with the exception of the following known complications of COVID-19:&#xD;
Grade 3 gastrointestinal disorders (diarrhea)&#xD;
Grade 3 hepatic investigations (ALT increased, AST increased)&#xD;
Grade 3 leukopenia/lymphopenia&#xD;
Respiratory deterioration between the 1st dose and 7 days after the last dose of FT516 defined as the need for any type of assisted ventilation (invasive or non-invasive including BiPAP) or oxygen delivery device intended to deliver ≥60% FiO2 (including non-rebreather mask or &gt;10L by simple facemask) to maintain an SpO2 &gt;88%.</description>
  </primary_outcome>
  <secondary_outcome>
    <measure>The time in days from the 1st FT516 infusion to the elimination of viral shedding in nasal pharyngeal and stool samples</measure>
    <time_frame>36 days</time_frame>
  </secondary_outcome>
  <secondary_outcome>
    <measure>The time in days from the 1st FT516 infusion to discontinued need for supplemental oxygen</measure>
    <time_frame>36 Days</time_frame>
  </secondary_outcome>
  <secondary_outcome>
    <measure>The time in days from the 1st FT516 infusion to hospital discharge</measure>
    <time_frame>36 Days</time_frame>
  </secondary_outcome>
  <number_of_arms>3</number_of_arms>
  <enrollment type="Actual">5</enrollment>
  <condition>COVID-19</condition>
  <arm_group>
    <arm_group_label>Dose Strategy 1</arm_group_label>
    <arm_group_type>Experimental</arm_group_type>
    <description>Dose Strategy 1:&#xD;
Day 1 - FT516 is given at 9x107 cells/dose (low)</description>
  </arm_group>
  <arm_group>
    <arm_group_label>Dose Strategy 2</arm_group_label>
    <arm_group_type>Experimental</arm_group_type>
    <description>Dose Strategy 2:&#xD;
Day 1 - FT516 is given at 9x107 cells/dose (low) + Day 4 - FT516 is given at 3x108 cells/dose (mid)</description>
  </arm_group>
  <arm_group>
    <arm_group_label>Dose Strategy 3</arm_group_label>
    <arm_group_type>Experimental</arm_group_type>
    <description>Dose Strategy 3:&#xD;
Day 1 - FT516 is given at 9x107 cells/dose (low) + Day 4 - FT516 is given at 3x108 cells/dose (mid) + Day 7 - FT516 is given at 9x108 cells/dose (high)</description>
  </arm_group>
  <intervention>
    <intervention_type>Drug</intervention_type>
    <intervention_name>FT516</intervention_name>
    <description>FT516 is an off-the-shelf cryopreserved NK cell product derived from an iPSC that was transduced with a high affinity, ADAM17 non-cleavable CD16 (Fc receptor) that maintains CD16 on the cell surface, which remains fully functional after NK cell activation.</description>
    <arm_group_label>Dose Strategy 1</arm_group_label>
    <arm_group_label>Dose Strategy 2</arm_group_label>
    <arm_group_label>Dose Strategy 3</arm_group_label>
  </intervention>
  <eligibility>
    <criteria>
      <textblock>
        Inclusion Criteria:&#xD;
&#xD;
          -  Has laboratory-confirmed novel coronavirus (SARS-CoV-2) infection as determined by&#xD;
             polymerase chain reaction (PCR), or other commercial or public health assay.&#xD;
&#xD;
          -  Requires hospitalization and meets the following:&#xD;
&#xD;
               -  Radiographic infiltrates by imaging (chest x-ray, CT scan)&#xD;
&#xD;
               -  Able to maintain Sp02 ≥ 93% oxygen supplementation to a maximum 4L by low flow&#xD;
                  O2-delivery device at rest&#xD;
&#xD;
               -  IL-6 level ≥40 pg/ml but &lt;150 pg/mL OR CRP ≥40 mg/L (4 mg/dL) but &lt;150 mg/L (15&#xD;
                  mg/dL)&#xD;
&#xD;
               -  Ferritin &lt; 1000 ng/mL&#xD;
&#xD;
               -  HCT-CI score of 4 or less - For this score, if PFTs results are not available,&#xD;
                  any patient requiring oxygen prior to COVID-19 illness is not eligible&#xD;
&#xD;
          -  Report of usual daily activity level (before COVID-19 illness) of Karnofsky ≥70%&#xD;
&#xD;
          -  ≥ 18 years of age, but &lt; 76 years at time of consent signing&#xD;
&#xD;
          -  Females of child-bearing potential and males with partners of child-bearing potential&#xD;
             must agree to use highly effective contraception from the time of consent and for at&#xD;
             least 3 months after the last dose of FT516&#xD;
&#xD;
          -  Agrees to and signs the separate consent for up to 15 years of follow-up on a separate&#xD;
             LTFU companion study (IDIM-2020-28770)&#xD;
&#xD;
          -  Voluntary written consent prior to the performance of any research related procedures&#xD;
&#xD;
        Exclusion Criteria:&#xD;
&#xD;
          -  Any medical condition or clinical laboratory abnormality that per Investigator&#xD;
             judgement precludes safe participation in and completion of the study, or which could&#xD;
             affect compliance with protocol conduct or interpretation of results.&#xD;
&#xD;
          -  Need for higher-percentage oxygen delivery device (face mask, oxymizer, nonrebreather,&#xD;
             venti-mask or pressure support with CPAP/BiPAP)&#xD;
&#xD;
          -  Patients with adequate oxygenation on room air&#xD;
&#xD;
          -  Receiving concomitant COVID-19 directed therapy (drugs may be stopped to make patients&#xD;
             eligible)&#xD;
&#xD;
          -  Known allergy to the following FT516 components: albumin (human) or DMSO&#xD;
&#xD;
          -  Any known condition that requires systemic immunosuppressive therapy (&gt; 5mg prednisone&#xD;
             daily or equivalent) topical and inhale steroids are permitted&#xD;
&#xD;
          -  Active autoimmune disease requiring systemic immunosuppressive therapy&#xD;
&#xD;
          -  History of severe asthma and currently on chronic systemic medications (mild asthma&#xD;
             requiring inhaled steroids only is eligible)&#xD;
&#xD;
          -  Known history of HIV positivity&#xD;
&#xD;
          -  Pregnant or breast feeding&#xD;
      </textblock>
    </criteria>
    <gender>All</gender>
    <minimum_age>18 Years</minimum_age>
    <maximum_age>76 Years</maximum_age>
    <healthy_volunteers>No</healthy_volunteers>
  </eligibility>
  <overall_official>
    <last_name>Dr.Joshua Rhein, MD</last_name>
    <role>Principal Investigator</role>
    <affiliation>Department of Medicine, University of Minnesota</affiliation>
  </overall_official>
  <location>
    <facility>
      <name>University of Minnesota</name>
      <address>
        <city>Minneapolis</city>
        <state>Minnesota</state>
        <zip>55455</zip>
        <country>United States</country>
      </address>
    </facility>
  </location>
  <location_countries>
    <country>United States</country>
  </location_countries>
  <verification_date>February 2021</verification_date>
  <study_first_submitted>April 23, 2020</study_first_submitted>
  <study_first_submitted_qc>April 23, 2020</study_first_submitted_qc>
  <study_first_posted type="Actual">April 27, 2020</study_first_posted>
  <last_update_submitted>February 1, 2021</last_update_submitted>
  <last_update_submitted_qc>February 1, 2021</last_update_submitted_qc>
  <last_update_posted type="Actual">February 2, 2021</last_update_posted>
  <responsible_party>
    <responsible_party_type>Sponsor</responsible_party_type>
  </responsible_party>
  <keyword>COVID-19</keyword>
  <keyword>Corona Virus</keyword>
  <keyword>SARS-COV-2</keyword>
  <condition_browse>
    <!-- CAUTION:  The following MeSH terms are assigned with an imperfect algorithm            -->
    <mesh_term>Hypoxia</mesh_term>
  </condition_browse>
  <!-- Results have not yet been posted for this study                                          -->
</clinical_study>

