<?xml version="1.0" encoding="UTF-8"?>
<clinical_study rank="412">
  <!-- This xml conforms to an XML Schema at:
    https://clinicaltrials.gov/ct2/html/images/info/public.xsd -->
  <required_header>
    <download_date>ClinicalTrials.gov processed this data on February 18, 2021</download_date>
    <link_text>Link to the current ClinicalTrials.gov record.</link_text>
    <url>https://clinicaltrials.gov/show/NCT04351646</url>
  </required_header>
  <id_info>
    <org_study_id>2020.0075</org_study_id>
    <nct_id>NCT04351646</nct_id>
  </id_info>
  <brief_title>Diagnostics of COVID-19/DARTS (Development and Assessment of Rapid Testing for SARS-CoV-2 Outbreak)</brief_title>
  <official_title>Development and Assessment of Rapid Testing for SARS-CoV-2 Outbreak (DARTS)</official_title>
  <sponsors>
    <lead_sponsor>
      <agency>St George's, University of London</agency>
      <agency_class>Other</agency_class>
    </lead_sponsor>
  </sponsors>
  <source>St George's, University of London</source>
  <oversight_info>
    <has_dmc>No</has_dmc>
    <is_fda_regulated_drug>No</is_fda_regulated_drug>
    <is_fda_regulated_device>No</is_fda_regulated_device>
  </oversight_info>
  <brief_summary>
    <textblock>
      This project will evaluate point-of-care / point-of-need (POC/PON) tests for the detection of&#xD;
      the novel strain of coronavirus (2019 nCoV). We are working with Mologic Ltd, who have been&#xD;
      funded by DFID/Wellcome Trust to develop a rapid, accurate and low cost, lateral flow assay&#xD;
      (LFA) to detect viral circulating antigens and IgM/G against SARS-CoV-2 in less than 15&#xD;
      minutes.&#xD;
&#xD;
      These POC/PON tests are intended for the rapid triage of patients with fever and/or cough and&#xD;
      to identify patients likely to be immune from previous infections. In addition to this the&#xD;
      POC/PON tests will be designed as self-tests, offering the additional benefit of enabling&#xD;
      wide deployment in the home and community settings. In addition, we will evaluate ELISA&#xD;
      assays, also produced by Mologic to detect IgG and IgM (and possibly IgA) against SARS-CoV-2.&#xD;
      Comparison of antibody and antigen dynamics over time will compare with ELISA and&#xD;
      quantitative RT-PCR.&#xD;
    </textblock>
  </brief_summary>
  <detailed_description>
    <textblock>
      On 12 January 2020, a novel coronavirus was identified as the cause of an outbreak of&#xD;
      unexplained pneumonia in Wuhan City, Hubei Province, China. This coronavirus was later named&#xD;
      SARS-CoV-2, and the disease it causes COVID-19.&#xD;
&#xD;
      SARS-CoV-2 is a non-segmented, positive sense RNA virus and part of the family of&#xD;
      coronaviruses. Similar to the Systemic Acute Respiratory Syndrome (SARS) virus, it binds to&#xD;
      the angiotensin-converting enzyme 2 (ACE2) receptor located on type II alveolar cells and&#xD;
      intestinal epithelia. SARS-CoV-2 can result in a severe Acute Respiratory Distress Syndrome&#xD;
      (ARDS) which is characterised by diffuse alveolar damage and direct viral cytopathic effect&#xD;
      on pneumocytes. Some patients who develop COVID19 may respond with a fulminant &quot;cytokine&#xD;
      storm&quot; reaction.&#xD;
&#xD;
      As of 23 March 2020, a total of 374,921 COVID-19 cases have been reported in 168 countries&#xD;
      with a total of over 16,411 deaths (case fatality amongst confirmed cases of 4.4%) (John&#xD;
      Hopkins's Coronavirus Resource centre). Over 293,425 cases and 13,258 deaths have been&#xD;
      reported from countries outside mainland China. The World Health Organisation (WHO) declared&#xD;
      on the 12th of March the SARS-CoV-2 outbreak a pandemic in the context of a Public Health&#xD;
      Emergency of International Concern (PHEIC) [4]. Europe has rapidly become the epicentre of&#xD;
      the pandemic and in the UK, cases are increasing daily. There have been 6,724 confirmed cases&#xD;
      in the UK as of 23 March 2020, including 190 confirmed inpatients at St George's Hospital NHS&#xD;
      Trust (23 March 2020 , Dr. Breathnach, personal communication).&#xD;
&#xD;
      Because of the lack of a validated serological test, the actual number, and therefore the&#xD;
      proportion, of people that develop asymptomatic infection remains unknown. This means that an&#xD;
      accurate case fatality estimate remains elusive. Due to the rise in the number of diagnostic&#xD;
      samples, tests are taking longer than expected. Among the foremost priorities to facilitate&#xD;
      public health interventions is a reliable laboratory diagnosis. Prompt case ascertainment is&#xD;
      necessary to ensure rapid and effective contact tracing, implementation of infection&#xD;
      prevention and control measures according to WHO recommendations, and collection of relevant&#xD;
      epidemiological and clinical information.&#xD;
&#xD;
      Because of the lack of a validated serological test, the actual number, and therefore the&#xD;
      proportion, of people that develop asymptomatic infections remains unknown. This means that&#xD;
      an accurate case fatality estimate remains elusive. Due to the rise of the number of samples&#xD;
      to diagnose, tests are taking longer than expected. Among the foremost priorities to&#xD;
      facilitate public health interventions is a reliable laboratory diagnosis. Prompt case&#xD;
      confirmation is necessary to ensure rapid and effective contact tracing, implementation of&#xD;
      infection prevention and control measures according to WHO recommendations, and collection of&#xD;
      relevant epidemiological and clinical information.&#xD;
&#xD;
      The experience in China has been that around 15% of patients with confirmed infection develop&#xD;
      severe disease and around 5% become critically ill. In the UK, a modelling analysis by the&#xD;
      Imperial College COVID-19 Response Team suggests that even with the implementation of&#xD;
      self-isolation measures (household quarantine and social distancing) the surge limits for&#xD;
      both general wards and ICU beds will be exceeded 8-fold. Furthermore, a relaxation of these&#xD;
      mitigation measures is likely to lead to a rebound of cases until there is an effective&#xD;
      vaccine - which is not expected for some 12-18 months. We can therefore clearly expect a&#xD;
      significant number of inpatients with COVID-19 infection in the UK in the coming months.&#xD;
&#xD;
      The SARS-CoV-2 antigen and antibody lateral flow assay (LFA) development has been led by&#xD;
      Mologic, a company based in Bedford. We will use prototype LFA and ELISA that are ready for&#xD;
      preliminary evaluation, and subsequently use these tests on-site to evaluate the test at POC.&#xD;
      LFA have been developed for SARS-CoV-2 antigen detection in throat/ nose swabs and detection&#xD;
      of IgG and IgM in blood/serum and SARS-CoV-2 antigen detection, IgG, IgM and IgA in saliva.&#xD;
      Saliva is an exciting sample to use as it is far easier to use than blood or throat / nose&#xD;
      swabs for potential self-testing.&#xD;
&#xD;
      Additionally, it is currently unknown why some patients develop severe COVID-19, while others&#xD;
      affected by the same SARS-CoV-2 infection display only mild symptoms. Co-morbidities such as&#xD;
      hypertension, kidney disease and diabetes have been linked to poorer prognosis and clinical&#xD;
      outcomes. However, a proportion of patients of younger age and without comorbidities also&#xD;
      develop severe disease- and there is a need for greater understanding of the&#xD;
      immunopathogenesis of severe COVID-19 infection is important.&#xD;
&#xD;
      The use of diagnostics developed within this study will improve the management of cases of&#xD;
      COVID-19. The LFA are rapid, easy to use and designed to be affordable globally. The rapid&#xD;
      diagnosis of SARS-CoV-2 with antigen detection will allow patients to be rapidly triaged in&#xD;
      hospital, GP surgeries and other places such as immigration areas. They are sufficiently&#xD;
      cheap to be appropriate for use in low- and middle-income countries. The use of antibody&#xD;
      detection will allow both for diagnosis of immunological response to acute infections as well&#xD;
      as after patients have recovered later . To utilise these tests appropriately an&#xD;
      understanding of dynamic immunopathological changes over time is necessary.&#xD;
&#xD;
      Characterisation of immune response and susceptibility and its association with viral&#xD;
      clearance and disease progression on in large cohorts with varied disease severity is&#xD;
      important to assist clinical risk prediction outcomes and evaluate the potential for novel&#xD;
      immunotherapeutic interventions. Immune response characteristics may have predictive and&#xD;
      prognostic value, with early adaptive immune responses possibly correlated with improved&#xD;
      clinical outcomes.&#xD;
    </textblock>
  </detailed_description>
  <overall_status>Not yet recruiting</overall_status>
  <start_date type="Anticipated">April 15, 2020</start_date>
  <completion_date type="Anticipated">April 15, 2022</completion_date>
  <primary_completion_date type="Anticipated">April 15, 2022</primary_completion_date>
  <study_type>Observational</study_type>
  <has_expanded_access>No</has_expanded_access>
  <study_design_info>
    <observational_model>Cohort</observational_model>
    <time_perspective>Prospective</time_perspective>
  </study_design_info>
  <primary_outcome>
    <measure>Antibody titres to SARS-CoV-2</measure>
    <time_frame>Day 3 post baseline samples</time_frame>
    <description>Antibody titres at day 3 post baseline samples.</description>
  </primary_outcome>
  <primary_outcome>
    <measure>Antibody titres to SARS-CoV-2</measure>
    <time_frame>Day 5 post baseline samples</time_frame>
    <description>Antibody titres at day 5 post baseline samples.</description>
  </primary_outcome>
  <primary_outcome>
    <measure>Antibody titres to SARS-CoV-2</measure>
    <time_frame>Day 7 post baseline samples</time_frame>
    <description>Antibody titres at day 7 post baseline samples.</description>
  </primary_outcome>
  <primary_outcome>
    <measure>Antibody titres to SARS-CoV-2</measure>
    <time_frame>Day 10 post baseline samples</time_frame>
    <description>Antibody titres at day 10 post baseline samples.</description>
  </primary_outcome>
  <primary_outcome>
    <measure>Antibody titres to SARS-CoV-2</measure>
    <time_frame>Days 14 post baseline samples</time_frame>
    <description>Antibody titres at day 14 post baseline samples.</description>
  </primary_outcome>
  <primary_outcome>
    <measure>Antibody titres to SARS-CoV-2</measure>
    <time_frame>Day 28 baseline samples</time_frame>
    <description>Antibody titres at day 28 post baseline samples.</description>
  </primary_outcome>
  <primary_outcome>
    <measure>Antibody titres to SARS-CoV-2</measure>
    <time_frame>Day 56 post baseline samples</time_frame>
    <description>Antibody titres at day 56 post baseline samples.</description>
  </primary_outcome>
  <other_outcome>
    <measure>Antigen dynamics</measure>
    <time_frame>Days 3, 5, 7,10 14 and 28 and 56 post baseline samples</time_frame>
    <description>Viral (SARS-CoV-2) antigen dynamics over time</description>
  </other_outcome>
  <other_outcome>
    <measure>HLA-KIR interactions</measure>
    <time_frame>Days 3, 5, 7,10 14 and 28 and 56 post baseline samples</time_frame>
    <description>Examine HLA-KIR interactions in relation to CD8 anti-viral responses</description>
  </other_outcome>
  <other_outcome>
    <measure>Plasma cytokine levels</measure>
    <time_frame>Day 7, day 14 and optionally day 28.</time_frame>
    <description>Plasma levels of cytokines (e.g. IL-1, IL-6, TNF-alpha, TGF-beta) measured by Luminex multiplex and/or ELISA assays and expressed in ug/ml</description>
  </other_outcome>
  <other_outcome>
    <measure>Transcriptome</measure>
    <time_frame>Day 7, day 14 and optionally day 28.</time_frame>
    <description>Total RNA will be isolated then used for cDNA synthesis and amplification. Samples will undergo 100-bp DNA sequencing, sequenced reads will be aligned to a reference genome and differentially expressed genes analysed using open source software. Pathway enrichment analysis will then be performed and the Mixture of Isoforms probabilistic framework applied to assess alternative transcription events. Differential gene expression analysis will identify key genes upregulated in COVID-19 versus control subjects, and at different timepoints in the COVID-19 disease process.</description>
  </other_outcome>
  <number_of_groups>3</number_of_groups>
  <enrollment type="Anticipated">500</enrollment>
  <condition>COVID-19</condition>
  <arm_group>
    <arm_group_label>SARS-CoV-2 negative inpatients</arm_group_label>
    <description>Hospitalised adult patients with SARS-CoV-2 negative tests.</description>
  </arm_group>
  <arm_group>
    <arm_group_label>SARS-CoV-2 positive inpatients</arm_group_label>
    <description>Hospitalised adult patients with SARS-CoV-2 positive tests.</description>
  </arm_group>
  <arm_group>
    <arm_group_label>SARS-CoV-2 suspected or confirmed NHS staff</arm_group_label>
    <description>Suspected or proven SARS-CoV-2 positive cases amongst health care professionals and lab staff.</description>
  </arm_group>
  <biospec_retention>Samples With DNA</biospec_retention>
  <biospec_descr>
    <textblock>
      Nasopharyngeal swabs, saliva samples, blood samples&#xD;
    </textblock>
  </biospec_descr>
  <eligibility>
    <study_pop>
      <textblock>
        Patients population will include inpatients ad St George Hospital Foundation Trust (SGHFT)&#xD;
        requiring SARS-CoV-2 test.&#xD;
&#xD;
        Health Care Professionals population will encompass staff working at St George Hospital&#xD;
        Foundation Trust (SGHFT) during the SARS-CoV-2 outbreak who are suspected or confirmed&#xD;
        cases of SARS-CoV-2.&#xD;
      </textblock>
    </study_pop>
    <sampling_method>Non-Probability Sample</sampling_method>
    <criteria>
      <textblock>
        ==INCLUSION CRITERIA =========&#xD;
&#xD;
        Negative SARS-CoV-2:&#xD;
&#xD;
          -  Aged 18 years of age or over&#xD;
&#xD;
          -  Negative SARS-CoV-2 result from specimen received at SWLP laboratory in SGHFT&#xD;
&#xD;
        Positive SARS-CoV-2:&#xD;
&#xD;
          -  Aged 18 years of age or over&#xD;
&#xD;
          -  Positive SARS-CoV-2 result from specimen received at SWLP laboratory in SGHFT&#xD;
&#xD;
          -  Requires hospitalisation in SGHFT&#xD;
&#xD;
        HCP with suspected or confirmed SARS-CoV-2:&#xD;
&#xD;
          -  Aged 18 years of age&#xD;
&#xD;
          -  Staff member with positive SARS-CoV-2 result from specimen received at SWLP laboratory&#xD;
             in SGHFT or suspected diagnosis of COVID-19&#xD;
&#xD;
        ==EXCLUSION CRITERIA =========&#xD;
&#xD;
        Negative SARS-CoV-2:&#xD;
&#xD;
          -  Aged less than 18 years&#xD;
&#xD;
          -  Outpatients&#xD;
&#xD;
          -  History of known immune suppression&#xD;
&#xD;
        Positive SARS-CoV-2:&#xD;
&#xD;
          -  Aged less than 18 years&#xD;
&#xD;
          -  Patients unlikely to survive &gt;28 days in view of attending medical team&#xD;
&#xD;
          -  Outpatients&#xD;
&#xD;
          -  Anticipated transfer to another hospital within 72 hours&#xD;
&#xD;
          -  History of known immune suppression&#xD;
&#xD;
        HCP with suspected or confirmed SARS-CoV-2:&#xD;
&#xD;
          -  Aged less than 18 years&#xD;
&#xD;
          -  History of known immune suppression&#xD;
      </textblock>
    </criteria>
    <gender>All</gender>
    <minimum_age>18 Years</minimum_age>
    <maximum_age>N/A</maximum_age>
    <healthy_volunteers>No</healthy_volunteers>
  </eligibility>
  <overall_contact>
    <last_name>Timothy D Planche, Dr.</last_name>
    <phone>02087252683</phone>
    <email>tim.planche@nhs.net</email>
  </overall_contact>
  <location>
    <facility>
      <name>St. Georges Hospital Foundation Trust</name>
      <address>
        <city>London</city>
        <zip>SW17 0RE</zip>
        <country>United Kingdom</country>
      </address>
    </facility>
    <contact>
      <last_name>Timothy D Planche, Dr.</last_name>
      <phone>02087252683</phone>
      <email>tim.planche@nhs.net</email>
    </contact>
  </location>
  <location_countries>
    <country>United Kingdom</country>
  </location_countries>
  <verification_date>April 2020</verification_date>
  <study_first_submitted>April 7, 2020</study_first_submitted>
  <study_first_submitted_qc>April 14, 2020</study_first_submitted_qc>
  <study_first_posted type="Actual">April 17, 2020</study_first_posted>
  <last_update_submitted>April 14, 2020</last_update_submitted>
  <last_update_submitted_qc>April 14, 2020</last_update_submitted_qc>
  <last_update_posted type="Actual">April 17, 2020</last_update_posted>
  <responsible_party>
    <responsible_party_type>Sponsor</responsible_party_type>
  </responsible_party>
  <keyword>SARS-CoV-2</keyword>
  <keyword>COVID-19</keyword>
  <keyword>coronavirus</keyword>
  <!-- Results have not yet been posted for this study                                          -->
</clinical_study>

