<?xml version="1.0" encoding="UTF-8"?>
<clinical_study rank="3826">
  <!-- This xml conforms to an XML Schema at:
    https://clinicaltrials.gov/ct2/html/images/info/public.xsd -->
  <required_header>
    <download_date>ClinicalTrials.gov processed this data on February 18, 2021</download_date>
    <link_text>Link to the current ClinicalTrials.gov record.</link_text>
    <url>https://clinicaltrials.gov/show/NCT04555122</url>
  </required_header>
  <id_info>
    <org_study_id>COVID-Ad</org_study_id>
    <nct_id>NCT04555122</nct_id>
  </id_info>
  <brief_title>COVID-19 Ad Intervention</brief_title>
  <official_title>COVID-19 Ad Intervention for Social Distancing</official_title>
  <sponsors>
    <lead_sponsor>
      <agency>University of California, Irvine</agency>
      <agency_class>Other</agency_class>
    </lead_sponsor>
    <collaborator>
      <agency>City University of Hong Kong</agency>
      <agency_class>Other</agency_class>
    </collaborator>
    <collaborator>
      <agency>University of California, Los Angeles</agency>
      <agency_class>Other</agency_class>
    </collaborator>
  </sponsors>
  <source>University of California, Irvine</source>
  <oversight_info>
    <has_dmc>No</has_dmc>
    <is_fda_regulated_drug>No</is_fda_regulated_drug>
    <is_fda_regulated_device>No</is_fda_regulated_device>
  </oversight_info>
  <brief_summary>
    <textblock>
      This study will provide advertisements to (de-identified) participants and track&#xD;
      (de-identified) movement patterns to learn whether the ads increase adherence to stay-at-home&#xD;
      orders.&#xD;
    </textblock>
  </brief_summary>
  <overall_status>Not yet recruiting</overall_status>
  <start_date type="Anticipated">September 29, 2020</start_date>
  <completion_date type="Anticipated">July 28, 2022</completion_date>
  <primary_completion_date type="Anticipated">May 28, 2022</primary_completion_date>
  <phase>N/A</phase>
  <study_type>Interventional</study_type>
  <has_expanded_access>No</has_expanded_access>
  <study_design_info>
    <allocation>Randomized</allocation>
    <intervention_model>Parallel Assignment</intervention_model>
    <primary_purpose>Other</primary_purpose>
    <masking>Double (Participant, Investigator)</masking>
  </study_design_info>
  <primary_outcome>
    <measure>Mobility</measure>
    <time_frame>7 days</time_frame>
    <description>Amount of time that participants are outside of their primary location/home</description>
  </primary_outcome>
  <number_of_arms>2</number_of_arms>
  <enrollment type="Anticipated">52500</enrollment>
  <condition>Social Distance</condition>
  <arm_group>
    <arm_group_label>Intervention Group</arm_group_label>
    <arm_group_type>Experimental</arm_group_type>
    <description>Advertisements will be sent to participants mobile devices to attempt to increase adherence to stay-at-home orders and social distancing. There are 3 types of advertisements. This will occur for 7 days.</description>
  </arm_group>
  <arm_group>
    <arm_group_label>Control Group</arm_group_label>
    <arm_group_type>No Intervention</arm_group_type>
    <description>Control Group will be people who will not receive any advertisements.</description>
  </arm_group>
  <intervention>
    <intervention_type>Behavioral</intervention_type>
    <intervention_name>Social Distancing Advertisements</intervention_name>
    <description>Participants will receive 3 types of advertisements to increase social distancing/staying at home.</description>
    <arm_group_label>Intervention Group</arm_group_label>
  </intervention>
  <eligibility>
    <criteria>
      <textblock>
        Inclusion Criteria:&#xD;
&#xD;
          -  18 years of age or older (as identified by company running advertisements); recent&#xD;
             visit to a non-essential location; agreed to terms and conditions of websites allowing&#xD;
             advertisements&#xD;
&#xD;
        Exclusion Criteria:&#xD;
&#xD;
        -&#xD;
      </textblock>
    </criteria>
    <gender>All</gender>
    <minimum_age>18 Years</minimum_age>
    <maximum_age>N/A</maximum_age>
    <healthy_volunteers>Accepts Healthy Volunteers</healthy_volunteers>
  </eligibility>
  <overall_contact>
    <last_name>Arjuna Ugarte</last_name>
    <email>predictiontechnology@hs.uci.edu</email>
  </overall_contact>
  <location>
    <facility>
      <name>UC Irvine</name>
      <address>
        <city>Irvine</city>
        <state>California</state>
        <zip>92617</zip>
        <country>United States</country>
      </address>
    </facility>
    <contact>
      <last_name>Arjuna Dugarte</last_name>
      <email>predictiontechnology@hs.uci.edu</email>
    </contact>
  </location>
  <location_countries>
    <country>United States</country>
  </location_countries>
  <verification_date>September 2020</verification_date>
  <study_first_submitted>April 29, 2020</study_first_submitted>
  <study_first_submitted_qc>September 17, 2020</study_first_submitted_qc>
  <study_first_posted type="Actual">September 18, 2020</study_first_posted>
  <last_update_submitted>September 21, 2020</last_update_submitted>
  <last_update_submitted_qc>September 21, 2020</last_update_submitted_qc>
  <last_update_posted type="Actual">September 23, 2020</last_update_posted>
  <responsible_party>
    <responsible_party_type>Principal Investigator</responsible_party_type>
    <investigator_affiliation>University of California, Irvine</investigator_affiliation>
    <investigator_full_name>Sean D Young</investigator_full_name>
    <investigator_title>Associate Professor of Emergency Medicine and Informatics</investigator_title>
  </responsible_party>
  <patient_data>
    <sharing_ipd>No</sharing_ipd>
  </patient_data>
  <!-- Results have not yet been posted for this study                                          -->
</clinical_study>

