<?xml version="1.0" encoding="UTF-8"?>
<clinical_study rank="1882">
  <!-- This xml conforms to an XML Schema at:
    https://clinicaltrials.gov/ct2/html/images/info/public.xsd -->
  <required_header>
    <download_date>ClinicalTrials.gov processed this data on February 18, 2021</download_date>
    <link_text>Link to the current ClinicalTrials.gov record.</link_text>
    <url>https://clinicaltrials.gov/show/NCT04697030</url>
  </required_header>
  <id_info>
    <org_study_id>129</org_study_id>
    <nct_id>NCT04697030</nct_id>
  </id_info>
  <brief_title>Burnout Among Adolescent Population During Covid-19 Lockdown in Pakistan</brief_title>
  <official_title>Behavioral Outcomes Among Adolescent Population During Covid-19 Pandemic Lockdown in Pakistan: A Lower Middle Income Country Experience</official_title>
  <sponsors>
    <lead_sponsor>
      <agency>Sialkott College of Physical Therapy</agency>
      <agency_class>Other</agency_class>
    </lead_sponsor>
  </sponsors>
  <source>Sialkott College of Physical Therapy</source>
  <oversight_info>
    <has_dmc>No</has_dmc>
    <is_fda_regulated_drug>No</is_fda_regulated_drug>
    <is_fda_regulated_device>No</is_fda_regulated_device>
  </oversight_info>
  <brief_summary>
    <textblock>
      The lethal severe acute respiratory syndrome coronavirus 2 (SARS-COV2) which caused the&#xD;
      COVID-19 pandemic starting at the end of 2019 has affected the lives of children and&#xD;
      adolescents globally. world adopted the lockdown to prevent spread of the infection and&#xD;
      protect the population. lockdown suspended out of home activities of almost everyone, along&#xD;
      with health benefits, yielding some side effects as well including burnout. The burnout&#xD;
      includes physical and emotional burnout, physical burnout refers to the lack of interest in&#xD;
      any physical activity to the point of a rebel and the emotional burnout of teenagers refers&#xD;
      to a syndrome including features such as behavior changes, thinking change, feeling change,&#xD;
      health change leading to stress and other pathological disturbances. Together the external&#xD;
      and internal factors lead to overall personality destruction.&#xD;
&#xD;
      It was an observational study with a sample size of 443 participants.&#xD;
    </textblock>
  </brief_summary>
  <detailed_description>
    <textblock>
      Objective of the study was to analyze the change in behavioral patterns, its impact, and peer&#xD;
      pressure caused by lockdown during Pandemic COVID-19 among the adolescent population of&#xD;
      Sialkot Pakistan.&#xD;
&#xD;
      It was an observational study with a sample size of 443 participants. The study was conducted&#xD;
      after ethical approval by Institutional Review Board, Sialkot college of Physical Therapy&#xD;
      wide Reference no. SCPT-IRB-DPT-129-2020 dated 01-09-2020. Data were collected from different&#xD;
      institutions in Sialkot, Pakistan. The target population of our study was adolescents of age&#xD;
      13-19 years. Regression analysis was done to find the predictor factors mobile use and&#xD;
      COVID-19 lockdown on the dependent variable the Burnout score. The correlation was applied&#xD;
      among mobile phone use, lockdown, and burnout score.&#xD;
    </textblock>
  </detailed_description>
  <overall_status>Completed</overall_status>
  <start_date type="Actual">September 15, 2020</start_date>
  <completion_date type="Actual">December 22, 2020</completion_date>
  <primary_completion_date type="Actual">October 15, 2020</primary_completion_date>
  <study_type>Observational</study_type>
  <has_expanded_access>No</has_expanded_access>
  <study_design_info>
    <observational_model>Other</observational_model>
    <time_perspective>Cross-Sectional</time_perspective>
  </study_design_info>
  <primary_outcome>
    <measure>Burnout Rating Scale</measure>
    <time_frame>data were collected within one month after six month stay at home during Covid-19 l-Lockdown.</time_frame>
    <description>Burnout Rating Scale total score ranges from 0-50, the higher the score more will be the risk and vice versa.</description>
  </primary_outcome>
  <enrollment type="Actual">443</enrollment>
  <condition>Burnout, Psychological</condition>
  <condition>Covid-19 Pandemic</condition>
  <eligibility>
    <study_pop>
      <textblock>
        this study was conducted on adolescent population of students.&#xD;
      </textblock>
    </study_pop>
    <sampling_method>Probability Sample</sampling_method>
    <criteria>
      <textblock>
        Inclusion Criteria:&#xD;
&#xD;
          -  students of the above age group who started to go to the school/ colleges/&#xD;
             university/Academies.&#xD;
&#xD;
          -  those who consent to participate in the study.&#xD;
&#xD;
        Exclusion Criteria:&#xD;
&#xD;
          -  students who were unable to visit their institution and stayed at home.&#xD;
      </textblock>
    </criteria>
    <gender>All</gender>
    <minimum_age>13 Years</minimum_age>
    <maximum_age>19 Years</maximum_age>
    <healthy_volunteers>No</healthy_volunteers>
  </eligibility>
  <overall_official>
    <last_name>Wajida Perveen, MS-OMPT</last_name>
    <role>Study Director</role>
    <affiliation>Sialkot College of Physical Therapy</affiliation>
  </overall_official>
  <overall_official>
    <last_name>Ijaz Amin, MS-Ortho</last_name>
    <role>Study Chair</role>
    <affiliation>Sialkot College of Physical Therapy</affiliation>
  </overall_official>
  <overall_official>
    <last_name>Roha Asif, PhD*</last_name>
    <role>Study Director</role>
    <affiliation>Sialkot College of Physical Therapy</affiliation>
  </overall_official>
  <location>
    <facility>
      <name>Sialkot College of Physical Therapy, Amin Welfare &amp; Teaching Hospital</name>
      <address>
        <city>Sialkot</city>
        <state>Punjab</state>
        <zip>51310</zip>
        <country>Pakistan</country>
      </address>
    </facility>
  </location>
  <location_countries>
    <country>Pakistan</country>
  </location_countries>
  <verification_date>January 2021</verification_date>
  <study_first_submitted>December 31, 2020</study_first_submitted>
  <study_first_submitted_qc>January 4, 2021</study_first_submitted_qc>
  <study_first_posted type="Actual">January 6, 2021</study_first_posted>
  <last_update_submitted>January 4, 2021</last_update_submitted>
  <last_update_submitted_qc>January 4, 2021</last_update_submitted_qc>
  <last_update_posted type="Actual">January 6, 2021</last_update_posted>
  <responsible_party>
    <responsible_party_type>Principal Investigator</responsible_party_type>
    <investigator_affiliation>Sialkott College of Physical Therapy</investigator_affiliation>
    <investigator_full_name>Wajida Perveen</investigator_full_name>
    <investigator_title>Head of Physical Therapy Department.</investigator_title>
  </responsible_party>
  <keyword>adolescent Population</keyword>
  <keyword>Covid-19 Pandemic</keyword>
  <keyword>Burnout</keyword>
  <keyword>Mental Health</keyword>
  <condition_browse>
    <!-- CAUTION:  The following MeSH terms are assigned with an imperfect algorithm            -->
    <mesh_term>Burnout, Psychological</mesh_term>
  </condition_browse>
  <patient_data>
    <sharing_ipd>No</sharing_ipd>
  </patient_data>
  <!-- Results have not yet been posted for this study                                          -->
</clinical_study>

