<?xml version="1.0" encoding="UTF-8"?>
<clinical_study rank="510">
  <!-- This xml conforms to an XML Schema at:
    https://clinicaltrials.gov/ct2/html/images/info/public.xsd -->
  <required_header>
    <download_date>ClinicalTrials.gov processed this data on February 18, 2021</download_date>
    <link_text>Link to the current ClinicalTrials.gov record.</link_text>
    <url>https://clinicaltrials.gov/show/NCT04390594</url>
  </required_header>
  <id_info>
    <org_study_id>2020-002</org_study_id>
    <nct_id>NCT04390594</nct_id>
  </id_info>
  <brief_title>Efficacy and Safety Evaluation of Treatment Regimens in Adult COVID-19 Patients in Senegal</brief_title>
  <acronym>SEN-CoV-Fadj</acronym>
  <official_title>Multicentre, Open Label, Randomised, Adaptative Clinical Trial of Efficacy and Safety of Treatment Regimens in Adult COVID-19 Patients in Senegal</official_title>
  <sponsors>
    <lead_sponsor>
      <agency>Institut Pasteur de Dakar</agency>
      <agency_class>Other</agency_class>
    </lead_sponsor>
    <collaborator>
      <agency>Fann Hospital, Senegal</agency>
      <agency_class>Other</agency_class>
    </collaborator>
    <collaborator>
      <agency>Ministry of Health, Senegal</agency>
      <agency_class>Other</agency_class>
    </collaborator>
    <collaborator>
      <agency>Diamniadio Children Hospital, Senegal</agency>
      <agency_class>Other</agency_class>
    </collaborator>
    <collaborator>
      <agency>Dalal Jamm Hospital, Senegal</agency>
      <agency_class>Other</agency_class>
    </collaborator>
    <collaborator>
      <agency>Institut Pasteur Korea</agency>
      <agency_class>Other</agency_class>
    </collaborator>
  </sponsors>
  <source>Institut Pasteur de Dakar</source>
  <oversight_info>
    <has_dmc>Yes</has_dmc>
    <is_fda_regulated_drug>No</is_fda_regulated_drug>
    <is_fda_regulated_device>No</is_fda_regulated_device>
  </oversight_info>
  <brief_summary>
    <textblock>
      COVID-19 is an emerging pandemic disease affecting most countries including Senegal, caused&#xD;
      by the new coronavirus (SARS-CoV-2) which was first detected in the city of Wuhan in China in&#xD;
      December 2019. A rapid spread of the disease has occurred at a global scale, associated with&#xD;
      a mortality rate of 3.4%. The first case in Africa was declared on February 15, 2020 in Egypt&#xD;
      and the first case in Senegal was declared on March 2nd, 2020.&#xD;
&#xD;
      In this context, the SEN-CoV-Fadj clinical trial aims to evaluate efficacy and safety, among&#xD;
      adults, of different therapeutic regimens considered optimal according to current knowledge,&#xD;
      as well as available and adapted to Sub-Saharan Africa. This trial is nested into a cohort of&#xD;
      confirmed cases of COVID-19 in Senegal aiming to understand the main clinical, biological,&#xD;
      virologic and immunological characteristics of the infection. The protocol of the cohort is&#xD;
      based and adapted from the International Severe Acute Respiratory and Emerging Infection&#xD;
      Consortium (ISARIC) / World Health Organization (WHO) Clinical Characterisation Protocol&#xD;
      (CCP).&#xD;
&#xD;
      The Nafamostat mesilate, whose antiviral, anticoagulant an anti-inflammatory activities have&#xD;
      been shown, has been eligible for SEN-CoV-Fadj for the treatment of moderate to severe&#xD;
      COVID-19 cases.&#xD;
    </textblock>
  </brief_summary>
  <detailed_description>
    <textblock>
      COVID-19 is an emerging pandemic disease affecting most countries including Senegal, caused&#xD;
      by the new coronavirus (SARS-CoV-2) which was first detected in the city of Wuhan in China in&#xD;
      December 2019. A rapid spread of the disease has occurred at a global scale, associated with&#xD;
      a mortality rate of 3.4%. The first case in Africa was declared on February 15, 2020 in Egypt&#xD;
      and the first case in Senegal was declared on March 2nd, 2020.&#xD;
&#xD;
      In this context, the SEN-CoV-Fadj clinical trial aims to evaluate efficacy and tolerance,&#xD;
      among adults, of different therapeutic options considered optimal according to current&#xD;
      knowledge, as well as available and adapted to Sub-Saharan Africa. This trial is nested into&#xD;
      a cohort of confirmed cases of COVID-19 in Senegal aiming to understand the main clinical,&#xD;
      biological, virologic and immunological characteristics of the infection. The protocol of the&#xD;
      cohort is based and adapted from the International Severe Acute Respiratory and Emerging&#xD;
      Infection Consortium (ISARIC) / World Health Organization (WHO) Clinical Characterisation&#xD;
      Protocol (CCP).&#xD;
&#xD;
      The Nafamostat mesilate, whose antiviral, anticoagulant an anti-inflammatory activities have&#xD;
      been shown, has been eligible for SEN-CoV-Fadj for the treatment of moderate to severe&#xD;
      COVID-19 cases. Its efficacy and safety will be evaluated against the standard of care used&#xD;
      in Senegal.&#xD;
&#xD;
      The primary objective is to :&#xD;
&#xD;
      Evaluate and compare viral clearance between the different therapeutic interventions.&#xD;
&#xD;
      The secondary objectives are to:&#xD;
&#xD;
        -  Evaluate and compare efficacy of the different therapeutic regimens&#xD;
&#xD;
        -  Evaluate and compare the tolerance of the different therapeutic regimens&#xD;
&#xD;
        -  Evaluate and compare the impact of the different therapeutic interventions on the length&#xD;
           of hospitalization and other clinical measurements&#xD;
    </textblock>
  </detailed_description>
  <overall_status>Recruiting</overall_status>
  <start_date type="Actual">August 13, 2020</start_date>
  <completion_date type="Anticipated">August 12, 2021</completion_date>
  <primary_completion_date type="Anticipated">February 12, 2021</primary_completion_date>
  <phase>Phase 3</phase>
  <study_type>Interventional</study_type>
  <has_expanded_access>No</has_expanded_access>
  <study_design_info>
    <allocation>Randomized</allocation>
    <intervention_model>Parallel Assignment</intervention_model>
    <primary_purpose>Treatment</primary_purpose>
    <masking>None (Open Label)</masking>
  </study_design_info>
  <primary_outcome>
    <measure>SARS-CoV-2 viral load level</measure>
    <time_frame>Day 7</time_frame>
    <description>Real time-PCR (RT-PCR) result of the naso- and oro-pharyngeal sample</description>
  </primary_outcome>
  <secondary_outcome>
    <measure>Vital status</measure>
    <time_frame>Day 15</time_frame>
  </secondary_outcome>
  <secondary_outcome>
    <measure>Proportion of patients with serious adverse events reported during the clinical trial.</measure>
    <time_frame>through study completion, an average of 7 months</time_frame>
  </secondary_outcome>
  <secondary_outcome>
    <measure>Length of hospitalization</measure>
    <time_frame>through hospitalization, an average of 2 weeks</time_frame>
  </secondary_outcome>
  <secondary_outcome>
    <measure>Length of hospitalization in a resuscitation unit</measure>
    <time_frame>through hospitalization, an average of 2 weeks</time_frame>
  </secondary_outcome>
  <secondary_outcome>
    <measure>Duration of oxygen therapy</measure>
    <time_frame>through hospitalization, an average of 2 weeks</time_frame>
  </secondary_outcome>
  <secondary_outcome>
    <measure>Maximum quick SOFA (qSOFA) score during hospitalisation</measure>
    <time_frame>through hospitalization, an average of 2 weeks</time_frame>
  </secondary_outcome>
  <secondary_outcome>
    <measure>Clinical status on the seven-category ordinal scale</measure>
    <time_frame>through hospitalization, an average of 2 weeks</time_frame>
    <description>not hospitalized with resumption of normal activities;&#xD;
not hospitalized, but unable to resume normal activities;&#xD;
hospitalization, not requiring supplemental oxygen;&#xD;
hospitalization, requiring supplemental oxygen;&#xD;
hospitalization, requiring nasal high-flow oxygen therapy and/or noninvasive mechanical ventilation;&#xD;
hospitalization, requiring extracorporeal membrane oxygenation and/or invasive mechanical ventilation;&#xD;
death.</description>
  </secondary_outcome>
  <number_of_arms>2</number_of_arms>
  <enrollment type="Anticipated">186</enrollment>
  <condition>COVID-19</condition>
  <arm_group>
    <arm_group_label>Standard of Care</arm_group_label>
    <arm_group_type>No Intervention</arm_group_type>
    <description>The Standard of Care is the treatment which is the most adapted to the patient in the clinician's opinion. It could include the combination of Hydroxychloroquine and Azithromycin in the absence of contraindication.</description>
  </arm_group>
  <arm_group>
    <arm_group_label>Standard of Care + Nafamostat mesilate</arm_group_label>
    <arm_group_type>Experimental</arm_group_type>
    <description>The Standard of Care is the treatment which is the most adapted to the patient in the clinician's opinion. It could include the combination of Hydroxychloroquine and Azithromycin in the absence of contraindication.&#xD;
Nafamostat mesilate</description>
  </arm_group>
  <intervention>
    <intervention_type>Drug</intervention_type>
    <intervention_name>Nafamostat Mesilate</intervention_name>
    <description>Nafamostat mesilate continuous intravenous injection. Daily dose ranging between 0.1 mg/kg/h and 0.2 mg/kg/h, based on the severity and underlying disease of the clinical trial participant.&#xD;
Administration for 10-14 days based on the severity and underlying disease of the clinical trial participant</description>
    <arm_group_label>Standard of Care + Nafamostat mesilate</arm_group_label>
  </intervention>
  <eligibility>
    <criteria>
      <textblock>
        Inclusion Criteria:&#xD;
&#xD;
          -  Confirmed cases of SARS-CoV-2 infection hospitalized in reference services identified&#xD;
             by the Ministry of Health and Social Action of Senegal&#xD;
&#xD;
          -  Adults (≥18 years)&#xD;
&#xD;
          -  Full understanding and consent to participate to the trial&#xD;
&#xD;
          -  No contraindications to taking the tested treatments&#xD;
&#xD;
          -  Clinical status from 3 to 5 on the seven-category ordinal scale&#xD;
&#xD;
          -  Pneumonia highlighted by infiltration of the lungs by chest CT scan or chest&#xD;
             radiography&#xD;
&#xD;
          -  Absence of contraindications to radiographic examinations (X-ray and/or CT scan) for&#xD;
             diagnosis and/or follow-up&#xD;
&#xD;
          -  Inclusion in the 72 hours following the radiological pneumonia confirmation&#xD;
&#xD;
        Non-inclusion Criteria:&#xD;
&#xD;
          -  Pregnant or breastfeeding woman&#xD;
&#xD;
          -  Patient at high risk of death within 3 days of inclusion, in the clinician's opinion&#xD;
&#xD;
          -  Corrected QT interval (QTc) &gt;500ms&#xD;
&#xD;
          -  Heart electrical dysfunction: atrioventricular block Mobitz type II second-degree,&#xD;
             high-grade or complete without a functioning pacemaker&#xD;
&#xD;
          -  Uncontrolled and clinically significant heart diseases, such as arrhythmia, angina or&#xD;
             decompensated congestive heart failure&#xD;
&#xD;
          -  Kidney failure (Cl &lt; 30 mL/min)&#xD;
&#xD;
          -  Patients with liver cirrhosis whose Child-Puch score is B or C&#xD;
&#xD;
          -  Patients who have liver disease abnormalities with ALT or AST &gt; 5 times ULN&#xD;
&#xD;
          -  Patients who have a known HIV status&#xD;
&#xD;
          -  Patients who have other clinically-important diseases in decompensation which may&#xD;
             interfere with the evaluation or completion of the tested treatment's procedure, in&#xD;
             the clinician's opinion&#xD;
&#xD;
          -  Patients with a clinical or psychological condition which, in the clinician's opinion,&#xD;
             does not allow adequate evaluation of the tested treatment&#xD;
&#xD;
          -  Known allergy to the studied treatment regimen&#xD;
&#xD;
          -  Other contraindications with the studied treatment regimen&#xD;
&#xD;
          -  Known drug-drug interaction with a treatment usually taken by the participant&#xD;
             contraindicating one of the studied treatment regimen&#xD;
      </textblock>
    </criteria>
    <gender>All</gender>
    <minimum_age>18 Years</minimum_age>
    <maximum_age>N/A</maximum_age>
    <healthy_volunteers>No</healthy_volunteers>
  </eligibility>
  <overall_official>
    <last_name>Moussa Seydi, MD</last_name>
    <role>Principal Investigator</role>
    <affiliation>Fann Hospital, Senegal</affiliation>
  </overall_official>
  <overall_official>
    <last_name>Amadou A. Sall, PhD</last_name>
    <role>Study Director</role>
    <affiliation>Institut Pasteur de Dakar, Senegal</affiliation>
  </overall_official>
  <overall_official>
    <last_name>Fabien Taieb, MD, PhD</last_name>
    <role>Principal Investigator</role>
    <affiliation>Institut Pasteur de Dakar, Senegal</affiliation>
  </overall_official>
  <overall_contact>
    <last_name>Fabien Taieb, MD, PhD</last_name>
    <phone>00221770979235</phone>
    <email>Fabien.taieb@pasteur.sn</email>
  </overall_contact>
  <overall_contact_backup>
    <last_name>Moussa Seydi, MD</last_name>
    <phone>002218691881</phone>
    <email>seydim@u.washington.edu</email>
  </overall_contact_backup>
  <location>
    <facility>
      <name>Infectious and Tropical Diseases Department, Fann Hospital</name>
      <address>
        <city>Dakar</city>
        <country>Senegal</country>
      </address>
    </facility>
    <status>Recruiting</status>
    <contact>
      <last_name>Moussa Seydi, MD</last_name>
      <phone>002218691881</phone>
      <email>seydim@u.washington.edu</email>
    </contact>
    <contact_backup>
      <last_name>Aissatou Lakhe, MD</last_name>
      <phone>00221775417301</phone>
      <email>aissatoulakhe@gmail.com</email>
    </contact_backup>
    <investigator>
      <last_name>Khardiata D. Mbaye, MD</last_name>
      <role>Sub-Investigator</role>
    </investigator>
    <investigator>
      <last_name>Aissatou Lakhe, MD</last_name>
      <role>Sub-Investigator</role>
    </investigator>
    <investigator>
      <last_name>Pape S. Ba, MD</last_name>
      <role>Sub-Investigator</role>
    </investigator>
    <investigator>
      <last_name>Louise Fortes, MD</last_name>
      <role>Sub-Investigator</role>
    </investigator>
    <investigator>
      <last_name>Maguette N. Fall, MD</last_name>
      <role>Sub-Investigator</role>
    </investigator>
    <investigator>
      <last_name>Oumar Kane, MD</last_name>
      <role>Sub-Investigator</role>
    </investigator>
    <investigator>
      <last_name>Papa M. Gueye, Pharmacist</last_name>
      <role>Sub-Investigator</role>
    </investigator>
  </location>
  <location>
    <facility>
      <name>Diamniadio Children Hospital</name>
      <address>
        <city>Diamniadio</city>
        <country>Senegal</country>
      </address>
    </facility>
    <status>Not yet recruiting</status>
    <contact>
      <last_name>Maguette N. Fall, MD</last_name>
      <phone>00221777098736</phone>
      <email>maguifall4@gmail.com</email>
    </contact>
    <contact_backup>
      <last_name>Aissatou Lakhe, MD</last_name>
      <phone>00221775417301</phone>
      <email>aissatoulakhe@gmail.com</email>
    </contact_backup>
    <investigator>
      <last_name>Maguette N. Fall, MD</last_name>
      <role>Sub-Investigator</role>
    </investigator>
    <investigator>
      <last_name>Aissatou Lakhe, MD</last_name>
      <role>Sub-Investigator</role>
    </investigator>
    <investigator>
      <last_name>Pape S. Ba, MD</last_name>
      <role>Sub-Investigator</role>
    </investigator>
  </location>
  <location>
    <facility>
      <name>Dalal Jamm Hospital</name>
      <address>
        <city>Guédiawaye</city>
        <country>Senegal</country>
      </address>
    </facility>
    <status>Not yet recruiting</status>
    <contact>
      <last_name>Louise Fortes, MD</last_name>
      <phone>00221775595333</phone>
      <email>louisefortes@yahoo.fr</email>
    </contact>
    <contact_backup>
      <last_name>Fatou SD Ndiaye, MD</last_name>
      <email>kinepierre1@gmail.com</email>
    </contact_backup>
    <investigator>
      <last_name>Louise Fortes, MD</last_name>
      <role>Sub-Investigator</role>
    </investigator>
    <investigator>
      <last_name>Fatou SD Ndiaye, MD</last_name>
      <role>Sub-Investigator</role>
    </investigator>
    <investigator>
      <last_name>Abdoul Kane, MD</last_name>
      <role>Sub-Investigator</role>
    </investigator>
    <investigator>
      <last_name>Aissatou Lakhe, MD</last_name>
      <role>Sub-Investigator</role>
    </investigator>
    <investigator>
      <last_name>Pape S. Ba, MD</last_name>
      <role>Sub-Investigator</role>
    </investigator>
  </location>
  <location_countries>
    <country>Senegal</country>
  </location_countries>
  <verification_date>September 2020</verification_date>
  <study_first_submitted>May 14, 2020</study_first_submitted>
  <study_first_submitted_qc>May 14, 2020</study_first_submitted_qc>
  <study_first_posted type="Actual">May 15, 2020</study_first_posted>
  <last_update_submitted>September 3, 2020</last_update_submitted>
  <last_update_submitted_qc>September 3, 2020</last_update_submitted_qc>
  <last_update_posted type="Actual">September 7, 2020</last_update_posted>
  <responsible_party>
    <responsible_party_type>Sponsor</responsible_party_type>
  </responsible_party>
  <keyword>COVID-19</keyword>
  <keyword>SARS-CoV-2</keyword>
  <keyword>Efficacy</keyword>
  <keyword>Safety</keyword>
  <keyword>Senegal</keyword>
  <keyword>Nafamostat mesilate</keyword>
  <intervention_browse>
    <!-- CAUTION:  The following MeSH terms are assigned with an imperfect algorithm            -->
    <mesh_term>Nafamostat</mesh_term>
  </intervention_browse>
  <patient_data>
    <sharing_ipd>Undecided</sharing_ipd>
  </patient_data>
  <!-- Results have not yet been posted for this study                                          -->
</clinical_study>

